[0m02:57:00.228001 [debug] [MainThread]: Sending event: {'category': 'dbt', 'action': 'invocation', 'label': 'start', 'context': [<snowplow_tracker.self_describing_json.SelfDescribingJson object at 0x7a767e716f90>, <snowplow_tracker.self_describing_json.SelfDescribingJson object at 0x7a767e716fd0>, <snowplow_tracker.self_describing_json.SelfDescribingJson object at 0x7a767e7156d0>]}


============================== 02:57:00.232294 | 43638010-dba2-49c6-8a3f-3c5a11abb08a ==============================
[0m02:57:00.232294 [info ] [MainThread]: Running with dbt=1.8.9
[0m02:57:00.232656 [debug] [MainThread]: running dbt with arguments {'printer_width': '80', 'indirect_selection': 'eager', 'log_cache_events': 'False', 'write_json': 'True', 'partial_parse': 'True', 'cache_selected_only': 'False', 'profiles_dir': '/usr/app/dbt', 'fail_fast': 'False', 'warn_error': 'None', 'log_path': '/usr/app/dbt/logs', 'version_check': 'True', 'debug': 'False', 'use_colors': 'True', 'use_experimental_parser': 'False', 'no_print': 'None', 'quiet': 'False', 'empty': 'None', 'log_format': 'default', 'static_parser': 'True', 'invocation_command': 'dbt deps', 'introspect': 'True', 'target_path': 'None', 'warn_error_options': 'WarnErrorOptions(include=[], exclude=[])', 'send_anonymous_usage_stats': 'True'}
[0m02:57:00.293633 [debug] [MainThread]: Sending event: {'category': 'dbt', 'action': 'project_id', 'label': '43638010-dba2-49c6-8a3f-3c5a11abb08a', 'context': [<snowplow_tracker.self_describing_json.SelfDescribingJson object at 0x7a767e85cb90>]}
[0m02:57:00.303535 [debug] [MainThread]: Set downloads directory='/tmp/dbt-downloads-1gils9nl'
[0m02:57:00.303946 [debug] [MainThread]: Making package index registry request: GET https://hub.getdbt.com/api/v1/index.json
[0m02:57:00.583656 [debug] [MainThread]: Response from registry index: GET https://hub.getdbt.com/api/v1/index.json 200
[0m02:57:00.584679 [debug] [MainThread]: Making package registry request: GET https://hub.getdbt.com/api/v1/dbt-labs/dbt_utils.json
[0m02:57:00.608940 [debug] [MainThread]: Response from registry: GET https://hub.getdbt.com/api/v1/dbt-labs/dbt_utils.json 200
[0m02:57:00.618156 [info ] [MainThread]: Updating lock file in file path: /usr/app/dbt/package-lock.yml
[0m02:57:00.619485 [debug] [MainThread]: Set downloads directory='/tmp/dbt-downloads-te4kjmrr'
[0m02:57:00.621809 [info ] [MainThread]: Installing dbt-labs/dbt_utils
[0m02:57:01.875356 [info ] [MainThread]: Installed from version 1.3.3
[0m02:57:01.875737 [info ] [MainThread]: Up to date!
[0m02:57:01.875976 [debug] [MainThread]: Sending event: {'category': 'dbt', 'action': 'package', 'label': '43638010-dba2-49c6-8a3f-3c5a11abb08a', 'property_': 'install', 'context': [<snowplow_tracker.self_describing_json.SelfDescribingJson object at 0x7a767e74b1d0>, <snowplow_tracker.self_describing_json.SelfDescribingJson object at 0x7a767fd8db90>]}
[0m02:57:01.876828 [debug] [MainThread]: Resource report: {"command_name": "deps", "command_success": true, "command_wall_clock_time": 1.6791114, "process_in_blocks": "144", "process_kernel_time": 0.097096, "process_mem_max_rss": "105528", "process_out_blocks": "5048", "process_user_time": 1.001997}
[0m02:57:01.877145 [debug] [MainThread]: Command `dbt deps` succeeded at 02:57:01.877078 after 1.68 seconds
[0m02:57:01.877355 [debug] [MainThread]: Sending event: {'category': 'dbt', 'action': 'invocation', 'label': 'end', 'context': [<snowplow_tracker.self_describing_json.SelfDescribingJson object at 0x7a767e85d190>, <snowplow_tracker.self_describing_json.SelfDescribingJson object at 0x7a767e85cb10>, <snowplow_tracker.self_describing_json.SelfDescribingJson object at 0x7a767ea68810>]}
[0m02:57:01.877591 [debug] [MainThread]: Flushing usage events
[0m02:57:04.183072 [debug] [MainThread]: Sending event: {'category': 'dbt', 'action': 'invocation', 'label': 'start', 'context': [<snowplow_tracker.self_describing_json.SelfDescribingJson object at 0x74ab49bc6e90>, <snowplow_tracker.self_describing_json.SelfDescribingJson object at 0x74ab49cc9950>, <snowplow_tracker.self_describing_json.SelfDescribingJson object at 0x74ab49bc6650>]}


============================== 02:57:04.185048 | 5a93ca8b-b5ad-40ba-97a1-5b08e9ed7dea ==============================
[0m02:57:04.185048 [info ] [MainThread]: Running with dbt=1.8.9
[0m02:57:04.185445 [debug] [MainThread]: running dbt with arguments {'printer_width': '80', 'indirect_selection': 'eager', 'write_json': 'True', 'log_cache_events': 'False', 'partial_parse': 'True', 'cache_selected_only': 'False', 'warn_error': 'None', 'fail_fast': 'False', 'debug': 'False', 'log_path': '/usr/app/dbt/logs', 'profiles_dir': '/usr/app/dbt', 'version_check': 'True', 'use_colors': 'True', 'use_experimental_parser': 'False', 'no_print': 'None', 'quiet': 'False', 'empty': 'None', 'log_format': 'default', 'introspect': 'True', 'invocation_command': 'dbt seed --full-refresh', 'static_parser': 'True', 'target_path': 'None', 'warn_error_options': 'WarnErrorOptions(include=[], exclude=[])', 'send_anonymous_usage_stats': 'True'}
[0m02:57:04.317359 [debug] [MainThread]: Sending event: {'category': 'dbt', 'action': 'project_id', 'label': '5a93ca8b-b5ad-40ba-97a1-5b08e9ed7dea', 'context': [<snowplow_tracker.self_describing_json.SelfDescribingJson object at 0x74ab3ffb7450>]}
[0m02:57:04.351217 [debug] [MainThread]: Sending event: {'category': 'dbt', 'action': 'adapter_info', 'label': '5a93ca8b-b5ad-40ba-97a1-5b08e9ed7dea', 'context': [<snowplow_tracker.self_describing_json.SelfDescribingJson object at 0x74ab4c196e50>]}
[0m02:57:04.352240 [info ] [MainThread]: Registered adapter: duckdb=1.8.4
[0m02:57:04.403483 [debug] [MainThread]: checksum: 132857a23e9d07220246854f7763165174ce9b737cfc7867629ace4294e520b1, vars: {}, profile: , target: , version: 1.8.9
[0m02:57:04.403919 [info ] [MainThread]: Unable to do partial parsing because saved manifest not found. Starting full parse.
[0m02:57:04.404166 [debug] [MainThread]: Sending event: {'category': 'dbt', 'action': 'partial_parser', 'label': '5a93ca8b-b5ad-40ba-97a1-5b08e9ed7dea', 'context': [<snowplow_tracker.self_describing_json.SelfDescribingJson object at 0x74ab49c27a90>]}
[0m02:57:05.399407 [debug] [MainThread]: Sending event: {'category': 'dbt', 'action': 'load_project', 'label': '5a93ca8b-b5ad-40ba-97a1-5b08e9ed7dea', 'context': [<snowplow_tracker.self_describing_json.SelfDescribingJson object at 0x74ab3fd1ab90>]}
[0m02:57:05.468757 [debug] [MainThread]: Sending event: {'category': 'dbt', 'action': 'resource_counts', 'label': '5a93ca8b-b5ad-40ba-97a1-5b08e9ed7dea', 'context': [<snowplow_tracker.self_describing_json.SelfDescribingJson object at 0x74ab3cae7d10>]}
[0m02:57:05.469079 [info ] [MainThread]: Found 7 models, 6 seeds, 40 data tests, 542 macros
[0m02:57:05.469293 [debug] [MainThread]: Sending event: {'category': 'dbt', 'action': 'runnable_timing', 'label': '5a93ca8b-b5ad-40ba-97a1-5b08e9ed7dea', 'context': [<snowplow_tracker.self_describing_json.SelfDescribingJson object at 0x74ab3c902dd0>]}
[0m02:57:05.470922 [info ] [MainThread]: 
[0m02:57:05.471313 [debug] [MainThread]: Acquiring new duckdb connection 'master'
[0m02:57:05.475064 [debug] [ThreadPool]: Acquiring new duckdb connection 'list_practice'
[0m02:57:05.497802 [debug] [ThreadPool]: Using duckdb connection "list_practice"
[0m02:57:05.498031 [debug] [ThreadPool]: On list_practice: /* {"app": "dbt", "dbt_version": "1.8.9", "profile_name": "sql_practice", "target_name": "dev", "connection_name": "list_practice"} */

    
    select schema_name
    from system.information_schema.schemata
    
    where catalog_name = '"practice"'
    
  
  
[0m02:57:05.498185 [debug] [ThreadPool]: Opening a new connection, currently in state init
[0m02:57:05.508442 [debug] [ThreadPool]: SQL status: OK in 0.010 seconds
[0m02:57:05.509313 [debug] [ThreadPool]: On list_practice: Close
[0m02:57:05.510869 [debug] [ThreadPool]: Re-using an available connection from the pool (formerly list_practice, now create_practice_main)
[0m02:57:05.511172 [debug] [ThreadPool]: Creating schema "database: "practice"
schema: "main"
"
[0m02:57:05.515613 [debug] [ThreadPool]: Using duckdb connection "create_practice_main"
[0m02:57:05.515839 [debug] [ThreadPool]: On create_practice_main: /* {"app": "dbt", "dbt_version": "1.8.9", "profile_name": "sql_practice", "target_name": "dev", "connection_name": "create_practice_main"} */

    
        select type from duckdb_databases()
        where database_name='practice'
        and type='sqlite'
    
  
[0m02:57:05.516002 [debug] [ThreadPool]: Opening a new connection, currently in state closed
[0m02:57:05.523799 [debug] [ThreadPool]: SQL status: OK in 0.008 seconds
[0m02:57:05.524732 [debug] [ThreadPool]: Using duckdb connection "create_practice_main"
[0m02:57:05.524924 [debug] [ThreadPool]: On create_practice_main: BEGIN
[0m02:57:05.525278 [debug] [ThreadPool]: SQL status: OK in 0.000 seconds
[0m02:57:05.525445 [debug] [ThreadPool]: Using duckdb connection "create_practice_main"
[0m02:57:05.525587 [debug] [ThreadPool]: On create_practice_main: /* {"app": "dbt", "dbt_version": "1.8.9", "profile_name": "sql_practice", "target_name": "dev", "connection_name": "create_practice_main"} */

    
    
        create schema if not exists "practice"."main"
    
[0m02:57:05.525929 [debug] [ThreadPool]: SQL status: OK in 0.000 seconds
[0m02:57:05.526461 [debug] [ThreadPool]: On create_practice_main: COMMIT
[0m02:57:05.526625 [debug] [ThreadPool]: Using duckdb connection "create_practice_main"
[0m02:57:05.526765 [debug] [ThreadPool]: On create_practice_main: COMMIT
[0m02:57:05.527012 [debug] [ThreadPool]: SQL status: OK in 0.000 seconds
[0m02:57:05.527175 [debug] [ThreadPool]: On create_practice_main: Close
[0m02:57:05.529386 [debug] [ThreadPool]: Re-using an available connection from the pool (formerly create_practice_main, now list_practice_main)
[0m02:57:05.532994 [debug] [ThreadPool]: Using duckdb connection "list_practice_main"
[0m02:57:05.533195 [debug] [ThreadPool]: On list_practice_main: BEGIN
[0m02:57:05.533383 [debug] [ThreadPool]: Opening a new connection, currently in state closed
[0m02:57:05.540719 [debug] [ThreadPool]: SQL status: OK in 0.007 seconds
[0m02:57:05.540949 [debug] [ThreadPool]: Using duckdb connection "list_practice_main"
[0m02:57:05.541134 [debug] [ThreadPool]: On list_practice_main: /* {"app": "dbt", "dbt_version": "1.8.9", "profile_name": "sql_practice", "target_name": "dev", "connection_name": "list_practice_main"} */
select
      'practice' as database,
      table_name as name,
      table_schema as schema,
      CASE table_type
        WHEN 'BASE TABLE' THEN 'table'
        WHEN 'VIEW' THEN 'view'
        WHEN 'LOCAL TEMPORARY' THEN 'table'
        END as type
    from system.information_schema.tables
    where table_schema = 'main'
    and table_catalog = 'practice'
  
[0m02:57:05.543292 [debug] [ThreadPool]: SQL status: OK in 0.002 seconds
[0m02:57:05.544279 [debug] [ThreadPool]: On list_practice_main: ROLLBACK
[0m02:57:05.544713 [debug] [ThreadPool]: Failed to rollback 'list_practice_main'
[0m02:57:05.544885 [debug] [ThreadPool]: On list_practice_main: Close
[0m02:57:05.546406 [debug] [MainThread]: Sending event: {'category': 'dbt', 'action': 'runnable_timing', 'label': '5a93ca8b-b5ad-40ba-97a1-5b08e9ed7dea', 'context': [<snowplow_tracker.self_describing_json.SelfDescribingJson object at 0x74ab3cbcf550>]}
[0m02:57:05.546720 [debug] [MainThread]: Using duckdb connection "master"
[0m02:57:05.546891 [debug] [MainThread]: On master: BEGIN
[0m02:57:05.547035 [debug] [MainThread]: Opening a new connection, currently in state init
[0m02:57:05.555027 [debug] [MainThread]: SQL status: OK in 0.008 seconds
[0m02:57:05.555282 [debug] [MainThread]: On master: COMMIT
[0m02:57:05.555449 [debug] [MainThread]: Using duckdb connection "master"
[0m02:57:05.555597 [debug] [MainThread]: On master: COMMIT
[0m02:57:05.555855 [debug] [MainThread]: SQL status: OK in 0.000 seconds
[0m02:57:05.556029 [debug] [MainThread]: On master: Close
[0m02:57:05.557291 [info ] [MainThread]: Concurrency: 4 threads (target='dev')
[0m02:57:05.557502 [info ] [MainThread]: 
[0m02:57:05.563457 [debug] [Thread-1 (]: Began running node seed.sql_practice.customers
[0m02:57:05.563739 [debug] [Thread-2 (]: Began running node seed.sql_practice.departments
[0m02:57:05.564019 [debug] [Thread-3 (]: Began running node seed.sql_practice.employees
[0m02:57:05.564289 [debug] [Thread-4 (]: Began running node seed.sql_practice.order_items
[0m02:57:05.564600 [info ] [Thread-1 (]: 1 of 6 START seed file main.customers .......................................... [RUN]
[0m02:57:05.564942 [info ] [Thread-2 (]: 2 of 6 START seed file main.departments ........................................ [RUN]
[0m02:57:05.565256 [info ] [Thread-3 (]: 3 of 6 START seed file main.employees .......................................... [RUN]
[0m02:57:05.565607 [info ] [Thread-4 (]: 4 of 6 START seed file main.order_items ........................................ [RUN]
[0m02:57:05.565951 [debug] [Thread-1 (]: Acquiring new duckdb connection 'seed.sql_practice.customers'
[0m02:57:05.566242 [debug] [Thread-2 (]: Acquiring new duckdb connection 'seed.sql_practice.departments'
[0m02:57:05.566507 [debug] [Thread-3 (]: Acquiring new duckdb connection 'seed.sql_practice.employees'
[0m02:57:05.566775 [debug] [Thread-4 (]: Acquiring new duckdb connection 'seed.sql_practice.order_items'
[0m02:57:05.566980 [debug] [Thread-1 (]: Began compiling node seed.sql_practice.customers
[0m02:57:05.567181 [debug] [Thread-2 (]: Began compiling node seed.sql_practice.departments
[0m02:57:05.567374 [debug] [Thread-3 (]: Began compiling node seed.sql_practice.employees
[0m02:57:05.567563 [debug] [Thread-4 (]: Began compiling node seed.sql_practice.order_items
[0m02:57:05.567763 [debug] [Thread-1 (]: Began executing node seed.sql_practice.customers
[0m02:57:05.567957 [debug] [Thread-2 (]: Began executing node seed.sql_practice.departments
[0m02:57:05.568142 [debug] [Thread-3 (]: Began executing node seed.sql_practice.employees
[0m02:57:05.568345 [debug] [Thread-4 (]: Began executing node seed.sql_practice.order_items
[0m02:57:05.585783 [debug] [Thread-1 (]: Using duckdb connection "seed.sql_practice.customers"
[0m02:57:05.588166 [debug] [Thread-2 (]: Using duckdb connection "seed.sql_practice.departments"
[0m02:57:05.590676 [debug] [Thread-3 (]: Using duckdb connection "seed.sql_practice.employees"
[0m02:57:05.593386 [debug] [Thread-4 (]: Using duckdb connection "seed.sql_practice.order_items"
[0m02:57:05.593695 [debug] [Thread-1 (]: On seed.sql_practice.customers: BEGIN
[0m02:57:05.593978 [debug] [Thread-2 (]: On seed.sql_practice.departments: BEGIN
[0m02:57:05.594223 [debug] [Thread-3 (]: On seed.sql_practice.employees: BEGIN
[0m02:57:05.594477 [debug] [Thread-4 (]: On seed.sql_practice.order_items: BEGIN
[0m02:57:05.594744 [debug] [Thread-1 (]: Opening a new connection, currently in state init
[0m02:57:05.594979 [debug] [Thread-2 (]: Opening a new connection, currently in state init
[0m02:57:05.595183 [debug] [Thread-3 (]: Opening a new connection, currently in state init
[0m02:57:05.595437 [debug] [Thread-4 (]: Opening a new connection, currently in state init
[0m02:57:05.603842 [debug] [Thread-1 (]: SQL status: OK in 0.009 seconds
[0m02:57:05.604199 [debug] [Thread-1 (]: Using duckdb connection "seed.sql_practice.customers"
[0m02:57:05.604473 [debug] [Thread-3 (]: SQL status: OK in 0.009 seconds
[0m02:57:05.604672 [debug] [Thread-1 (]: On seed.sql_practice.customers: /* {"app": "dbt", "dbt_version": "1.8.9", "profile_name": "sql_practice", "target_name": "dev", "node_id": "seed.sql_practice.customers"} */

    create table "practice"."main"."customers" (customer_id integer,name text,country text,city text,signup_date date)
  
[0m02:57:05.604914 [debug] [Thread-4 (]: SQL status: OK in 0.009 seconds
[0m02:57:05.605234 [debug] [Thread-2 (]: SQL status: OK in 0.010 seconds
[0m02:57:05.605514 [debug] [Thread-3 (]: Using duckdb connection "seed.sql_practice.employees"
[0m02:57:05.605868 [debug] [Thread-4 (]: Using duckdb connection "seed.sql_practice.order_items"
[0m02:57:05.606101 [debug] [Thread-2 (]: Using duckdb connection "seed.sql_practice.departments"
[0m02:57:05.606343 [debug] [Thread-1 (]: SQL status: OK in 0.001 seconds
[0m02:57:05.606621 [debug] [Thread-3 (]: On seed.sql_practice.employees: /* {"app": "dbt", "dbt_version": "1.8.9", "profile_name": "sql_practice", "target_name": "dev", "node_id": "seed.sql_practice.employees"} */

    create table "practice"."main"."employees" (employee_id integer,name text,department_id integer,manager_id integer,salary integer,hire_date date)
  
[0m02:57:05.606838 [debug] [Thread-4 (]: On seed.sql_practice.order_items: /* {"app": "dbt", "dbt_version": "1.8.9", "profile_name": "sql_practice", "target_name": "dev", "node_id": "seed.sql_practice.order_items"} */

    create table "practice"."main"."order_items" (order_item_id integer,order_id integer,product_id integer,quantity integer)
  
[0m02:57:05.607061 [debug] [Thread-2 (]: On seed.sql_practice.departments: /* {"app": "dbt", "dbt_version": "1.8.9", "profile_name": "sql_practice", "target_name": "dev", "node_id": "seed.sql_practice.departments"} */

    create table "practice"."main"."departments" (department_id integer,department_name text,location text)
  
[0m02:57:05.614289 [debug] [Thread-1 (]: Using duckdb connection "seed.sql_practice.customers"
[0m02:57:05.614998 [debug] [Thread-3 (]: SQL status: OK in 0.000 seconds
[0m02:57:05.615217 [debug] [Thread-1 (]: On seed.sql_practice.customers: 
          COPY "practice"."main"."customers" FROM '/usr/app/dbt/seeds/customers.csv' (FORMAT CSV, HEADER TRUE, DELIMITER ',')
        ...
[0m02:57:05.615469 [debug] [Thread-4 (]: SQL status: OK in 0.001 seconds
[0m02:57:05.616202 [debug] [Thread-3 (]: Using duckdb connection "seed.sql_practice.employees"
[0m02:57:05.616561 [debug] [Thread-2 (]: SQL status: OK in 0.002 seconds
[0m02:57:05.617251 [debug] [Thread-4 (]: Using duckdb connection "seed.sql_practice.order_items"
[0m02:57:05.617510 [debug] [Thread-3 (]: On seed.sql_practice.employees: 
          COPY "practice"."main"."employees" FROM '/usr/app/dbt/seeds/employees.csv' (FORMAT CSV, HEADER TRUE, DELIMITER ',')
        ...
[0m02:57:05.618196 [debug] [Thread-2 (]: Using duckdb connection "seed.sql_practice.departments"
[0m02:57:05.618483 [debug] [Thread-4 (]: On seed.sql_practice.order_items: 
          COPY "practice"."main"."order_items" FROM '/usr/app/dbt/seeds/order_items.csv' (FORMAT CSV, HEADER TRUE, DELIMITER ',')
        ...
[0m02:57:05.618831 [debug] [Thread-2 (]: On seed.sql_practice.departments: 
          COPY "practice"."main"."departments" FROM '/usr/app/dbt/seeds/departments.csv' (FORMAT CSV, HEADER TRUE, DELIMITER ',')
        ...
[0m02:57:05.619753 [debug] [Thread-1 (]: SQL status: OK in 0.003 seconds
[0m02:57:05.623734 [debug] [Thread-1 (]: Writing runtime SQL for node "seed.sql_practice.customers"
[0m02:57:05.624109 [debug] [Thread-4 (]: SQL status: OK in 0.005 seconds
[0m02:57:05.624355 [debug] [Thread-2 (]: SQL status: OK in 0.005 seconds
[0m02:57:05.624579 [debug] [Thread-3 (]: SQL status: OK in 0.006 seconds
[0m02:57:05.624964 [debug] [Thread-4 (]: Writing runtime SQL for node "seed.sql_practice.order_items"
[0m02:57:05.625364 [debug] [Thread-2 (]: Writing runtime SQL for node "seed.sql_practice.departments"
[0m02:57:05.625778 [debug] [Thread-3 (]: Writing runtime SQL for node "seed.sql_practice.employees"
[0m02:57:05.637048 [debug] [Thread-1 (]: On seed.sql_practice.customers: COMMIT
[0m02:57:05.637930 [debug] [Thread-4 (]: On seed.sql_practice.order_items: COMMIT
[0m02:57:05.638994 [debug] [Thread-2 (]: On seed.sql_practice.departments: COMMIT
[0m02:57:05.639940 [debug] [Thread-3 (]: On seed.sql_practice.employees: COMMIT
[0m02:57:05.640235 [debug] [Thread-1 (]: Using duckdb connection "seed.sql_practice.customers"
[0m02:57:05.640459 [debug] [Thread-4 (]: Using duckdb connection "seed.sql_practice.order_items"
[0m02:57:05.640712 [debug] [Thread-2 (]: Using duckdb connection "seed.sql_practice.departments"
[0m02:57:05.640945 [debug] [Thread-3 (]: Using duckdb connection "seed.sql_practice.employees"
[0m02:57:05.641223 [debug] [Thread-1 (]: On seed.sql_practice.customers: COMMIT
[0m02:57:05.641436 [debug] [Thread-4 (]: On seed.sql_practice.order_items: COMMIT
[0m02:57:05.641650 [debug] [Thread-2 (]: On seed.sql_practice.departments: COMMIT
[0m02:57:05.641881 [debug] [Thread-3 (]: On seed.sql_practice.employees: COMMIT
[0m02:57:05.647574 [debug] [Thread-1 (]: SQL status: OK in 0.005 seconds
[0m02:57:05.648799 [debug] [Thread-1 (]: On seed.sql_practice.customers: Close
[0m02:57:05.649057 [debug] [Thread-4 (]: SQL status: OK in 0.007 seconds
[0m02:57:05.650082 [debug] [Thread-1 (]: Sending event: {'category': 'dbt', 'action': 'run_model', 'label': '5a93ca8b-b5ad-40ba-97a1-5b08e9ed7dea', 'context': [<snowplow_tracker.self_describing_json.SelfDescribingJson object at 0x74ab3c582110>]}
[0m02:57:05.650596 [debug] [Thread-4 (]: On seed.sql_practice.order_items: Close
[0m02:57:05.650838 [debug] [Thread-2 (]: SQL status: OK in 0.008 seconds
[0m02:57:05.651126 [info ] [Thread-1 (]: 1 of 6 OK loaded seed file main.customers ...................................... [[32mCREATE 12[0m in 0.08s]
[0m02:57:05.651456 [debug] [Thread-3 (]: SQL status: OK in 0.009 seconds
[0m02:57:05.651726 [debug] [Thread-4 (]: Sending event: {'category': 'dbt', 'action': 'run_model', 'label': '5a93ca8b-b5ad-40ba-97a1-5b08e9ed7dea', 'context': [<snowplow_tracker.self_describing_json.SelfDescribingJson object at 0x74ab3c698150>]}
[0m02:57:05.652179 [debug] [Thread-2 (]: On seed.sql_practice.departments: Close
[0m02:57:05.652542 [debug] [Thread-1 (]: Finished running node seed.sql_practice.customers
[0m02:57:05.653045 [debug] [Thread-3 (]: On seed.sql_practice.employees: Close
[0m02:57:05.653337 [info ] [Thread-4 (]: 4 of 6 OK loaded seed file main.order_items .................................... [[32mCREATE 37[0m in 0.09s]
[0m02:57:05.653629 [debug] [Thread-2 (]: Sending event: {'category': 'dbt', 'action': 'run_model', 'label': '5a93ca8b-b5ad-40ba-97a1-5b08e9ed7dea', 'context': [<snowplow_tracker.self_describing_json.SelfDescribingJson object at 0x74ab3c563bd0>]}
[0m02:57:05.653905 [debug] [Thread-1 (]: Began running node seed.sql_practice.orders
[0m02:57:05.654384 [debug] [Thread-4 (]: Finished running node seed.sql_practice.order_items
[0m02:57:05.654700 [info ] [Thread-2 (]: 2 of 6 OK loaded seed file main.departments .................................... [[32mCREATE 5[0m in 0.09s]
[0m02:57:05.655050 [info ] [Thread-1 (]: 5 of 6 START seed file main.orders ............................................. [RUN]
[0m02:57:05.655334 [debug] [Thread-4 (]: Began running node seed.sql_practice.products
[0m02:57:05.655666 [debug] [Thread-2 (]: Finished running node seed.sql_practice.departments
[0m02:57:05.655948 [debug] [Thread-1 (]: Re-using an available connection from the pool (formerly seed.sql_practice.customers, now seed.sql_practice.orders)
[0m02:57:05.656237 [info ] [Thread-4 (]: 6 of 6 START seed file main.products ........................................... [RUN]
[0m02:57:05.656536 [debug] [Thread-1 (]: Began compiling node seed.sql_practice.orders
[0m02:57:05.656759 [debug] [Thread-4 (]: Re-using an available connection from the pool (formerly seed.sql_practice.order_items, now seed.sql_practice.products)
[0m02:57:05.656963 [debug] [Thread-1 (]: Began executing node seed.sql_practice.orders
[0m02:57:05.657150 [debug] [Thread-4 (]: Began compiling node seed.sql_practice.products
[0m02:57:05.659283 [debug] [Thread-4 (]: Began executing node seed.sql_practice.products
[0m02:57:05.660507 [debug] [Thread-1 (]: Using duckdb connection "seed.sql_practice.orders"
[0m02:57:05.662469 [debug] [Thread-1 (]: On seed.sql_practice.orders: BEGIN
[0m02:57:05.662774 [debug] [Thread-1 (]: Opening a new connection, currently in state closed
[0m02:57:05.664641 [debug] [Thread-4 (]: Using duckdb connection "seed.sql_practice.products"
[0m02:57:05.665042 [debug] [Thread-3 (]: Sending event: {'category': 'dbt', 'action': 'run_model', 'label': '5a93ca8b-b5ad-40ba-97a1-5b08e9ed7dea', 'context': [<snowplow_tracker.self_describing_json.SelfDescribingJson object at 0x74ab3c459c90>]}
[0m02:57:05.665418 [debug] [Thread-4 (]: On seed.sql_practice.products: BEGIN
[0m02:57:05.665810 [info ] [Thread-3 (]: 3 of 6 OK loaded seed file main.employees ...................................... [[32mCREATE 12[0m in 0.10s]
[0m02:57:05.666102 [debug] [Thread-4 (]: Opening a new connection, currently in state closed
[0m02:57:05.666495 [debug] [Thread-3 (]: Finished running node seed.sql_practice.employees
[0m02:57:05.673360 [debug] [Thread-1 (]: SQL status: OK in 0.011 seconds
[0m02:57:05.673625 [debug] [Thread-4 (]: SQL status: OK in 0.008 seconds
[0m02:57:05.673819 [debug] [Thread-1 (]: Using duckdb connection "seed.sql_practice.orders"
[0m02:57:05.674014 [debug] [Thread-4 (]: Using duckdb connection "seed.sql_practice.products"
[0m02:57:05.674219 [debug] [Thread-1 (]: On seed.sql_practice.orders: /* {"app": "dbt", "dbt_version": "1.8.9", "profile_name": "sql_practice", "target_name": "dev", "node_id": "seed.sql_practice.orders"} */

    create table "practice"."main"."orders" (order_id integer,customer_id integer,order_date date,status text)
  
[0m02:57:05.674416 [debug] [Thread-4 (]: On seed.sql_practice.products: /* {"app": "dbt", "dbt_version": "1.8.9", "profile_name": "sql_practice", "target_name": "dev", "node_id": "seed.sql_practice.products"} */

    create table "practice"."main"."products" (product_id integer,product_name text,category text,price integer)
  
[0m02:57:05.675006 [debug] [Thread-1 (]: SQL status: OK in 0.000 seconds
[0m02:57:05.675201 [debug] [Thread-4 (]: SQL status: OK in 0.000 seconds
[0m02:57:05.675936 [debug] [Thread-1 (]: Using duckdb connection "seed.sql_practice.orders"
[0m02:57:05.676645 [debug] [Thread-4 (]: Using duckdb connection "seed.sql_practice.products"
[0m02:57:05.676860 [debug] [Thread-1 (]: On seed.sql_practice.orders: 
          COPY "practice"."main"."orders" FROM '/usr/app/dbt/seeds/orders.csv' (FORMAT CSV, HEADER TRUE, DELIMITER ',')
        ...
[0m02:57:05.677056 [debug] [Thread-4 (]: On seed.sql_practice.products: 
          COPY "practice"."main"."products" FROM '/usr/app/dbt/seeds/products.csv' (FORMAT CSV, HEADER TRUE, DELIMITER ',')
        ...
[0m02:57:05.679880 [debug] [Thread-4 (]: SQL status: OK in 0.002 seconds
[0m02:57:05.680439 [debug] [Thread-4 (]: Writing runtime SQL for node "seed.sql_practice.products"
[0m02:57:05.681473 [debug] [Thread-4 (]: On seed.sql_practice.products: COMMIT
[0m02:57:05.681668 [debug] [Thread-1 (]: SQL status: OK in 0.004 seconds
[0m02:57:05.681872 [debug] [Thread-4 (]: Using duckdb connection "seed.sql_practice.products"
[0m02:57:05.682212 [debug] [Thread-1 (]: Writing runtime SQL for node "seed.sql_practice.orders"
[0m02:57:05.682411 [debug] [Thread-4 (]: On seed.sql_practice.products: COMMIT
[0m02:57:05.683401 [debug] [Thread-1 (]: On seed.sql_practice.orders: COMMIT
[0m02:57:05.683632 [debug] [Thread-1 (]: Using duckdb connection "seed.sql_practice.orders"
[0m02:57:05.683827 [debug] [Thread-1 (]: On seed.sql_practice.orders: COMMIT
[0m02:57:05.683999 [debug] [Thread-4 (]: SQL status: OK in 0.001 seconds
[0m02:57:05.684535 [debug] [Thread-4 (]: On seed.sql_practice.products: Close
[0m02:57:05.684838 [debug] [Thread-4 (]: Sending event: {'category': 'dbt', 'action': 'run_model', 'label': '5a93ca8b-b5ad-40ba-97a1-5b08e9ed7dea', 'context': [<snowplow_tracker.self_describing_json.SelfDescribingJson object at 0x74ab3cb26fd0>]}
[0m02:57:05.685141 [info ] [Thread-4 (]: 6 of 6 OK loaded seed file main.products ....................................... [[32mCREATE 12[0m in 0.03s]
[0m02:57:05.685375 [debug] [Thread-1 (]: SQL status: OK in 0.001 seconds
[0m02:57:05.685680 [debug] [Thread-4 (]: Finished running node seed.sql_practice.products
[0m02:57:05.686095 [debug] [Thread-1 (]: On seed.sql_practice.orders: Close
[0m02:57:05.693171 [debug] [Thread-1 (]: Sending event: {'category': 'dbt', 'action': 'run_model', 'label': '5a93ca8b-b5ad-40ba-97a1-5b08e9ed7dea', 'context': [<snowplow_tracker.self_describing_json.SelfDescribingJson object at 0x74ab3cae7b50>]}
[0m02:57:05.693517 [info ] [Thread-1 (]: 5 of 6 OK loaded seed file main.orders ......................................... [[32mCREATE 25[0m in 0.04s]
[0m02:57:05.693845 [debug] [Thread-1 (]: Finished running node seed.sql_practice.orders
[0m02:57:05.694659 [debug] [MainThread]: Using duckdb connection "master"
[0m02:57:05.694871 [debug] [MainThread]: On master: BEGIN
[0m02:57:05.695038 [debug] [MainThread]: Opening a new connection, currently in state closed
[0m02:57:05.703377 [debug] [MainThread]: SQL status: OK in 0.008 seconds
[0m02:57:05.703663 [debug] [MainThread]: On master: COMMIT
[0m02:57:05.703852 [debug] [MainThread]: Using duckdb connection "master"
[0m02:57:05.704018 [debug] [MainThread]: On master: COMMIT
[0m02:57:05.704316 [debug] [MainThread]: SQL status: OK in 0.000 seconds
[0m02:57:05.704515 [debug] [MainThread]: On master: Close
[0m02:57:05.705769 [debug] [MainThread]: Connection 'master' was properly closed.
[0m02:57:05.705942 [debug] [MainThread]: Connection 'list_practice_main' was properly closed.
[0m02:57:05.706090 [debug] [MainThread]: Connection 'seed.sql_practice.orders' was properly closed.
[0m02:57:05.706236 [debug] [MainThread]: Connection 'seed.sql_practice.departments' was properly closed.
[0m02:57:05.706376 [debug] [MainThread]: Connection 'seed.sql_practice.employees' was properly closed.
[0m02:57:05.706511 [debug] [MainThread]: Connection 'seed.sql_practice.products' was properly closed.
[0m02:57:05.706719 [info ] [MainThread]: 
[0m02:57:05.706907 [info ] [MainThread]: Finished running 6 seeds in 0 hours 0 minutes and 0.24 seconds (0.24s).
[0m02:57:05.707683 [debug] [MainThread]: Command end result
[0m02:57:05.773809 [info ] [MainThread]: 
[0m02:57:05.774118 [info ] [MainThread]: [32mCompleted successfully[0m
[0m02:57:05.774344 [info ] [MainThread]: 
[0m02:57:05.774538 [info ] [MainThread]: Done. PASS=6 WARN=0 ERROR=0 SKIP=0 TOTAL=6
[0m02:57:05.775028 [debug] [MainThread]: Resource report: {"command_name": "seed", "command_success": true, "command_wall_clock_time": 1.6198202, "process_in_blocks": "8", "process_kernel_time": 0.155447, "process_mem_max_rss": "179068", "process_out_blocks": "8440", "process_user_time": 2.326734}
[0m02:57:05.775302 [debug] [MainThread]: Command `dbt seed` succeeded at 02:57:05.775236 after 1.62 seconds
[0m02:57:05.775499 [debug] [MainThread]: Sending event: {'category': 'dbt', 'action': 'invocation', 'label': 'end', 'context': [<snowplow_tracker.self_describing_json.SelfDescribingJson object at 0x74ab49edfe50>, <snowplow_tracker.self_describing_json.SelfDescribingJson object at 0x74ab4e450750>, <snowplow_tracker.self_describing_json.SelfDescribingJson object at 0x74ab4e451750>]}
[0m02:57:05.775689 [debug] [MainThread]: Flushing usage events
[0m02:57:08.181621 [debug] [MainThread]: Sending event: {'category': 'dbt', 'action': 'invocation', 'label': 'start', 'context': [<snowplow_tracker.self_describing_json.SelfDescribingJson object at 0x783cf41a9250>, <snowplow_tracker.self_describing_json.SelfDescribingJson object at 0x783cf1ca46d0>, <snowplow_tracker.self_describing_json.SelfDescribingJson object at 0x783cf1ba0a50>]}


============================== 02:57:08.183648 | e99abefb-bc0f-4f4f-930f-d5aa68a260d1 ==============================
[0m02:57:08.183648 [info ] [MainThread]: Running with dbt=1.8.9
[0m02:57:08.184003 [debug] [MainThread]: running dbt with arguments {'printer_width': '80', 'indirect_selection': 'eager', 'log_cache_events': 'False', 'write_json': 'True', 'partial_parse': 'True', 'cache_selected_only': 'False', 'profiles_dir': '/usr/app/dbt', 'fail_fast': 'False', 'warn_error': 'None', 'log_path': '/usr/app/dbt/logs', 'version_check': 'True', 'debug': 'False', 'use_colors': 'True', 'use_experimental_parser': 'False', 'no_print': 'None', 'quiet': 'False', 'empty': 'False', 'warn_error_options': 'WarnErrorOptions(include=[], exclude=[])', 'invocation_command': 'dbt run', 'static_parser': 'True', 'log_format': 'default', 'target_path': 'None', 'introspect': 'True', 'send_anonymous_usage_stats': 'True'}
[0m02:57:08.304491 [debug] [MainThread]: Sending event: {'category': 'dbt', 'action': 'project_id', 'label': 'e99abefb-bc0f-4f4f-930f-d5aa68a260d1', 'context': [<snowplow_tracker.self_describing_json.SelfDescribingJson object at 0x783ce7cf9d90>]}
[0m02:57:08.337186 [debug] [MainThread]: Sending event: {'category': 'dbt', 'action': 'adapter_info', 'label': 'e99abefb-bc0f-4f4f-930f-d5aa68a260d1', 'context': [<snowplow_tracker.self_describing_json.SelfDescribingJson object at 0x783cf40d5350>]}
[0m02:57:08.338096 [info ] [MainThread]: Registered adapter: duckdb=1.8.4
[0m02:57:08.386664 [debug] [MainThread]: checksum: 132857a23e9d07220246854f7763165174ce9b737cfc7867629ace4294e520b1, vars: {}, profile: , target: , version: 1.8.9
[0m02:57:08.457727 [debug] [MainThread]: Partial parsing enabled: 0 files deleted, 0 files added, 0 files changed.
[0m02:57:08.457968 [debug] [MainThread]: Partial parsing enabled, no changes found, skipping parsing
[0m02:57:08.486886 [debug] [MainThread]: Sending event: {'category': 'dbt', 'action': 'load_project', 'label': 'e99abefb-bc0f-4f4f-930f-d5aa68a260d1', 'context': [<snowplow_tracker.self_describing_json.SelfDescribingJson object at 0x783ce7d80a10>]}
[0m02:57:08.548297 [debug] [MainThread]: Sending event: {'category': 'dbt', 'action': 'resource_counts', 'label': 'e99abefb-bc0f-4f4f-930f-d5aa68a260d1', 'context': [<snowplow_tracker.self_describing_json.SelfDescribingJson object at 0x783cf1bfd590>]}
[0m02:57:08.548625 [info ] [MainThread]: Found 7 models, 6 seeds, 40 data tests, 542 macros
[0m02:57:08.548835 [debug] [MainThread]: Sending event: {'category': 'dbt', 'action': 'runnable_timing', 'label': 'e99abefb-bc0f-4f4f-930f-d5aa68a260d1', 'context': [<snowplow_tracker.self_describing_json.SelfDescribingJson object at 0x783ce7cb2fd0>]}
[0m02:57:08.550471 [info ] [MainThread]: 
[0m02:57:08.550832 [debug] [MainThread]: Acquiring new duckdb connection 'master'
[0m02:57:08.554282 [debug] [ThreadPool]: Acquiring new duckdb connection 'list_practice'
[0m02:57:08.577267 [debug] [ThreadPool]: Using duckdb connection "list_practice"
[0m02:57:08.577500 [debug] [ThreadPool]: On list_practice: /* {"app": "dbt", "dbt_version": "1.8.9", "profile_name": "sql_practice", "target_name": "dev", "connection_name": "list_practice"} */

    
    select schema_name
    from system.information_schema.schemata
    
    where catalog_name = '"practice"'
    
  
  
[0m02:57:08.577658 [debug] [ThreadPool]: Opening a new connection, currently in state init
[0m02:57:08.586987 [debug] [ThreadPool]: SQL status: OK in 0.009 seconds
[0m02:57:08.587818 [debug] [ThreadPool]: On list_practice: Close
[0m02:57:08.589428 [debug] [ThreadPool]: Re-using an available connection from the pool (formerly list_practice, now create_practice_main)
[0m02:57:08.589748 [debug] [ThreadPool]: Creating schema "database: "practice"
schema: "main"
"
[0m02:57:08.594172 [debug] [ThreadPool]: Using duckdb connection "create_practice_main"
[0m02:57:08.594387 [debug] [ThreadPool]: On create_practice_main: /* {"app": "dbt", "dbt_version": "1.8.9", "profile_name": "sql_practice", "target_name": "dev", "connection_name": "create_practice_main"} */

    
        select type from duckdb_databases()
        where database_name='practice'
        and type='sqlite'
    
  
[0m02:57:08.594540 [debug] [ThreadPool]: Opening a new connection, currently in state closed
[0m02:57:08.602778 [debug] [ThreadPool]: SQL status: OK in 0.008 seconds
[0m02:57:08.603691 [debug] [ThreadPool]: Using duckdb connection "create_practice_main"
[0m02:57:08.603886 [debug] [ThreadPool]: On create_practice_main: BEGIN
[0m02:57:08.604248 [debug] [ThreadPool]: SQL status: OK in 0.000 seconds
[0m02:57:08.604420 [debug] [ThreadPool]: Using duckdb connection "create_practice_main"
[0m02:57:08.604562 [debug] [ThreadPool]: On create_practice_main: /* {"app": "dbt", "dbt_version": "1.8.9", "profile_name": "sql_practice", "target_name": "dev", "connection_name": "create_practice_main"} */

    
    
        create schema if not exists "practice"."main"
    
[0m02:57:08.604862 [debug] [ThreadPool]: SQL status: OK in 0.000 seconds
[0m02:57:08.605361 [debug] [ThreadPool]: On create_practice_main: COMMIT
[0m02:57:08.605534 [debug] [ThreadPool]: Using duckdb connection "create_practice_main"
[0m02:57:08.605669 [debug] [ThreadPool]: On create_practice_main: COMMIT
[0m02:57:08.605926 [debug] [ThreadPool]: SQL status: OK in 0.000 seconds
[0m02:57:08.606084 [debug] [ThreadPool]: On create_practice_main: Close
[0m02:57:08.608350 [debug] [ThreadPool]: Re-using an available connection from the pool (formerly create_practice_main, now list_practice_main)
[0m02:57:08.611969 [debug] [ThreadPool]: Using duckdb connection "list_practice_main"
[0m02:57:08.612158 [debug] [ThreadPool]: On list_practice_main: BEGIN
[0m02:57:08.612324 [debug] [ThreadPool]: Opening a new connection, currently in state closed
[0m02:57:08.620327 [debug] [ThreadPool]: SQL status: OK in 0.008 seconds
[0m02:57:08.620538 [debug] [ThreadPool]: Using duckdb connection "list_practice_main"
[0m02:57:08.620701 [debug] [ThreadPool]: On list_practice_main: /* {"app": "dbt", "dbt_version": "1.8.9", "profile_name": "sql_practice", "target_name": "dev", "connection_name": "list_practice_main"} */
select
      'practice' as database,
      table_name as name,
      table_schema as schema,
      CASE table_type
        WHEN 'BASE TABLE' THEN 'table'
        WHEN 'VIEW' THEN 'view'
        WHEN 'LOCAL TEMPORARY' THEN 'table'
        END as type
    from system.information_schema.tables
    where table_schema = 'main'
    and table_catalog = 'practice'
  
[0m02:57:08.622943 [debug] [ThreadPool]: SQL status: OK in 0.002 seconds
[0m02:57:08.623988 [debug] [ThreadPool]: On list_practice_main: ROLLBACK
[0m02:57:08.624445 [debug] [ThreadPool]: Failed to rollback 'list_practice_main'
[0m02:57:08.624610 [debug] [ThreadPool]: On list_practice_main: Close
[0m02:57:08.626607 [debug] [MainThread]: Sending event: {'category': 'dbt', 'action': 'runnable_timing', 'label': 'e99abefb-bc0f-4f4f-930f-d5aa68a260d1', 'context': [<snowplow_tracker.self_describing_json.SelfDescribingJson object at 0x783cf2859250>]}
[0m02:57:08.626869 [debug] [MainThread]: Using duckdb connection "master"
[0m02:57:08.627025 [debug] [MainThread]: On master: BEGIN
[0m02:57:08.627162 [debug] [MainThread]: Opening a new connection, currently in state init
[0m02:57:08.635584 [debug] [MainThread]: SQL status: OK in 0.008 seconds
[0m02:57:08.635810 [debug] [MainThread]: On master: COMMIT
[0m02:57:08.635976 [debug] [MainThread]: Using duckdb connection "master"
[0m02:57:08.636124 [debug] [MainThread]: On master: COMMIT
[0m02:57:08.636461 [debug] [MainThread]: SQL status: OK in 0.000 seconds
[0m02:57:08.636635 [debug] [MainThread]: On master: Close
[0m02:57:08.637896 [info ] [MainThread]: Concurrency: 4 threads (target='dev')
[0m02:57:08.638123 [info ] [MainThread]: 
[0m02:57:08.639662 [debug] [Thread-1 (]: Began running node model.sql_practice.stg_customers
[0m02:57:08.639929 [debug] [Thread-2 (]: Began running node model.sql_practice.stg_departments
[0m02:57:08.640178 [debug] [Thread-3 (]: Began running node model.sql_practice.stg_employees
[0m02:57:08.640419 [debug] [Thread-4 (]: Began running node model.sql_practice.stg_order_items
[0m02:57:08.640730 [info ] [Thread-1 (]: 1 of 7 START sql view model main.stg_customers ................................. [RUN]
[0m02:57:08.641067 [info ] [Thread-2 (]: 2 of 7 START sql view model main.stg_departments ............................... [RUN]
[0m02:57:08.641381 [info ] [Thread-3 (]: 3 of 7 START sql view model main.stg_employees ................................. [RUN]
[0m02:57:08.641679 [info ] [Thread-4 (]: 4 of 7 START sql view model main.stg_order_items ............................... [RUN]
[0m02:57:08.642021 [debug] [Thread-1 (]: Acquiring new duckdb connection 'model.sql_practice.stg_customers'
[0m02:57:08.642343 [debug] [Thread-2 (]: Acquiring new duckdb connection 'model.sql_practice.stg_departments'
[0m02:57:08.642761 [debug] [Thread-3 (]: Acquiring new duckdb connection 'model.sql_practice.stg_employees'
[0m02:57:08.643036 [debug] [Thread-4 (]: Acquiring new duckdb connection 'model.sql_practice.stg_order_items'
[0m02:57:08.643253 [debug] [Thread-1 (]: Began compiling node model.sql_practice.stg_customers
[0m02:57:08.643463 [debug] [Thread-2 (]: Began compiling node model.sql_practice.stg_departments
[0m02:57:08.643663 [debug] [Thread-3 (]: Began compiling node model.sql_practice.stg_employees
[0m02:57:08.643852 [debug] [Thread-4 (]: Began compiling node model.sql_practice.stg_order_items
[0m02:57:08.649568 [debug] [Thread-1 (]: Writing injected SQL for node "model.sql_practice.stg_customers"
[0m02:57:08.687896 [debug] [Thread-2 (]: Writing injected SQL for node "model.sql_practice.stg_departments"
[0m02:57:08.689721 [debug] [Thread-3 (]: Writing injected SQL for node "model.sql_practice.stg_employees"
[0m02:57:08.691364 [debug] [Thread-4 (]: Writing injected SQL for node "model.sql_practice.stg_order_items"
[0m02:57:08.692024 [debug] [Thread-2 (]: Began executing node model.sql_practice.stg_departments
[0m02:57:08.692255 [debug] [Thread-1 (]: Began executing node model.sql_practice.stg_customers
[0m02:57:08.692558 [debug] [Thread-3 (]: Began executing node model.sql_practice.stg_employees
[0m02:57:08.698049 [debug] [Thread-4 (]: Began executing node model.sql_practice.stg_order_items
[0m02:57:08.713235 [debug] [Thread-2 (]: Writing runtime sql for node "model.sql_practice.stg_departments"
[0m02:57:08.715387 [debug] [Thread-1 (]: Writing runtime sql for node "model.sql_practice.stg_customers"
[0m02:57:08.718427 [debug] [Thread-3 (]: Writing runtime sql for node "model.sql_practice.stg_employees"
[0m02:57:08.720533 [debug] [Thread-4 (]: Writing runtime sql for node "model.sql_practice.stg_order_items"
[0m02:57:08.721076 [debug] [Thread-2 (]: Using duckdb connection "model.sql_practice.stg_departments"
[0m02:57:08.721354 [debug] [Thread-1 (]: Using duckdb connection "model.sql_practice.stg_customers"
[0m02:57:08.721722 [debug] [Thread-3 (]: Using duckdb connection "model.sql_practice.stg_employees"
[0m02:57:08.722000 [debug] [Thread-2 (]: On model.sql_practice.stg_departments: BEGIN
[0m02:57:08.722238 [debug] [Thread-4 (]: Using duckdb connection "model.sql_practice.stg_order_items"
[0m02:57:08.722698 [debug] [Thread-1 (]: On model.sql_practice.stg_customers: BEGIN
[0m02:57:08.722937 [debug] [Thread-3 (]: On model.sql_practice.stg_employees: BEGIN
[0m02:57:08.723134 [debug] [Thread-2 (]: Opening a new connection, currently in state init
[0m02:57:08.723403 [debug] [Thread-4 (]: On model.sql_practice.stg_order_items: BEGIN
[0m02:57:08.723671 [debug] [Thread-1 (]: Opening a new connection, currently in state init
[0m02:57:08.723911 [debug] [Thread-3 (]: Opening a new connection, currently in state init
[0m02:57:08.724287 [debug] [Thread-4 (]: Opening a new connection, currently in state init
[0m02:57:08.733391 [debug] [Thread-2 (]: SQL status: OK in 0.010 seconds
[0m02:57:08.733743 [debug] [Thread-1 (]: SQL status: OK in 0.010 seconds
[0m02:57:08.733988 [debug] [Thread-3 (]: SQL status: OK in 0.010 seconds
[0m02:57:08.734200 [debug] [Thread-2 (]: Using duckdb connection "model.sql_practice.stg_departments"
[0m02:57:08.734417 [debug] [Thread-4 (]: SQL status: OK in 0.010 seconds
[0m02:57:08.734669 [debug] [Thread-1 (]: Using duckdb connection "model.sql_practice.stg_customers"
[0m02:57:08.734911 [debug] [Thread-3 (]: Using duckdb connection "model.sql_practice.stg_employees"
[0m02:57:08.735167 [debug] [Thread-2 (]: On model.sql_practice.stg_departments: /* {"app": "dbt", "dbt_version": "1.8.9", "profile_name": "sql_practice", "target_name": "dev", "node_id": "model.sql_practice.stg_departments"} */

  
  create view "practice"."main"."stg_departments__dbt_tmp" as (
    with source as (
    select * from "practice"."main"."departments"
)
select
    department_id,
    department_name,
    location
from source
  );

[0m02:57:08.735406 [debug] [Thread-4 (]: Using duckdb connection "model.sql_practice.stg_order_items"
[0m02:57:08.735615 [debug] [Thread-1 (]: On model.sql_practice.stg_customers: /* {"app": "dbt", "dbt_version": "1.8.9", "profile_name": "sql_practice", "target_name": "dev", "node_id": "model.sql_practice.stg_customers"} */

  
  create view "practice"."main"."stg_customers__dbt_tmp" as (
    with source as (
    select * from "practice"."main"."customers"
)
select
    customer_id,
    name        as customer_name,
    country,
    city,
    cast(signup_date as date) as signup_date
from source
  );

[0m02:57:08.735881 [debug] [Thread-3 (]: On model.sql_practice.stg_employees: /* {"app": "dbt", "dbt_version": "1.8.9", "profile_name": "sql_practice", "target_name": "dev", "node_id": "model.sql_practice.stg_employees"} */

  
  create view "practice"."main"."stg_employees__dbt_tmp" as (
    with source as (
    select * from "practice"."main"."employees"
)
select
    employee_id,
    name as employee_name,
    department_id,
    manager_id,
    cast(salary as decimal(12,2)) as salary,
    cast(hire_date as date)       as hire_date
from source
  );

[0m02:57:08.736264 [debug] [Thread-4 (]: On model.sql_practice.stg_order_items: /* {"app": "dbt", "dbt_version": "1.8.9", "profile_name": "sql_practice", "target_name": "dev", "node_id": "model.sql_practice.stg_order_items"} */

  
  create view "practice"."main"."stg_order_items__dbt_tmp" as (
    with source as (
    select * from "practice"."main"."order_items"
)
select
    order_item_id,
    order_id,
    product_id,
    quantity
from source
  );

[0m02:57:08.736832 [debug] [Thread-2 (]: SQL status: OK in 0.001 seconds
[0m02:57:08.737178 [debug] [Thread-1 (]: SQL status: OK in 0.001 seconds
[0m02:57:08.737395 [debug] [Thread-3 (]: SQL status: OK in 0.001 seconds
[0m02:57:08.742754 [debug] [Thread-2 (]: Using duckdb connection "model.sql_practice.stg_departments"
[0m02:57:08.743007 [debug] [Thread-4 (]: SQL status: OK in 0.006 seconds
[0m02:57:08.745038 [debug] [Thread-1 (]: Using duckdb connection "model.sql_practice.stg_customers"
[0m02:57:08.746940 [debug] [Thread-3 (]: Using duckdb connection "model.sql_practice.stg_employees"
[0m02:57:08.747245 [debug] [Thread-2 (]: On model.sql_practice.stg_departments: /* {"app": "dbt", "dbt_version": "1.8.9", "profile_name": "sql_practice", "target_name": "dev", "node_id": "model.sql_practice.stg_departments"} */
alter view "practice"."main"."stg_departments__dbt_tmp" rename to "stg_departments"
[0m02:57:08.749127 [debug] [Thread-4 (]: Using duckdb connection "model.sql_practice.stg_order_items"
[0m02:57:08.749432 [debug] [Thread-1 (]: On model.sql_practice.stg_customers: /* {"app": "dbt", "dbt_version": "1.8.9", "profile_name": "sql_practice", "target_name": "dev", "node_id": "model.sql_practice.stg_customers"} */
alter view "practice"."main"."stg_customers__dbt_tmp" rename to "stg_customers"
[0m02:57:08.749700 [debug] [Thread-3 (]: On model.sql_practice.stg_employees: /* {"app": "dbt", "dbt_version": "1.8.9", "profile_name": "sql_practice", "target_name": "dev", "node_id": "model.sql_practice.stg_employees"} */
alter view "practice"."main"."stg_employees__dbt_tmp" rename to "stg_employees"
[0m02:57:08.750063 [debug] [Thread-4 (]: On model.sql_practice.stg_order_items: /* {"app": "dbt", "dbt_version": "1.8.9", "profile_name": "sql_practice", "target_name": "dev", "node_id": "model.sql_practice.stg_order_items"} */
alter view "practice"."main"."stg_order_items__dbt_tmp" rename to "stg_order_items"
[0m02:57:08.750426 [debug] [Thread-2 (]: SQL status: OK in 0.000 seconds
[0m02:57:08.750840 [debug] [Thread-1 (]: SQL status: OK in 0.001 seconds
[0m02:57:08.751093 [debug] [Thread-3 (]: SQL status: OK in 0.000 seconds
[0m02:57:08.760944 [debug] [Thread-2 (]: On model.sql_practice.stg_departments: COMMIT
[0m02:57:08.761362 [debug] [Thread-4 (]: SQL status: OK in 0.011 seconds
[0m02:57:08.762239 [debug] [Thread-1 (]: On model.sql_practice.stg_customers: COMMIT
[0m02:57:08.763061 [debug] [Thread-3 (]: On model.sql_practice.stg_employees: COMMIT
[0m02:57:08.763376 [debug] [Thread-2 (]: Using duckdb connection "model.sql_practice.stg_departments"
[0m02:57:08.764192 [debug] [Thread-4 (]: On model.sql_practice.stg_order_items: COMMIT
[0m02:57:08.764550 [debug] [Thread-1 (]: Using duckdb connection "model.sql_practice.stg_customers"
[0m02:57:08.764856 [debug] [Thread-3 (]: Using duckdb connection "model.sql_practice.stg_employees"
[0m02:57:08.765112 [debug] [Thread-2 (]: On model.sql_practice.stg_departments: COMMIT
[0m02:57:08.765372 [debug] [Thread-4 (]: Using duckdb connection "model.sql_practice.stg_order_items"
[0m02:57:08.765593 [debug] [Thread-1 (]: On model.sql_practice.stg_customers: COMMIT
[0m02:57:08.765802 [debug] [Thread-3 (]: On model.sql_practice.stg_employees: COMMIT
[0m02:57:08.766145 [debug] [Thread-4 (]: On model.sql_practice.stg_order_items: COMMIT
[0m02:57:08.771697 [debug] [Thread-2 (]: SQL status: OK in 0.006 seconds
[0m02:57:08.775347 [debug] [Thread-2 (]: Using duckdb connection "model.sql_practice.stg_departments"
[0m02:57:08.775604 [debug] [Thread-2 (]: On model.sql_practice.stg_departments: /* {"app": "dbt", "dbt_version": "1.8.9", "profile_name": "sql_practice", "target_name": "dev", "node_id": "model.sql_practice.stg_departments"} */
drop view if exists "practice"."main"."stg_departments__dbt_backup" cascade
[0m02:57:08.775818 [debug] [Thread-1 (]: SQL status: OK in 0.009 seconds
[0m02:57:08.776076 [debug] [Thread-3 (]: SQL status: OK in 0.009 seconds
[0m02:57:08.776307 [debug] [Thread-4 (]: SQL status: OK in 0.010 seconds
[0m02:57:08.778063 [debug] [Thread-1 (]: Using duckdb connection "model.sql_practice.stg_customers"
[0m02:57:08.779671 [debug] [Thread-3 (]: Using duckdb connection "model.sql_practice.stg_employees"
[0m02:57:08.779895 [debug] [Thread-2 (]: SQL status: OK in 0.003 seconds
[0m02:57:08.781444 [debug] [Thread-4 (]: Using duckdb connection "model.sql_practice.stg_order_items"
[0m02:57:08.781704 [debug] [Thread-1 (]: On model.sql_practice.stg_customers: /* {"app": "dbt", "dbt_version": "1.8.9", "profile_name": "sql_practice", "target_name": "dev", "node_id": "model.sql_practice.stg_customers"} */
drop view if exists "practice"."main"."stg_customers__dbt_backup" cascade
[0m02:57:08.781934 [debug] [Thread-3 (]: On model.sql_practice.stg_employees: /* {"app": "dbt", "dbt_version": "1.8.9", "profile_name": "sql_practice", "target_name": "dev", "node_id": "model.sql_practice.stg_employees"} */
drop view if exists "practice"."main"."stg_employees__dbt_backup" cascade
[0m02:57:08.783558 [debug] [Thread-2 (]: On model.sql_practice.stg_departments: Close
[0m02:57:08.783786 [debug] [Thread-4 (]: On model.sql_practice.stg_order_items: /* {"app": "dbt", "dbt_version": "1.8.9", "profile_name": "sql_practice", "target_name": "dev", "node_id": "model.sql_practice.stg_order_items"} */
drop view if exists "practice"."main"."stg_order_items__dbt_backup" cascade
[0m02:57:08.784918 [debug] [Thread-2 (]: Sending event: {'category': 'dbt', 'action': 'run_model', 'label': 'e99abefb-bc0f-4f4f-930f-d5aa68a260d1', 'context': [<snowplow_tracker.self_describing_json.SelfDescribingJson object at 0x783ce6d16850>]}
[0m02:57:08.785231 [debug] [Thread-3 (]: SQL status: OK in 0.001 seconds
[0m02:57:08.785457 [debug] [Thread-1 (]: SQL status: OK in 0.001 seconds
[0m02:57:08.785867 [info ] [Thread-2 (]: 2 of 7 OK created sql view model main.stg_departments .......................... [[32mOK[0m in 0.14s]
[0m02:57:08.786136 [debug] [Thread-4 (]: SQL status: OK in 0.001 seconds
[0m02:57:08.786969 [debug] [Thread-3 (]: On model.sql_practice.stg_employees: Close
[0m02:57:08.787838 [debug] [Thread-1 (]: On model.sql_practice.stg_customers: Close
[0m02:57:08.788209 [debug] [Thread-2 (]: Finished running node model.sql_practice.stg_departments
[0m02:57:08.789031 [debug] [Thread-4 (]: On model.sql_practice.stg_order_items: Close
[0m02:57:08.789453 [debug] [Thread-3 (]: Sending event: {'category': 'dbt', 'action': 'run_model', 'label': 'e99abefb-bc0f-4f4f-930f-d5aa68a260d1', 'context': [<snowplow_tracker.self_describing_json.SelfDescribingJson object at 0x783ce6ed3190>]}
[0m02:57:08.789771 [debug] [Thread-1 (]: Sending event: {'category': 'dbt', 'action': 'run_model', 'label': 'e99abefb-bc0f-4f4f-930f-d5aa68a260d1', 'context': [<snowplow_tracker.self_describing_json.SelfDescribingJson object at 0x783ce6d14f50>]}
[0m02:57:08.790058 [debug] [Thread-2 (]: Began running node model.sql_practice.stg_orders
[0m02:57:08.790501 [info ] [Thread-3 (]: 3 of 7 OK created sql view model main.stg_employees ............................ [[32mOK[0m in 0.15s]
[0m02:57:08.790896 [info ] [Thread-1 (]: 1 of 7 OK created sql view model main.stg_customers ............................ [[32mOK[0m in 0.15s]
[0m02:57:08.791225 [info ] [Thread-2 (]: 5 of 7 START sql view model main.stg_orders .................................... [RUN]
[0m02:57:08.791566 [debug] [Thread-3 (]: Finished running node model.sql_practice.stg_employees
[0m02:57:08.791905 [debug] [Thread-1 (]: Finished running node model.sql_practice.stg_customers
[0m02:57:08.792155 [debug] [Thread-2 (]: Re-using an available connection from the pool (formerly model.sql_practice.stg_departments, now model.sql_practice.stg_orders)
[0m02:57:08.792414 [debug] [Thread-3 (]: Began running node model.sql_practice.stg_products
[0m02:57:08.792743 [debug] [Thread-2 (]: Began compiling node model.sql_practice.stg_orders
[0m02:57:08.793054 [info ] [Thread-3 (]: 6 of 7 START sql view model main.stg_products .................................. [RUN]
[0m02:57:08.795518 [debug] [Thread-2 (]: Writing injected SQL for node "model.sql_practice.stg_orders"
[0m02:57:08.795928 [debug] [Thread-4 (]: Sending event: {'category': 'dbt', 'action': 'run_model', 'label': 'e99abefb-bc0f-4f4f-930f-d5aa68a260d1', 'context': [<snowplow_tracker.self_describing_json.SelfDescribingJson object at 0x783ce6d20d10>]}
[0m02:57:08.796252 [debug] [Thread-3 (]: Re-using an available connection from the pool (formerly model.sql_practice.stg_employees, now model.sql_practice.stg_products)
[0m02:57:08.796699 [info ] [Thread-4 (]: 4 of 7 OK created sql view model main.stg_order_items .......................... [[32mOK[0m in 0.15s]
[0m02:57:08.796984 [debug] [Thread-3 (]: Began compiling node model.sql_practice.stg_products
[0m02:57:08.797244 [debug] [Thread-2 (]: Began executing node model.sql_practice.stg_orders
[0m02:57:08.797544 [debug] [Thread-4 (]: Finished running node model.sql_practice.stg_order_items
[0m02:57:08.799412 [debug] [Thread-3 (]: Writing injected SQL for node "model.sql_practice.stg_products"
[0m02:57:08.802666 [debug] [Thread-2 (]: Writing runtime sql for node "model.sql_practice.stg_orders"
[0m02:57:08.803164 [debug] [Thread-3 (]: Began executing node model.sql_practice.stg_products
[0m02:57:08.803403 [debug] [Thread-2 (]: Using duckdb connection "model.sql_practice.stg_orders"
[0m02:57:08.805545 [debug] [Thread-3 (]: Writing runtime sql for node "model.sql_practice.stg_products"
[0m02:57:08.805775 [debug] [Thread-2 (]: On model.sql_practice.stg_orders: BEGIN
[0m02:57:08.806037 [debug] [Thread-2 (]: Opening a new connection, currently in state closed
[0m02:57:08.806251 [debug] [Thread-3 (]: Using duckdb connection "model.sql_practice.stg_products"
[0m02:57:08.806570 [debug] [Thread-3 (]: On model.sql_practice.stg_products: BEGIN
[0m02:57:08.806743 [debug] [Thread-3 (]: Opening a new connection, currently in state closed
[0m02:57:08.814546 [debug] [Thread-2 (]: SQL status: OK in 0.008 seconds
[0m02:57:08.814854 [debug] [Thread-3 (]: SQL status: OK in 0.008 seconds
[0m02:57:08.815055 [debug] [Thread-2 (]: Using duckdb connection "model.sql_practice.stg_orders"
[0m02:57:08.815275 [debug] [Thread-3 (]: Using duckdb connection "model.sql_practice.stg_products"
[0m02:57:08.815507 [debug] [Thread-2 (]: On model.sql_practice.stg_orders: /* {"app": "dbt", "dbt_version": "1.8.9", "profile_name": "sql_practice", "target_name": "dev", "node_id": "model.sql_practice.stg_orders"} */

  
  create view "practice"."main"."stg_orders__dbt_tmp" as (
    with source as (
    select * from "practice"."main"."orders"
)
select
    order_id,
    customer_id,
    cast(order_date as date) as order_date,
    status
from source
  );

[0m02:57:08.815728 [debug] [Thread-3 (]: On model.sql_practice.stg_products: /* {"app": "dbt", "dbt_version": "1.8.9", "profile_name": "sql_practice", "target_name": "dev", "node_id": "model.sql_practice.stg_products"} */

  
  create view "practice"."main"."stg_products__dbt_tmp" as (
    with source as (
    select * from "practice"."main"."products"
)
select
    product_id,
    product_name,
    category,
    cast(price as decimal(10,2)) as price
from source
  );

[0m02:57:08.816347 [debug] [Thread-2 (]: SQL status: OK in 0.000 seconds
[0m02:57:08.816574 [debug] [Thread-3 (]: SQL status: OK in 0.001 seconds
[0m02:57:08.818606 [debug] [Thread-2 (]: Using duckdb connection "model.sql_practice.stg_orders"
[0m02:57:08.820536 [debug] [Thread-3 (]: Using duckdb connection "model.sql_practice.stg_products"
[0m02:57:08.820867 [debug] [Thread-2 (]: On model.sql_practice.stg_orders: /* {"app": "dbt", "dbt_version": "1.8.9", "profile_name": "sql_practice", "target_name": "dev", "node_id": "model.sql_practice.stg_orders"} */
alter view "practice"."main"."stg_orders__dbt_tmp" rename to "stg_orders"
[0m02:57:08.821124 [debug] [Thread-3 (]: On model.sql_practice.stg_products: /* {"app": "dbt", "dbt_version": "1.8.9", "profile_name": "sql_practice", "target_name": "dev", "node_id": "model.sql_practice.stg_products"} */
alter view "practice"."main"."stg_products__dbt_tmp" rename to "stg_products"
[0m02:57:08.821817 [debug] [Thread-3 (]: SQL status: OK in 0.000 seconds
[0m02:57:08.822018 [debug] [Thread-2 (]: SQL status: OK in 0.001 seconds
[0m02:57:08.822947 [debug] [Thread-3 (]: On model.sql_practice.stg_products: COMMIT
[0m02:57:08.823825 [debug] [Thread-2 (]: On model.sql_practice.stg_orders: COMMIT
[0m02:57:08.824080 [debug] [Thread-3 (]: Using duckdb connection "model.sql_practice.stg_products"
[0m02:57:08.824301 [debug] [Thread-2 (]: Using duckdb connection "model.sql_practice.stg_orders"
[0m02:57:08.824510 [debug] [Thread-3 (]: On model.sql_practice.stg_products: COMMIT
[0m02:57:08.824726 [debug] [Thread-2 (]: On model.sql_practice.stg_orders: COMMIT
[0m02:57:08.826415 [debug] [Thread-3 (]: SQL status: OK in 0.001 seconds
[0m02:57:08.828292 [debug] [Thread-3 (]: Using duckdb connection "model.sql_practice.stg_products"
[0m02:57:08.828554 [debug] [Thread-3 (]: On model.sql_practice.stg_products: /* {"app": "dbt", "dbt_version": "1.8.9", "profile_name": "sql_practice", "target_name": "dev", "node_id": "model.sql_practice.stg_products"} */
drop view if exists "practice"."main"."stg_products__dbt_backup" cascade
[0m02:57:08.828818 [debug] [Thread-2 (]: SQL status: OK in 0.004 seconds
[0m02:57:08.830918 [debug] [Thread-2 (]: Using duckdb connection "model.sql_practice.stg_orders"
[0m02:57:08.831162 [debug] [Thread-2 (]: On model.sql_practice.stg_orders: /* {"app": "dbt", "dbt_version": "1.8.9", "profile_name": "sql_practice", "target_name": "dev", "node_id": "model.sql_practice.stg_orders"} */
drop view if exists "practice"."main"."stg_orders__dbt_backup" cascade
[0m02:57:08.831372 [debug] [Thread-3 (]: SQL status: OK in 0.002 seconds
[0m02:57:08.832329 [debug] [Thread-3 (]: On model.sql_practice.stg_products: Close
[0m02:57:08.832559 [debug] [Thread-2 (]: SQL status: OK in 0.001 seconds
[0m02:57:08.832853 [debug] [Thread-3 (]: Sending event: {'category': 'dbt', 'action': 'run_model', 'label': 'e99abefb-bc0f-4f4f-930f-d5aa68a260d1', 'context': [<snowplow_tracker.self_describing_json.SelfDescribingJson object at 0x783ce6d28490>]}
[0m02:57:08.833686 [debug] [Thread-2 (]: On model.sql_practice.stg_orders: Close
[0m02:57:08.834068 [info ] [Thread-3 (]: 6 of 7 OK created sql view model main.stg_products ............................. [[32mOK[0m in 0.04s]
[0m02:57:08.834479 [debug] [Thread-3 (]: Finished running node model.sql_practice.stg_products
[0m02:57:08.839645 [debug] [Thread-2 (]: Sending event: {'category': 'dbt', 'action': 'run_model', 'label': 'e99abefb-bc0f-4f4f-930f-d5aa68a260d1', 'context': [<snowplow_tracker.self_describing_json.SelfDescribingJson object at 0x783ce7707f10>]}
[0m02:57:08.840120 [info ] [Thread-2 (]: 5 of 7 OK created sql view model main.stg_orders ............................... [[32mOK[0m in 0.05s]
[0m02:57:08.840507 [debug] [Thread-2 (]: Finished running node model.sql_practice.stg_orders
[0m02:57:08.841073 [debug] [Thread-1 (]: Began running node model.sql_practice.fct_order_items
[0m02:57:08.841389 [info ] [Thread-1 (]: 7 of 7 START sql table model main.fct_order_items .............................. [RUN]
[0m02:57:08.841663 [debug] [Thread-1 (]: Re-using an available connection from the pool (formerly model.sql_practice.stg_customers, now model.sql_practice.fct_order_items)
[0m02:57:08.841861 [debug] [Thread-1 (]: Began compiling node model.sql_practice.fct_order_items
[0m02:57:08.844362 [debug] [Thread-1 (]: Writing injected SQL for node "model.sql_practice.fct_order_items"
[0m02:57:08.844754 [debug] [Thread-1 (]: Began executing node model.sql_practice.fct_order_items
[0m02:57:08.858239 [debug] [Thread-1 (]: Writing runtime sql for node "model.sql_practice.fct_order_items"
[0m02:57:08.858681 [debug] [Thread-1 (]: Using duckdb connection "model.sql_practice.fct_order_items"
[0m02:57:08.858896 [debug] [Thread-1 (]: On model.sql_practice.fct_order_items: BEGIN
[0m02:57:08.859072 [debug] [Thread-1 (]: Opening a new connection, currently in state closed
[0m02:57:08.868277 [debug] [Thread-1 (]: SQL status: OK in 0.009 seconds
[0m02:57:08.868595 [debug] [Thread-1 (]: Using duckdb connection "model.sql_practice.fct_order_items"
[0m02:57:08.868850 [debug] [Thread-1 (]: On model.sql_practice.fct_order_items: /* {"app": "dbt", "dbt_version": "1.8.9", "profile_name": "sql_practice", "target_name": "dev", "node_id": "model.sql_practice.fct_order_items"} */

  
    
    

    create  table
      "practice"."main"."fct_order_items__dbt_tmp"
  
    as (
      -- One row per order line, enriched with customer + product + revenue.
-- Bảng "phẳng" tiện cho việc luyện tập: join sẵn order + item + product + customer.
with items as (
    select * from "practice"."main"."stg_order_items"
),
orders as (
    select * from "practice"."main"."stg_orders"
),
products as (
    select * from "practice"."main"."stg_products"
),
customers as (
    select * from "practice"."main"."stg_customers"
)
select
    i.order_item_id,
    i.order_id,
    o.order_date,
    o.status,
    o.customer_id,
    c.customer_name,
    c.country,
    i.product_id,
    p.product_name,
    p.category,
    p.price,
    i.quantity,
    p.price * i.quantity as line_revenue
from items i
join orders    o on i.order_id    = o.order_id
join products  p on i.product_id  = p.product_id
join customers c on o.customer_id = c.customer_id
    );
  
  
[0m02:57:08.872476 [debug] [Thread-1 (]: SQL status: OK in 0.003 seconds
[0m02:57:08.874631 [debug] [Thread-1 (]: Using duckdb connection "model.sql_practice.fct_order_items"
[0m02:57:08.874838 [debug] [Thread-1 (]: On model.sql_practice.fct_order_items: /* {"app": "dbt", "dbt_version": "1.8.9", "profile_name": "sql_practice", "target_name": "dev", "node_id": "model.sql_practice.fct_order_items"} */
alter table "practice"."main"."fct_order_items__dbt_tmp" rename to "fct_order_items"
[0m02:57:08.875307 [debug] [Thread-1 (]: SQL status: OK in 0.000 seconds
[0m02:57:08.878725 [debug] [Thread-1 (]: On model.sql_practice.fct_order_items: COMMIT
[0m02:57:08.878957 [debug] [Thread-1 (]: Using duckdb connection "model.sql_practice.fct_order_items"
[0m02:57:08.879138 [debug] [Thread-1 (]: On model.sql_practice.fct_order_items: COMMIT
[0m02:57:08.880915 [debug] [Thread-1 (]: SQL status: OK in 0.002 seconds
[0m02:57:08.883585 [debug] [Thread-1 (]: Using duckdb connection "model.sql_practice.fct_order_items"
[0m02:57:08.883809 [debug] [Thread-1 (]: On model.sql_practice.fct_order_items: /* {"app": "dbt", "dbt_version": "1.8.9", "profile_name": "sql_practice", "target_name": "dev", "node_id": "model.sql_practice.fct_order_items"} */
drop table if exists "practice"."main"."fct_order_items__dbt_backup" cascade
[0m02:57:08.884263 [debug] [Thread-1 (]: SQL status: OK in 0.000 seconds
[0m02:57:08.885136 [debug] [Thread-1 (]: On model.sql_practice.fct_order_items: Close
[0m02:57:08.894187 [debug] [Thread-1 (]: Sending event: {'category': 'dbt', 'action': 'run_model', 'label': 'e99abefb-bc0f-4f4f-930f-d5aa68a260d1', 'context': [<snowplow_tracker.self_describing_json.SelfDescribingJson object at 0x783ce7741090>]}
[0m02:57:08.894709 [info ] [Thread-1 (]: 7 of 7 OK created sql table model main.fct_order_items ......................... [[32mOK[0m in 0.05s]
[0m02:57:08.895070 [debug] [Thread-1 (]: Finished running node model.sql_practice.fct_order_items
[0m02:57:08.895954 [debug] [MainThread]: Using duckdb connection "master"
[0m02:57:08.896155 [debug] [MainThread]: On master: BEGIN
[0m02:57:08.896316 [debug] [MainThread]: Opening a new connection, currently in state closed
[0m02:57:08.904747 [debug] [MainThread]: SQL status: OK in 0.008 seconds
[0m02:57:08.905010 [debug] [MainThread]: On master: COMMIT
[0m02:57:08.905187 [debug] [MainThread]: Using duckdb connection "master"
[0m02:57:08.905348 [debug] [MainThread]: On master: COMMIT
[0m02:57:08.905666 [debug] [MainThread]: SQL status: OK in 0.000 seconds
[0m02:57:08.905847 [debug] [MainThread]: On master: Close
[0m02:57:08.907115 [debug] [MainThread]: Connection 'master' was properly closed.
[0m02:57:08.907303 [debug] [MainThread]: Connection 'list_practice_main' was properly closed.
[0m02:57:08.907441 [debug] [MainThread]: Connection 'model.sql_practice.fct_order_items' was properly closed.
[0m02:57:08.907567 [debug] [MainThread]: Connection 'model.sql_practice.stg_orders' was properly closed.
[0m02:57:08.907688 [debug] [MainThread]: Connection 'model.sql_practice.stg_products' was properly closed.
[0m02:57:08.907808 [debug] [MainThread]: Connection 'model.sql_practice.stg_order_items' was properly closed.
[0m02:57:08.908031 [info ] [MainThread]: 
[0m02:57:08.908248 [info ] [MainThread]: Finished running 6 view models, 1 table model in 0 hours 0 minutes and 0.36 seconds (0.36s).
[0m02:57:08.909102 [debug] [MainThread]: Command end result
[0m02:57:08.938252 [info ] [MainThread]: 
[0m02:57:08.938615 [info ] [MainThread]: [32mCompleted successfully[0m
[0m02:57:08.938826 [info ] [MainThread]: 
[0m02:57:08.939022 [info ] [MainThread]: Done. PASS=7 WARN=0 ERROR=0 SKIP=0 TOTAL=7
[0m02:57:08.939560 [debug] [MainThread]: Resource report: {"command_name": "run", "command_success": true, "command_wall_clock_time": 0.7865697, "process_in_blocks": "0", "process_kernel_time": 0.140083, "process_mem_max_rss": "172800", "process_out_blocks": "5096", "process_user_time": 1.463321}
[0m02:57:08.939861 [debug] [MainThread]: Command `dbt run` succeeded at 02:57:08.939795 after 0.79 seconds
[0m02:57:08.940060 [debug] [MainThread]: Sending event: {'category': 'dbt', 'action': 'invocation', 'label': 'end', 'context': [<snowplow_tracker.self_describing_json.SelfDescribingJson object at 0x783cf636d110>, <snowplow_tracker.self_describing_json.SelfDescribingJson object at 0x783cf636c690>, <snowplow_tracker.self_describing_json.SelfDescribingJson object at 0x783cf636d6d0>]}
[0m02:57:08.940258 [debug] [MainThread]: Flushing usage events
[0m02:57:11.249368 [debug] [MainThread]: Sending event: {'category': 'dbt', 'action': 'invocation', 'label': 'start', 'context': [<snowplow_tracker.self_describing_json.SelfDescribingJson object at 0x7a8c0467e710>, <snowplow_tracker.self_describing_json.SelfDescribingJson object at 0x7a8c04770510>, <snowplow_tracker.self_describing_json.SelfDescribingJson object at 0x7a8c04676950>]}


============================== 02:57:11.251291 | 44b7cd7e-82b1-40df-bf98-ef93900d95a3 ==============================
[0m02:57:11.251291 [info ] [MainThread]: Running with dbt=1.8.9
[0m02:57:11.251726 [debug] [MainThread]: running dbt with arguments {'printer_width': '80', 'indirect_selection': 'eager', 'log_cache_events': 'False', 'write_json': 'True', 'partial_parse': 'True', 'cache_selected_only': 'False', 'warn_error': 'None', 'fail_fast': 'False', 'debug': 'False', 'log_path': '/usr/app/dbt/logs', 'version_check': 'True', 'profiles_dir': '/usr/app/dbt', 'use_colors': 'True', 'use_experimental_parser': 'False', 'empty': 'None', 'quiet': 'False', 'no_print': 'None', 'log_format': 'default', 'introspect': 'True', 'warn_error_options': 'WarnErrorOptions(include=[], exclude=[])', 'invocation_command': 'dbt test', 'target_path': 'None', 'static_parser': 'True', 'send_anonymous_usage_stats': 'True'}
[0m02:57:11.378174 [debug] [MainThread]: Sending event: {'category': 'dbt', 'action': 'project_id', 'label': '44b7cd7e-82b1-40df-bf98-ef93900d95a3', 'context': [<snowplow_tracker.self_describing_json.SelfDescribingJson object at 0x7a8c046be990>]}
[0m02:57:11.412734 [debug] [MainThread]: Sending event: {'category': 'dbt', 'action': 'adapter_info', 'label': '44b7cd7e-82b1-40df-bf98-ef93900d95a3', 'context': [<snowplow_tracker.self_describing_json.SelfDescribingJson object at 0x7a8c06beeb50>]}
[0m02:57:11.413729 [info ] [MainThread]: Registered adapter: duckdb=1.8.4
[0m02:57:11.463830 [debug] [MainThread]: checksum: 132857a23e9d07220246854f7763165174ce9b737cfc7867629ace4294e520b1, vars: {}, profile: , target: , version: 1.8.9
[0m02:57:11.537355 [debug] [MainThread]: Partial parsing enabled: 0 files deleted, 0 files added, 0 files changed.
[0m02:57:11.537604 [debug] [MainThread]: Partial parsing enabled, no changes found, skipping parsing
[0m02:57:11.567664 [debug] [MainThread]: Sending event: {'category': 'dbt', 'action': 'load_project', 'label': '44b7cd7e-82b1-40df-bf98-ef93900d95a3', 'context': [<snowplow_tracker.self_describing_json.SelfDescribingJson object at 0x7a8bfa88d750>]}
[0m02:57:11.636414 [debug] [MainThread]: Sending event: {'category': 'dbt', 'action': 'resource_counts', 'label': '44b7cd7e-82b1-40df-bf98-ef93900d95a3', 'context': [<snowplow_tracker.self_describing_json.SelfDescribingJson object at 0x7a8bfa397c90>]}
[0m02:57:11.636743 [info ] [MainThread]: Found 7 models, 6 seeds, 40 data tests, 542 macros
[0m02:57:11.636958 [debug] [MainThread]: Sending event: {'category': 'dbt', 'action': 'runnable_timing', 'label': '44b7cd7e-82b1-40df-bf98-ef93900d95a3', 'context': [<snowplow_tracker.self_describing_json.SelfDescribingJson object at 0x7a8bfa87f390>]}
[0m02:57:11.639310 [info ] [MainThread]: 
[0m02:57:11.639655 [debug] [MainThread]: Acquiring new duckdb connection 'master'
[0m02:57:11.643213 [debug] [ThreadPool]: Acquiring new duckdb connection 'list_practice_main'
[0m02:57:11.706995 [debug] [ThreadPool]: Using duckdb connection "list_practice_main"
[0m02:57:11.707307 [debug] [ThreadPool]: On list_practice_main: BEGIN
[0m02:57:11.707474 [debug] [ThreadPool]: Opening a new connection, currently in state init
[0m02:57:11.717016 [debug] [ThreadPool]: SQL status: OK in 0.009 seconds
[0m02:57:11.717302 [debug] [ThreadPool]: Using duckdb connection "list_practice_main"
[0m02:57:11.717491 [debug] [ThreadPool]: On list_practice_main: /* {"app": "dbt", "dbt_version": "1.8.9", "profile_name": "sql_practice", "target_name": "dev", "connection_name": "list_practice_main"} */
select
      'practice' as database,
      table_name as name,
      table_schema as schema,
      CASE table_type
        WHEN 'BASE TABLE' THEN 'table'
        WHEN 'VIEW' THEN 'view'
        WHEN 'LOCAL TEMPORARY' THEN 'table'
        END as type
    from system.information_schema.tables
    where table_schema = 'main'
    and table_catalog = 'practice'
  
[0m02:57:11.719789 [debug] [ThreadPool]: SQL status: OK in 0.002 seconds
[0m02:57:11.720816 [debug] [ThreadPool]: On list_practice_main: ROLLBACK
[0m02:57:11.721259 [debug] [ThreadPool]: Failed to rollback 'list_practice_main'
[0m02:57:11.721423 [debug] [ThreadPool]: On list_practice_main: Close
[0m02:57:11.724405 [debug] [MainThread]: Sending event: {'category': 'dbt', 'action': 'runnable_timing', 'label': '44b7cd7e-82b1-40df-bf98-ef93900d95a3', 'context': [<snowplow_tracker.self_describing_json.SelfDescribingJson object at 0x7a8c04729650>]}
[0m02:57:11.724713 [debug] [MainThread]: Using duckdb connection "master"
[0m02:57:11.724877 [debug] [MainThread]: On master: BEGIN
[0m02:57:11.725022 [debug] [MainThread]: Opening a new connection, currently in state init
[0m02:57:11.733695 [debug] [MainThread]: SQL status: OK in 0.009 seconds
[0m02:57:11.733955 [debug] [MainThread]: On master: COMMIT
[0m02:57:11.734165 [debug] [MainThread]: Using duckdb connection "master"
[0m02:57:11.734340 [debug] [MainThread]: On master: COMMIT
[0m02:57:11.734659 [debug] [MainThread]: SQL status: OK in 0.000 seconds
[0m02:57:11.734837 [debug] [MainThread]: On master: Close
[0m02:57:11.736178 [info ] [MainThread]: Concurrency: 4 threads (target='dev')
[0m02:57:11.736405 [info ] [MainThread]: 
[0m02:57:11.738445 [debug] [Thread-1 (]: Began running node test.sql_practice.accepted_values_orders_status__completed__pending__cancelled__shipped.5fceb6c66f
[0m02:57:11.738787 [debug] [Thread-2 (]: Began running node test.sql_practice.accepted_values_products_category__Electronics__Furniture__Appliances__Stationery.8a2bcb2a9e
[0m02:57:11.739063 [debug] [Thread-3 (]: Began running node test.sql_practice.accepted_values_stg_orders_status__completed__pending__cancelled__shipped.4d838d4131
[0m02:57:11.739333 [debug] [Thread-4 (]: Began running node test.sql_practice.dbt_utils_accepted_range_stg_order_items_quantity__True__1.1fa2a837a3
[0m02:57:11.739575 [info ] [Thread-1 (]: 1 of 40 START test accepted_values_orders_status__completed__pending__cancelled__shipped  [RUN]
[0m02:57:11.739846 [info ] [Thread-2 (]: 2 of 40 START test accepted_values_products_category__Electronics__Furniture__Appliances__Stationery  [RUN]
[0m02:57:11.740101 [info ] [Thread-3 (]: 3 of 40 START test accepted_values_stg_orders_status__completed__pending__cancelled__shipped  [RUN]
[0m02:57:11.740377 [info ] [Thread-4 (]: 4 of 40 START test dbt_utils_accepted_range_stg_order_items_quantity__True__1 .. [RUN]
[0m02:57:11.740737 [debug] [Thread-1 (]: Acquiring new duckdb connection 'test.sql_practice.accepted_values_orders_status__completed__pending__cancelled__shipped.5fceb6c66f'
[0m02:57:11.741060 [debug] [Thread-2 (]: Acquiring new duckdb connection 'test.sql_practice.accepted_values_products_category__Electronics__Furniture__Appliances__Stationery.8a2bcb2a9e'
[0m02:57:11.741359 [debug] [Thread-3 (]: Acquiring new duckdb connection 'test.sql_practice.accepted_values_stg_orders_status__completed__pending__cancelled__shipped.4d838d4131'
[0m02:57:11.741671 [debug] [Thread-4 (]: Acquiring new duckdb connection 'test.sql_practice.dbt_utils_accepted_range_stg_order_items_quantity__True__1.1fa2a837a3'
[0m02:57:11.741894 [debug] [Thread-1 (]: Began compiling node test.sql_practice.accepted_values_orders_status__completed__pending__cancelled__shipped.5fceb6c66f
[0m02:57:11.742101 [debug] [Thread-2 (]: Began compiling node test.sql_practice.accepted_values_products_category__Electronics__Furniture__Appliances__Stationery.8a2bcb2a9e
[0m02:57:11.742329 [debug] [Thread-3 (]: Began compiling node test.sql_practice.accepted_values_stg_orders_status__completed__pending__cancelled__shipped.4d838d4131
[0m02:57:11.742530 [debug] [Thread-4 (]: Began compiling node test.sql_practice.dbt_utils_accepted_range_stg_order_items_quantity__True__1.1fa2a837a3
[0m02:57:11.754738 [debug] [Thread-1 (]: Writing injected SQL for node "test.sql_practice.accepted_values_orders_status__completed__pending__cancelled__shipped.5fceb6c66f"
[0m02:57:11.758914 [debug] [Thread-2 (]: Writing injected SQL for node "test.sql_practice.accepted_values_products_category__Electronics__Furniture__Appliances__Stationery.8a2bcb2a9e"
[0m02:57:11.761624 [debug] [Thread-3 (]: Writing injected SQL for node "test.sql_practice.accepted_values_stg_orders_status__completed__pending__cancelled__shipped.4d838d4131"
[0m02:57:11.767104 [debug] [Thread-4 (]: Writing injected SQL for node "test.sql_practice.dbt_utils_accepted_range_stg_order_items_quantity__True__1.1fa2a837a3"
[0m02:57:11.767722 [debug] [Thread-2 (]: Began executing node test.sql_practice.accepted_values_products_category__Electronics__Furniture__Appliances__Stationery.8a2bcb2a9e
[0m02:57:11.768121 [debug] [Thread-1 (]: Began executing node test.sql_practice.accepted_values_orders_status__completed__pending__cancelled__shipped.5fceb6c66f
[0m02:57:11.768443 [debug] [Thread-3 (]: Began executing node test.sql_practice.accepted_values_stg_orders_status__completed__pending__cancelled__shipped.4d838d4131
[0m02:57:11.773893 [debug] [Thread-4 (]: Began executing node test.sql_practice.dbt_utils_accepted_range_stg_order_items_quantity__True__1.1fa2a837a3
[0m02:57:11.782297 [debug] [Thread-2 (]: Writing runtime sql for node "test.sql_practice.accepted_values_products_category__Electronics__Furniture__Appliances__Stationery.8a2bcb2a9e"
[0m02:57:11.785149 [debug] [Thread-1 (]: Writing runtime sql for node "test.sql_practice.accepted_values_orders_status__completed__pending__cancelled__shipped.5fceb6c66f"
[0m02:57:11.786672 [debug] [Thread-3 (]: Writing runtime sql for node "test.sql_practice.accepted_values_stg_orders_status__completed__pending__cancelled__shipped.4d838d4131"
[0m02:57:11.788307 [debug] [Thread-4 (]: Writing runtime sql for node "test.sql_practice.dbt_utils_accepted_range_stg_order_items_quantity__True__1.1fa2a837a3"
[0m02:57:11.788927 [debug] [Thread-2 (]: Using duckdb connection "test.sql_practice.accepted_values_products_category__Electronics__Furniture__Appliances__Stationery.8a2bcb2a9e"
[0m02:57:11.789200 [debug] [Thread-1 (]: Using duckdb connection "test.sql_practice.accepted_values_orders_status__completed__pending__cancelled__shipped.5fceb6c66f"
[0m02:57:11.789593 [debug] [Thread-2 (]: On test.sql_practice.accepted_values_products_category__Electronics__Furniture__Appliances__Stationery.8a2bcb2a9e: BEGIN
[0m02:57:11.789838 [debug] [Thread-3 (]: Using duckdb connection "test.sql_practice.accepted_values_stg_orders_status__completed__pending__cancelled__shipped.4d838d4131"
[0m02:57:11.790101 [debug] [Thread-4 (]: Using duckdb connection "test.sql_practice.dbt_utils_accepted_range_stg_order_items_quantity__True__1.1fa2a837a3"
[0m02:57:11.790401 [debug] [Thread-1 (]: On test.sql_practice.accepted_values_orders_status__completed__pending__cancelled__shipped.5fceb6c66f: BEGIN
[0m02:57:11.790682 [debug] [Thread-2 (]: Opening a new connection, currently in state init
[0m02:57:11.790920 [debug] [Thread-3 (]: On test.sql_practice.accepted_values_stg_orders_status__completed__pending__cancelled__shipped.4d838d4131: BEGIN
[0m02:57:11.791139 [debug] [Thread-4 (]: On test.sql_practice.dbt_utils_accepted_range_stg_order_items_quantity__True__1.1fa2a837a3: BEGIN
[0m02:57:11.791415 [debug] [Thread-1 (]: Opening a new connection, currently in state init
[0m02:57:11.791803 [debug] [Thread-3 (]: Opening a new connection, currently in state init
[0m02:57:11.792037 [debug] [Thread-4 (]: Opening a new connection, currently in state init
[0m02:57:11.801168 [debug] [Thread-2 (]: SQL status: OK in 0.010 seconds
[0m02:57:11.801505 [debug] [Thread-3 (]: SQL status: OK in 0.010 seconds
[0m02:57:11.801737 [debug] [Thread-1 (]: SQL status: OK in 0.010 seconds
[0m02:57:11.801972 [debug] [Thread-2 (]: Using duckdb connection "test.sql_practice.accepted_values_products_category__Electronics__Furniture__Appliances__Stationery.8a2bcb2a9e"
[0m02:57:11.802231 [debug] [Thread-4 (]: SQL status: OK in 0.010 seconds
[0m02:57:11.802466 [debug] [Thread-3 (]: Using duckdb connection "test.sql_practice.accepted_values_stg_orders_status__completed__pending__cancelled__shipped.4d838d4131"
[0m02:57:11.802689 [debug] [Thread-1 (]: Using duckdb connection "test.sql_practice.accepted_values_orders_status__completed__pending__cancelled__shipped.5fceb6c66f"
[0m02:57:11.802937 [debug] [Thread-2 (]: On test.sql_practice.accepted_values_products_category__Electronics__Furniture__Appliances__Stationery.8a2bcb2a9e: /* {"app": "dbt", "dbt_version": "1.8.9", "profile_name": "sql_practice", "target_name": "dev", "node_id": "test.sql_practice.accepted_values_products_category__Electronics__Furniture__Appliances__Stationery.8a2bcb2a9e"} */

    select
      count(*) as failures,
      count(*) != 0 as should_warn,
      count(*) != 0 as should_error
    from (
      
    
  
    
    

with all_values as (

    select
        category as value_field,
        count(*) as n_records

    from "practice"."main"."products"
    group by category

)

select *
from all_values
where value_field not in (
    'Electronics','Furniture','Appliances','Stationery'
)



  
  
      
    ) dbt_internal_test
[0m02:57:11.803200 [debug] [Thread-4 (]: Using duckdb connection "test.sql_practice.dbt_utils_accepted_range_stg_order_items_quantity__True__1.1fa2a837a3"
[0m02:57:11.803431 [debug] [Thread-3 (]: On test.sql_practice.accepted_values_stg_orders_status__completed__pending__cancelled__shipped.4d838d4131: /* {"app": "dbt", "dbt_version": "1.8.9", "profile_name": "sql_practice", "target_name": "dev", "node_id": "test.sql_practice.accepted_values_stg_orders_status__completed__pending__cancelled__shipped.4d838d4131"} */

    select
      count(*) as failures,
      count(*) != 0 as should_warn,
      count(*) != 0 as should_error
    from (
      
    
  
    
    

with all_values as (

    select
        status as value_field,
        count(*) as n_records

    from "practice"."main"."stg_orders"
    group by status

)

select *
from all_values
where value_field not in (
    'completed','pending','cancelled','shipped'
)



  
  
      
    ) dbt_internal_test
[0m02:57:11.803667 [debug] [Thread-1 (]: On test.sql_practice.accepted_values_orders_status__completed__pending__cancelled__shipped.5fceb6c66f: /* {"app": "dbt", "dbt_version": "1.8.9", "profile_name": "sql_practice", "target_name": "dev", "node_id": "test.sql_practice.accepted_values_orders_status__completed__pending__cancelled__shipped.5fceb6c66f"} */

    select
      count(*) as failures,
      count(*) != 0 as should_warn,
      count(*) != 0 as should_error
    from (
      
    
  
    
    

with all_values as (

    select
        status as value_field,
        count(*) as n_records

    from "practice"."main"."orders"
    group by status

)

select *
from all_values
where value_field not in (
    'completed','pending','cancelled','shipped'
)



  
  
      
    ) dbt_internal_test
[0m02:57:11.804106 [debug] [Thread-4 (]: On test.sql_practice.dbt_utils_accepted_range_stg_order_items_quantity__True__1.1fa2a837a3: /* {"app": "dbt", "dbt_version": "1.8.9", "profile_name": "sql_practice", "target_name": "dev", "node_id": "test.sql_practice.dbt_utils_accepted_range_stg_order_items_quantity__True__1.1fa2a837a3"} */

    select
      count(*) as failures,
      count(*) != 0 as should_warn,
      count(*) != 0 as should_error
    from (
      
    
  

with meet_condition as(
  select *
  from "practice"."main"."stg_order_items"
),

validation_errors as (
  select *
  from meet_condition
  where
    -- never true, defaults to an empty result set. Exists to ensure any combo of the `or` clauses below succeeds
    1 = 2
    -- records with a value >= min_value are permitted. The `not` flips this to find records that don't meet the rule.
    or not quantity >= 1
)

select *
from validation_errors


  
  
      
    ) dbt_internal_test
[0m02:57:11.805065 [debug] [Thread-2 (]: SQL status: OK in 0.001 seconds
[0m02:57:11.805335 [debug] [Thread-1 (]: SQL status: OK in 0.001 seconds
[0m02:57:11.805564 [debug] [Thread-3 (]: SQL status: OK in 0.001 seconds
[0m02:57:11.805824 [debug] [Thread-4 (]: SQL status: OK in 0.001 seconds
[0m02:57:11.808711 [debug] [Thread-2 (]: On test.sql_practice.accepted_values_products_category__Electronics__Furniture__Appliances__Stationery.8a2bcb2a9e: ROLLBACK
[0m02:57:11.809686 [debug] [Thread-1 (]: On test.sql_practice.accepted_values_orders_status__completed__pending__cancelled__shipped.5fceb6c66f: ROLLBACK
[0m02:57:11.810598 [debug] [Thread-3 (]: On test.sql_practice.accepted_values_stg_orders_status__completed__pending__cancelled__shipped.4d838d4131: ROLLBACK
[0m02:57:11.811517 [debug] [Thread-4 (]: On test.sql_practice.dbt_utils_accepted_range_stg_order_items_quantity__True__1.1fa2a837a3: ROLLBACK
[0m02:57:11.811923 [debug] [Thread-2 (]: Failed to rollback 'test.sql_practice.accepted_values_products_category__Electronics__Furniture__Appliances__Stationery.8a2bcb2a9e'
[0m02:57:11.812281 [debug] [Thread-1 (]: Failed to rollback 'test.sql_practice.accepted_values_orders_status__completed__pending__cancelled__shipped.5fceb6c66f'
[0m02:57:11.812601 [debug] [Thread-3 (]: Failed to rollback 'test.sql_practice.accepted_values_stg_orders_status__completed__pending__cancelled__shipped.4d838d4131'
[0m02:57:11.812919 [debug] [Thread-4 (]: Failed to rollback 'test.sql_practice.dbt_utils_accepted_range_stg_order_items_quantity__True__1.1fa2a837a3'
[0m02:57:11.813139 [debug] [Thread-2 (]: On test.sql_practice.accepted_values_products_category__Electronics__Furniture__Appliances__Stationery.8a2bcb2a9e: Close
[0m02:57:11.813375 [debug] [Thread-1 (]: On test.sql_practice.accepted_values_orders_status__completed__pending__cancelled__shipped.5fceb6c66f: Close
[0m02:57:11.813582 [debug] [Thread-3 (]: On test.sql_practice.accepted_values_stg_orders_status__completed__pending__cancelled__shipped.4d838d4131: Close
[0m02:57:11.813796 [debug] [Thread-4 (]: On test.sql_practice.dbt_utils_accepted_range_stg_order_items_quantity__True__1.1fa2a837a3: Close
[0m02:57:11.814247 [info ] [Thread-2 (]: 2 of 40 PASS accepted_values_products_category__Electronics__Furniture__Appliances__Stationery  [[32mPASS[0m in 0.07s]
[0m02:57:11.814644 [info ] [Thread-1 (]: 1 of 40 PASS accepted_values_orders_status__completed__pending__cancelled__shipped  [[32mPASS[0m in 0.07s]
[0m02:57:11.815004 [info ] [Thread-3 (]: 3 of 40 PASS accepted_values_stg_orders_status__completed__pending__cancelled__shipped  [[32mPASS[0m in 0.07s]
[0m02:57:11.815490 [debug] [Thread-2 (]: Finished running node test.sql_practice.accepted_values_products_category__Electronics__Furniture__Appliances__Stationery.8a2bcb2a9e
[0m02:57:11.815896 [debug] [Thread-1 (]: Finished running node test.sql_practice.accepted_values_orders_status__completed__pending__cancelled__shipped.5fceb6c66f
[0m02:57:11.816289 [debug] [Thread-3 (]: Finished running node test.sql_practice.accepted_values_stg_orders_status__completed__pending__cancelled__shipped.4d838d4131
[0m02:57:11.816607 [debug] [Thread-2 (]: Began running node test.sql_practice.not_null_customers_customer_id.5c9bf9911d
[0m02:57:11.816942 [info ] [Thread-4 (]: 4 of 40 PASS dbt_utils_accepted_range_stg_order_items_quantity__True__1 ........ [[32mPASS[0m in 0.08s]
[0m02:57:11.817294 [debug] [Thread-1 (]: Began running node test.sql_practice.not_null_departments_department_id.7e7a16cad0
[0m02:57:11.817596 [debug] [Thread-3 (]: Began running node test.sql_practice.not_null_employees_employee_id.a19d53d619
[0m02:57:11.817851 [info ] [Thread-2 (]: 5 of 40 START test not_null_customers_customer_id .............................. [RUN]
[0m02:57:11.818226 [debug] [Thread-4 (]: Finished running node test.sql_practice.dbt_utils_accepted_range_stg_order_items_quantity__True__1.1fa2a837a3
[0m02:57:11.818450 [info ] [Thread-1 (]: 6 of 40 START test not_null_departments_department_id .......................... [RUN]
[0m02:57:11.818728 [info ] [Thread-3 (]: 7 of 40 START test not_null_employees_employee_id .............................. [RUN]
[0m02:57:11.819036 [debug] [Thread-2 (]: Re-using an available connection from the pool (formerly test.sql_practice.accepted_values_products_category__Electronics__Furniture__Appliances__Stationery.8a2bcb2a9e, now test.sql_practice.not_null_customers_customer_id.5c9bf9911d)
[0m02:57:11.819304 [debug] [Thread-4 (]: Began running node test.sql_practice.not_null_fct_order_items_line_revenue.681618439d
[0m02:57:11.819606 [debug] [Thread-1 (]: Re-using an available connection from the pool (formerly test.sql_practice.accepted_values_orders_status__completed__pending__cancelled__shipped.5fceb6c66f, now test.sql_practice.not_null_departments_department_id.7e7a16cad0)
[0m02:57:11.819861 [debug] [Thread-3 (]: Re-using an available connection from the pool (formerly test.sql_practice.accepted_values_stg_orders_status__completed__pending__cancelled__shipped.4d838d4131, now test.sql_practice.not_null_employees_employee_id.a19d53d619)
[0m02:57:11.820092 [debug] [Thread-2 (]: Began compiling node test.sql_practice.not_null_customers_customer_id.5c9bf9911d
[0m02:57:11.820313 [info ] [Thread-4 (]: 8 of 40 START test not_null_fct_order_items_line_revenue ....................... [RUN]
[0m02:57:11.820541 [debug] [Thread-1 (]: Began compiling node test.sql_practice.not_null_departments_department_id.7e7a16cad0
[0m02:57:11.820746 [debug] [Thread-3 (]: Began compiling node test.sql_practice.not_null_employees_employee_id.a19d53d619
[0m02:57:11.825930 [debug] [Thread-2 (]: Writing injected SQL for node "test.sql_practice.not_null_customers_customer_id.5c9bf9911d"
[0m02:57:11.826383 [debug] [Thread-4 (]: Re-using an available connection from the pool (formerly test.sql_practice.dbt_utils_accepted_range_stg_order_items_quantity__True__1.1fa2a837a3, now test.sql_practice.not_null_fct_order_items_line_revenue.681618439d)
[0m02:57:11.829290 [debug] [Thread-1 (]: Writing injected SQL for node "test.sql_practice.not_null_departments_department_id.7e7a16cad0"
[0m02:57:11.831932 [debug] [Thread-3 (]: Writing injected SQL for node "test.sql_practice.not_null_employees_employee_id.a19d53d619"
[0m02:57:11.832314 [debug] [Thread-4 (]: Began compiling node test.sql_practice.not_null_fct_order_items_line_revenue.681618439d
[0m02:57:11.832578 [debug] [Thread-2 (]: Began executing node test.sql_practice.not_null_customers_customer_id.5c9bf9911d
[0m02:57:11.832902 [debug] [Thread-1 (]: Began executing node test.sql_practice.not_null_departments_department_id.7e7a16cad0
[0m02:57:11.835555 [debug] [Thread-4 (]: Writing injected SQL for node "test.sql_practice.not_null_fct_order_items_line_revenue.681618439d"
[0m02:57:11.835796 [debug] [Thread-3 (]: Began executing node test.sql_practice.not_null_employees_employee_id.a19d53d619
[0m02:57:11.837388 [debug] [Thread-2 (]: Writing runtime sql for node "test.sql_practice.not_null_customers_customer_id.5c9bf9911d"
[0m02:57:11.838874 [debug] [Thread-1 (]: Writing runtime sql for node "test.sql_practice.not_null_departments_department_id.7e7a16cad0"
[0m02:57:11.840465 [debug] [Thread-3 (]: Writing runtime sql for node "test.sql_practice.not_null_employees_employee_id.a19d53d619"
[0m02:57:11.840789 [debug] [Thread-4 (]: Began executing node test.sql_practice.not_null_fct_order_items_line_revenue.681618439d
[0m02:57:11.841111 [debug] [Thread-2 (]: Using duckdb connection "test.sql_practice.not_null_customers_customer_id.5c9bf9911d"
[0m02:57:11.841405 [debug] [Thread-1 (]: Using duckdb connection "test.sql_practice.not_null_departments_department_id.7e7a16cad0"
[0m02:57:11.841706 [debug] [Thread-3 (]: Using duckdb connection "test.sql_practice.not_null_employees_employee_id.a19d53d619"
[0m02:57:11.844198 [debug] [Thread-4 (]: Writing runtime sql for node "test.sql_practice.not_null_fct_order_items_line_revenue.681618439d"
[0m02:57:11.844461 [debug] [Thread-2 (]: On test.sql_practice.not_null_customers_customer_id.5c9bf9911d: BEGIN
[0m02:57:11.844699 [debug] [Thread-1 (]: On test.sql_practice.not_null_departments_department_id.7e7a16cad0: BEGIN
[0m02:57:11.844921 [debug] [Thread-3 (]: On test.sql_practice.not_null_employees_employee_id.a19d53d619: BEGIN
[0m02:57:11.845240 [debug] [Thread-2 (]: Opening a new connection, currently in state closed
[0m02:57:11.845496 [debug] [Thread-1 (]: Opening a new connection, currently in state closed
[0m02:57:11.845748 [debug] [Thread-4 (]: Using duckdb connection "test.sql_practice.not_null_fct_order_items_line_revenue.681618439d"
[0m02:57:11.845989 [debug] [Thread-3 (]: Opening a new connection, currently in state closed
[0m02:57:11.846403 [debug] [Thread-4 (]: On test.sql_practice.not_null_fct_order_items_line_revenue.681618439d: BEGIN
[0m02:57:11.846629 [debug] [Thread-4 (]: Opening a new connection, currently in state closed
[0m02:57:11.854927 [debug] [Thread-1 (]: SQL status: OK in 0.009 seconds
[0m02:57:11.855178 [debug] [Thread-2 (]: SQL status: OK in 0.010 seconds
[0m02:57:11.855399 [debug] [Thread-3 (]: SQL status: OK in 0.009 seconds
[0m02:57:11.855773 [debug] [Thread-4 (]: SQL status: OK in 0.009 seconds
[0m02:57:11.855997 [debug] [Thread-1 (]: Using duckdb connection "test.sql_practice.not_null_departments_department_id.7e7a16cad0"
[0m02:57:11.856215 [debug] [Thread-2 (]: Using duckdb connection "test.sql_practice.not_null_customers_customer_id.5c9bf9911d"
[0m02:57:11.856422 [debug] [Thread-3 (]: Using duckdb connection "test.sql_practice.not_null_employees_employee_id.a19d53d619"
[0m02:57:11.856634 [debug] [Thread-4 (]: Using duckdb connection "test.sql_practice.not_null_fct_order_items_line_revenue.681618439d"
[0m02:57:11.856844 [debug] [Thread-1 (]: On test.sql_practice.not_null_departments_department_id.7e7a16cad0: /* {"app": "dbt", "dbt_version": "1.8.9", "profile_name": "sql_practice", "target_name": "dev", "node_id": "test.sql_practice.not_null_departments_department_id.7e7a16cad0"} */

    select
      count(*) as failures,
      count(*) != 0 as should_warn,
      count(*) != 0 as should_error
    from (
      
    
  
    
    



select department_id
from "practice"."main"."departments"
where department_id is null



  
  
      
    ) dbt_internal_test
[0m02:57:11.857069 [debug] [Thread-2 (]: On test.sql_practice.not_null_customers_customer_id.5c9bf9911d: /* {"app": "dbt", "dbt_version": "1.8.9", "profile_name": "sql_practice", "target_name": "dev", "node_id": "test.sql_practice.not_null_customers_customer_id.5c9bf9911d"} */

    select
      count(*) as failures,
      count(*) != 0 as should_warn,
      count(*) != 0 as should_error
    from (
      
    
  
    
    



select customer_id
from "practice"."main"."customers"
where customer_id is null



  
  
      
    ) dbt_internal_test
[0m02:57:11.857290 [debug] [Thread-3 (]: On test.sql_practice.not_null_employees_employee_id.a19d53d619: /* {"app": "dbt", "dbt_version": "1.8.9", "profile_name": "sql_practice", "target_name": "dev", "node_id": "test.sql_practice.not_null_employees_employee_id.a19d53d619"} */

    select
      count(*) as failures,
      count(*) != 0 as should_warn,
      count(*) != 0 as should_error
    from (
      
    
  
    
    



select employee_id
from "practice"."main"."employees"
where employee_id is null



  
  
      
    ) dbt_internal_test
[0m02:57:11.857515 [debug] [Thread-4 (]: On test.sql_practice.not_null_fct_order_items_line_revenue.681618439d: /* {"app": "dbt", "dbt_version": "1.8.9", "profile_name": "sql_practice", "target_name": "dev", "node_id": "test.sql_practice.not_null_fct_order_items_line_revenue.681618439d"} */

    select
      count(*) as failures,
      count(*) != 0 as should_warn,
      count(*) != 0 as should_error
    from (
      
    
  
    
    



select line_revenue
from "practice"."main"."fct_order_items"
where line_revenue is null



  
  
      
    ) dbt_internal_test
[0m02:57:11.858297 [debug] [Thread-1 (]: SQL status: OK in 0.001 seconds
[0m02:57:11.858562 [debug] [Thread-2 (]: SQL status: OK in 0.001 seconds
[0m02:57:11.858775 [debug] [Thread-3 (]: SQL status: OK in 0.001 seconds
[0m02:57:11.859029 [debug] [Thread-4 (]: SQL status: OK in 0.001 seconds
[0m02:57:11.860044 [debug] [Thread-1 (]: On test.sql_practice.not_null_departments_department_id.7e7a16cad0: ROLLBACK
[0m02:57:11.860978 [debug] [Thread-2 (]: On test.sql_practice.not_null_customers_customer_id.5c9bf9911d: ROLLBACK
[0m02:57:11.861817 [debug] [Thread-3 (]: On test.sql_practice.not_null_employees_employee_id.a19d53d619: ROLLBACK
[0m02:57:11.862637 [debug] [Thread-4 (]: On test.sql_practice.not_null_fct_order_items_line_revenue.681618439d: ROLLBACK
[0m02:57:11.862971 [debug] [Thread-1 (]: Failed to rollback 'test.sql_practice.not_null_departments_department_id.7e7a16cad0'
[0m02:57:11.863255 [debug] [Thread-2 (]: Failed to rollback 'test.sql_practice.not_null_customers_customer_id.5c9bf9911d'
[0m02:57:11.863559 [debug] [Thread-3 (]: Failed to rollback 'test.sql_practice.not_null_employees_employee_id.a19d53d619'
[0m02:57:11.863834 [debug] [Thread-4 (]: Failed to rollback 'test.sql_practice.not_null_fct_order_items_line_revenue.681618439d'
[0m02:57:11.864032 [debug] [Thread-1 (]: On test.sql_practice.not_null_departments_department_id.7e7a16cad0: Close
[0m02:57:11.864235 [debug] [Thread-2 (]: On test.sql_practice.not_null_customers_customer_id.5c9bf9911d: Close
[0m02:57:11.864432 [debug] [Thread-3 (]: On test.sql_practice.not_null_employees_employee_id.a19d53d619: Close
[0m02:57:11.864622 [debug] [Thread-4 (]: On test.sql_practice.not_null_fct_order_items_line_revenue.681618439d: Close
[0m02:57:11.865020 [info ] [Thread-1 (]: 6 of 40 PASS not_null_departments_department_id ................................ [[32mPASS[0m in 0.05s]
[0m02:57:11.865417 [info ] [Thread-2 (]: 5 of 40 PASS not_null_customers_customer_id .................................... [[32mPASS[0m in 0.05s]
[0m02:57:11.865782 [info ] [Thread-3 (]: 7 of 40 PASS not_null_employees_employee_id .................................... [[32mPASS[0m in 0.05s]
[0m02:57:11.866184 [debug] [Thread-1 (]: Finished running node test.sql_practice.not_null_departments_department_id.7e7a16cad0
[0m02:57:11.866867 [debug] [Thread-2 (]: Finished running node test.sql_practice.not_null_customers_customer_id.5c9bf9911d
[0m02:57:11.867365 [debug] [Thread-3 (]: Finished running node test.sql_practice.not_null_employees_employee_id.a19d53d619
[0m02:57:11.867723 [info ] [Thread-4 (]: 8 of 40 PASS not_null_fct_order_items_line_revenue ............................. [[32mPASS[0m in 0.04s]
[0m02:57:11.868044 [debug] [Thread-1 (]: Began running node test.sql_practice.not_null_fct_order_items_order_item_id.dbaab21f55
[0m02:57:11.868359 [debug] [Thread-2 (]: Began running node test.sql_practice.not_null_order_items_order_item_id.c6fda366bd
[0m02:57:11.868640 [debug] [Thread-3 (]: Began running node test.sql_practice.not_null_orders_customer_id.c5f02694af
[0m02:57:11.868978 [debug] [Thread-4 (]: Finished running node test.sql_practice.not_null_fct_order_items_line_revenue.681618439d
[0m02:57:11.869233 [info ] [Thread-1 (]: 9 of 40 START test not_null_fct_order_items_order_item_id ...................... [RUN]
[0m02:57:11.869477 [info ] [Thread-2 (]: 10 of 40 START test not_null_order_items_order_item_id ......................... [RUN]
[0m02:57:11.869714 [info ] [Thread-3 (]: 11 of 40 START test not_null_orders_customer_id ................................ [RUN]
[0m02:57:11.869975 [debug] [Thread-4 (]: Began running node test.sql_practice.not_null_orders_order_id.cf6c17daed
[0m02:57:11.870257 [debug] [Thread-1 (]: Re-using an available connection from the pool (formerly test.sql_practice.not_null_departments_department_id.7e7a16cad0, now test.sql_practice.not_null_fct_order_items_order_item_id.dbaab21f55)
[0m02:57:11.870508 [debug] [Thread-2 (]: Re-using an available connection from the pool (formerly test.sql_practice.not_null_customers_customer_id.5c9bf9911d, now test.sql_practice.not_null_order_items_order_item_id.c6fda366bd)
[0m02:57:11.870748 [debug] [Thread-3 (]: Re-using an available connection from the pool (formerly test.sql_practice.not_null_employees_employee_id.a19d53d619, now test.sql_practice.not_null_orders_customer_id.c5f02694af)
[0m02:57:11.870971 [info ] [Thread-4 (]: 12 of 40 START test not_null_orders_order_id ................................... [RUN]
[0m02:57:11.871217 [debug] [Thread-1 (]: Began compiling node test.sql_practice.not_null_fct_order_items_order_item_id.dbaab21f55
[0m02:57:11.871422 [debug] [Thread-2 (]: Began compiling node test.sql_practice.not_null_order_items_order_item_id.c6fda366bd
[0m02:57:11.871622 [debug] [Thread-3 (]: Began compiling node test.sql_practice.not_null_orders_customer_id.c5f02694af
[0m02:57:11.871849 [debug] [Thread-4 (]: Re-using an available connection from the pool (formerly test.sql_practice.not_null_fct_order_items_line_revenue.681618439d, now test.sql_practice.not_null_orders_order_id.cf6c17daed)
[0m02:57:11.874837 [debug] [Thread-1 (]: Writing injected SQL for node "test.sql_practice.not_null_fct_order_items_order_item_id.dbaab21f55"
[0m02:57:11.877403 [debug] [Thread-2 (]: Writing injected SQL for node "test.sql_practice.not_null_order_items_order_item_id.c6fda366bd"
[0m02:57:11.879979 [debug] [Thread-3 (]: Writing injected SQL for node "test.sql_practice.not_null_orders_customer_id.c5f02694af"
[0m02:57:11.880278 [debug] [Thread-4 (]: Began compiling node test.sql_practice.not_null_orders_order_id.cf6c17daed
[0m02:57:11.880713 [debug] [Thread-1 (]: Began executing node test.sql_practice.not_null_fct_order_items_order_item_id.dbaab21f55
[0m02:57:11.880926 [debug] [Thread-2 (]: Began executing node test.sql_practice.not_null_order_items_order_item_id.c6fda366bd
[0m02:57:11.883504 [debug] [Thread-4 (]: Writing injected SQL for node "test.sql_practice.not_null_orders_order_id.cf6c17daed"
[0m02:57:11.883772 [debug] [Thread-3 (]: Began executing node test.sql_practice.not_null_orders_customer_id.c5f02694af
[0m02:57:11.885390 [debug] [Thread-1 (]: Writing runtime sql for node "test.sql_practice.not_null_fct_order_items_order_item_id.dbaab21f55"
[0m02:57:11.887006 [debug] [Thread-2 (]: Writing runtime sql for node "test.sql_practice.not_null_order_items_order_item_id.c6fda366bd"
[0m02:57:11.888560 [debug] [Thread-3 (]: Writing runtime sql for node "test.sql_practice.not_null_orders_customer_id.c5f02694af"
[0m02:57:11.888780 [debug] [Thread-4 (]: Began executing node test.sql_practice.not_null_orders_order_id.cf6c17daed
[0m02:57:11.889134 [debug] [Thread-1 (]: Using duckdb connection "test.sql_practice.not_null_fct_order_items_order_item_id.dbaab21f55"
[0m02:57:11.890811 [debug] [Thread-4 (]: Writing runtime sql for node "test.sql_practice.not_null_orders_order_id.cf6c17daed"
[0m02:57:11.891214 [debug] [Thread-2 (]: Using duckdb connection "test.sql_practice.not_null_order_items_order_item_id.c6fda366bd"
[0m02:57:11.891442 [debug] [Thread-3 (]: Using duckdb connection "test.sql_practice.not_null_orders_customer_id.c5f02694af"
[0m02:57:11.891641 [debug] [Thread-1 (]: On test.sql_practice.not_null_fct_order_items_order_item_id.dbaab21f55: BEGIN
[0m02:57:11.891962 [debug] [Thread-4 (]: Using duckdb connection "test.sql_practice.not_null_orders_order_id.cf6c17daed"
[0m02:57:11.892199 [debug] [Thread-2 (]: On test.sql_practice.not_null_order_items_order_item_id.c6fda366bd: BEGIN
[0m02:57:11.892420 [debug] [Thread-3 (]: On test.sql_practice.not_null_orders_customer_id.c5f02694af: BEGIN
[0m02:57:11.892618 [debug] [Thread-1 (]: Opening a new connection, currently in state closed
[0m02:57:11.892816 [debug] [Thread-4 (]: On test.sql_practice.not_null_orders_order_id.cf6c17daed: BEGIN
[0m02:57:11.893043 [debug] [Thread-2 (]: Opening a new connection, currently in state closed
[0m02:57:11.893259 [debug] [Thread-3 (]: Opening a new connection, currently in state closed
[0m02:57:11.893612 [debug] [Thread-4 (]: Opening a new connection, currently in state closed
[0m02:57:11.903051 [debug] [Thread-1 (]: SQL status: OK in 0.010 seconds
[0m02:57:11.903386 [debug] [Thread-3 (]: SQL status: OK in 0.010 seconds
[0m02:57:11.903617 [debug] [Thread-2 (]: SQL status: OK in 0.011 seconds
[0m02:57:11.903850 [debug] [Thread-4 (]: SQL status: OK in 0.010 seconds
[0m02:57:11.904045 [debug] [Thread-1 (]: Using duckdb connection "test.sql_practice.not_null_fct_order_items_order_item_id.dbaab21f55"
[0m02:57:11.904260 [debug] [Thread-3 (]: Using duckdb connection "test.sql_practice.not_null_orders_customer_id.c5f02694af"
[0m02:57:11.904530 [debug] [Thread-2 (]: Using duckdb connection "test.sql_practice.not_null_order_items_order_item_id.c6fda366bd"
[0m02:57:11.904791 [debug] [Thread-4 (]: Using duckdb connection "test.sql_practice.not_null_orders_order_id.cf6c17daed"
[0m02:57:11.905036 [debug] [Thread-1 (]: On test.sql_practice.not_null_fct_order_items_order_item_id.dbaab21f55: /* {"app": "dbt", "dbt_version": "1.8.9", "profile_name": "sql_practice", "target_name": "dev", "node_id": "test.sql_practice.not_null_fct_order_items_order_item_id.dbaab21f55"} */

    select
      count(*) as failures,
      count(*) != 0 as should_warn,
      count(*) != 0 as should_error
    from (
      
    
  
    
    



select order_item_id
from "practice"."main"."fct_order_items"
where order_item_id is null



  
  
      
    ) dbt_internal_test
[0m02:57:11.905289 [debug] [Thread-3 (]: On test.sql_practice.not_null_orders_customer_id.c5f02694af: /* {"app": "dbt", "dbt_version": "1.8.9", "profile_name": "sql_practice", "target_name": "dev", "node_id": "test.sql_practice.not_null_orders_customer_id.c5f02694af"} */

    select
      count(*) as failures,
      count(*) != 0 as should_warn,
      count(*) != 0 as should_error
    from (
      
    
  
    
    



select customer_id
from "practice"."main"."orders"
where customer_id is null



  
  
      
    ) dbt_internal_test
[0m02:57:11.905593 [debug] [Thread-2 (]: On test.sql_practice.not_null_order_items_order_item_id.c6fda366bd: /* {"app": "dbt", "dbt_version": "1.8.9", "profile_name": "sql_practice", "target_name": "dev", "node_id": "test.sql_practice.not_null_order_items_order_item_id.c6fda366bd"} */

    select
      count(*) as failures,
      count(*) != 0 as should_warn,
      count(*) != 0 as should_error
    from (
      
    
  
    
    



select order_item_id
from "practice"."main"."order_items"
where order_item_id is null



  
  
      
    ) dbt_internal_test
[0m02:57:11.905865 [debug] [Thread-4 (]: On test.sql_practice.not_null_orders_order_id.cf6c17daed: /* {"app": "dbt", "dbt_version": "1.8.9", "profile_name": "sql_practice", "target_name": "dev", "node_id": "test.sql_practice.not_null_orders_order_id.cf6c17daed"} */

    select
      count(*) as failures,
      count(*) != 0 as should_warn,
      count(*) != 0 as should_error
    from (
      
    
  
    
    



select order_id
from "practice"."main"."orders"
where order_id is null



  
  
      
    ) dbt_internal_test
[0m02:57:11.906680 [debug] [Thread-3 (]: SQL status: OK in 0.000 seconds
[0m02:57:11.906893 [debug] [Thread-1 (]: SQL status: OK in 0.001 seconds
[0m02:57:11.907111 [debug] [Thread-2 (]: SQL status: OK in 0.001 seconds
[0m02:57:11.907413 [debug] [Thread-4 (]: SQL status: OK in 0.001 seconds
[0m02:57:11.908407 [debug] [Thread-3 (]: On test.sql_practice.not_null_orders_customer_id.c5f02694af: ROLLBACK
[0m02:57:11.909410 [debug] [Thread-1 (]: On test.sql_practice.not_null_fct_order_items_order_item_id.dbaab21f55: ROLLBACK
[0m02:57:11.910342 [debug] [Thread-2 (]: On test.sql_practice.not_null_order_items_order_item_id.c6fda366bd: ROLLBACK
[0m02:57:11.911185 [debug] [Thread-4 (]: On test.sql_practice.not_null_orders_order_id.cf6c17daed: ROLLBACK
[0m02:57:11.911501 [debug] [Thread-3 (]: Failed to rollback 'test.sql_practice.not_null_orders_customer_id.c5f02694af'
[0m02:57:11.911826 [debug] [Thread-1 (]: Failed to rollback 'test.sql_practice.not_null_fct_order_items_order_item_id.dbaab21f55'
[0m02:57:11.912166 [debug] [Thread-2 (]: Failed to rollback 'test.sql_practice.not_null_order_items_order_item_id.c6fda366bd'
[0m02:57:11.912567 [debug] [Thread-4 (]: Failed to rollback 'test.sql_practice.not_null_orders_order_id.cf6c17daed'
[0m02:57:11.912771 [debug] [Thread-3 (]: On test.sql_practice.not_null_orders_customer_id.c5f02694af: Close
[0m02:57:11.912982 [debug] [Thread-1 (]: On test.sql_practice.not_null_fct_order_items_order_item_id.dbaab21f55: Close
[0m02:57:11.913219 [debug] [Thread-2 (]: On test.sql_practice.not_null_order_items_order_item_id.c6fda366bd: Close
[0m02:57:11.913508 [debug] [Thread-4 (]: On test.sql_practice.not_null_orders_order_id.cf6c17daed: Close
[0m02:57:11.913947 [info ] [Thread-3 (]: 11 of 40 PASS not_null_orders_customer_id ...................................... [[32mPASS[0m in 0.04s]
[0m02:57:11.914340 [info ] [Thread-1 (]: 9 of 40 PASS not_null_fct_order_items_order_item_id ............................ [[32mPASS[0m in 0.04s]
[0m02:57:11.914755 [info ] [Thread-2 (]: 10 of 40 PASS not_null_order_items_order_item_id ............................... [[32mPASS[0m in 0.04s]
[0m02:57:11.915134 [debug] [Thread-3 (]: Finished running node test.sql_practice.not_null_orders_customer_id.c5f02694af
[0m02:57:11.915808 [debug] [Thread-1 (]: Finished running node test.sql_practice.not_null_fct_order_items_order_item_id.dbaab21f55
[0m02:57:11.916374 [debug] [Thread-2 (]: Finished running node test.sql_practice.not_null_order_items_order_item_id.c6fda366bd
[0m02:57:11.916682 [info ] [Thread-4 (]: 12 of 40 PASS not_null_orders_order_id ......................................... [[32mPASS[0m in 0.04s]
[0m02:57:11.916983 [debug] [Thread-3 (]: Began running node test.sql_practice.not_null_products_product_id.33741cf88e
[0m02:57:11.917290 [debug] [Thread-1 (]: Began running node test.sql_practice.not_null_stg_customers_customer_id.e2cfb1f9aa
[0m02:57:11.917553 [debug] [Thread-2 (]: Began running node test.sql_practice.not_null_stg_customers_customer_name.5c92a78a60
[0m02:57:11.917874 [debug] [Thread-4 (]: Finished running node test.sql_practice.not_null_orders_order_id.cf6c17daed
[0m02:57:11.918094 [info ] [Thread-3 (]: 13 of 40 START test not_null_products_product_id ............................... [RUN]
[0m02:57:11.918350 [info ] [Thread-1 (]: 14 of 40 START test not_null_stg_customers_customer_id ......................... [RUN]
[0m02:57:11.918586 [info ] [Thread-2 (]: 15 of 40 START test not_null_stg_customers_customer_name ....................... [RUN]
[0m02:57:11.918846 [debug] [Thread-4 (]: Began running node test.sql_practice.not_null_stg_departments_department_id.ce7f6f5cf8
[0m02:57:11.919096 [debug] [Thread-3 (]: Re-using an available connection from the pool (formerly test.sql_practice.not_null_orders_customer_id.c5f02694af, now test.sql_practice.not_null_products_product_id.33741cf88e)
[0m02:57:11.919347 [debug] [Thread-1 (]: Re-using an available connection from the pool (formerly test.sql_practice.not_null_fct_order_items_order_item_id.dbaab21f55, now test.sql_practice.not_null_stg_customers_customer_id.e2cfb1f9aa)
[0m02:57:11.919583 [debug] [Thread-2 (]: Re-using an available connection from the pool (formerly test.sql_practice.not_null_order_items_order_item_id.c6fda366bd, now test.sql_practice.not_null_stg_customers_customer_name.5c92a78a60)
[0m02:57:11.919802 [info ] [Thread-4 (]: 16 of 40 START test not_null_stg_departments_department_id ..................... [RUN]
[0m02:57:11.920021 [debug] [Thread-3 (]: Began compiling node test.sql_practice.not_null_products_product_id.33741cf88e
[0m02:57:11.920225 [debug] [Thread-1 (]: Began compiling node test.sql_practice.not_null_stg_customers_customer_id.e2cfb1f9aa
[0m02:57:11.920422 [debug] [Thread-2 (]: Began compiling node test.sql_practice.not_null_stg_customers_customer_name.5c92a78a60
[0m02:57:11.920641 [debug] [Thread-4 (]: Re-using an available connection from the pool (formerly test.sql_practice.not_null_orders_order_id.cf6c17daed, now test.sql_practice.not_null_stg_departments_department_id.ce7f6f5cf8)
[0m02:57:11.923491 [debug] [Thread-3 (]: Writing injected SQL for node "test.sql_practice.not_null_products_product_id.33741cf88e"
[0m02:57:11.927272 [debug] [Thread-1 (]: Writing injected SQL for node "test.sql_practice.not_null_stg_customers_customer_id.e2cfb1f9aa"
[0m02:57:11.929960 [debug] [Thread-2 (]: Writing injected SQL for node "test.sql_practice.not_null_stg_customers_customer_name.5c92a78a60"
[0m02:57:11.930239 [debug] [Thread-4 (]: Began compiling node test.sql_practice.not_null_stg_departments_department_id.ce7f6f5cf8
[0m02:57:11.930660 [debug] [Thread-3 (]: Began executing node test.sql_practice.not_null_products_product_id.33741cf88e
[0m02:57:11.930877 [debug] [Thread-1 (]: Began executing node test.sql_practice.not_null_stg_customers_customer_id.e2cfb1f9aa
[0m02:57:11.933525 [debug] [Thread-4 (]: Writing injected SQL for node "test.sql_practice.not_null_stg_departments_department_id.ce7f6f5cf8"
[0m02:57:11.935091 [debug] [Thread-3 (]: Writing runtime sql for node "test.sql_practice.not_null_products_product_id.33741cf88e"
[0m02:57:11.936700 [debug] [Thread-1 (]: Writing runtime sql for node "test.sql_practice.not_null_stg_customers_customer_id.e2cfb1f9aa"
[0m02:57:11.937034 [debug] [Thread-2 (]: Began executing node test.sql_practice.not_null_stg_customers_customer_name.5c92a78a60
[0m02:57:11.937291 [debug] [Thread-4 (]: Began executing node test.sql_practice.not_null_stg_departments_department_id.ce7f6f5cf8
[0m02:57:11.937652 [debug] [Thread-3 (]: Using duckdb connection "test.sql_practice.not_null_products_product_id.33741cf88e"
[0m02:57:11.937916 [debug] [Thread-1 (]: Using duckdb connection "test.sql_practice.not_null_stg_customers_customer_id.e2cfb1f9aa"
[0m02:57:11.939446 [debug] [Thread-2 (]: Writing runtime sql for node "test.sql_practice.not_null_stg_customers_customer_name.5c92a78a60"
[0m02:57:11.941047 [debug] [Thread-4 (]: Writing runtime sql for node "test.sql_practice.not_null_stg_departments_department_id.ce7f6f5cf8"
[0m02:57:11.941300 [debug] [Thread-3 (]: On test.sql_practice.not_null_products_product_id.33741cf88e: BEGIN
[0m02:57:11.941523 [debug] [Thread-1 (]: On test.sql_practice.not_null_stg_customers_customer_id.e2cfb1f9aa: BEGIN
[0m02:57:11.941942 [debug] [Thread-2 (]: Using duckdb connection "test.sql_practice.not_null_stg_customers_customer_name.5c92a78a60"
[0m02:57:11.942133 [debug] [Thread-3 (]: Opening a new connection, currently in state closed
[0m02:57:11.942358 [debug] [Thread-4 (]: Using duckdb connection "test.sql_practice.not_null_stg_departments_department_id.ce7f6f5cf8"
[0m02:57:11.942567 [debug] [Thread-1 (]: Opening a new connection, currently in state closed
[0m02:57:11.942838 [debug] [Thread-2 (]: On test.sql_practice.not_null_stg_customers_customer_name.5c92a78a60: BEGIN
[0m02:57:11.943234 [debug] [Thread-4 (]: On test.sql_practice.not_null_stg_departments_department_id.ce7f6f5cf8: BEGIN
[0m02:57:11.943544 [debug] [Thread-2 (]: Opening a new connection, currently in state closed
[0m02:57:11.943779 [debug] [Thread-4 (]: Opening a new connection, currently in state closed
[0m02:57:11.952619 [debug] [Thread-3 (]: SQL status: OK in 0.010 seconds
[0m02:57:11.952865 [debug] [Thread-1 (]: SQL status: OK in 0.010 seconds
[0m02:57:11.953117 [debug] [Thread-2 (]: SQL status: OK in 0.010 seconds
[0m02:57:11.953324 [debug] [Thread-4 (]: SQL status: OK in 0.010 seconds
[0m02:57:11.953498 [debug] [Thread-3 (]: Using duckdb connection "test.sql_practice.not_null_products_product_id.33741cf88e"
[0m02:57:11.953714 [debug] [Thread-1 (]: Using duckdb connection "test.sql_practice.not_null_stg_customers_customer_id.e2cfb1f9aa"
[0m02:57:11.953940 [debug] [Thread-2 (]: Using duckdb connection "test.sql_practice.not_null_stg_customers_customer_name.5c92a78a60"
[0m02:57:11.954156 [debug] [Thread-4 (]: Using duckdb connection "test.sql_practice.not_null_stg_departments_department_id.ce7f6f5cf8"
[0m02:57:11.954371 [debug] [Thread-3 (]: On test.sql_practice.not_null_products_product_id.33741cf88e: /* {"app": "dbt", "dbt_version": "1.8.9", "profile_name": "sql_practice", "target_name": "dev", "node_id": "test.sql_practice.not_null_products_product_id.33741cf88e"} */

    select
      count(*) as failures,
      count(*) != 0 as should_warn,
      count(*) != 0 as should_error
    from (
      
    
  
    
    



select product_id
from "practice"."main"."products"
where product_id is null



  
  
      
    ) dbt_internal_test
[0m02:57:11.954640 [debug] [Thread-1 (]: On test.sql_practice.not_null_stg_customers_customer_id.e2cfb1f9aa: /* {"app": "dbt", "dbt_version": "1.8.9", "profile_name": "sql_practice", "target_name": "dev", "node_id": "test.sql_practice.not_null_stg_customers_customer_id.e2cfb1f9aa"} */

    select
      count(*) as failures,
      count(*) != 0 as should_warn,
      count(*) != 0 as should_error
    from (
      
    
  
    
    



select customer_id
from "practice"."main"."stg_customers"
where customer_id is null



  
  
      
    ) dbt_internal_test
[0m02:57:11.954963 [debug] [Thread-2 (]: On test.sql_practice.not_null_stg_customers_customer_name.5c92a78a60: /* {"app": "dbt", "dbt_version": "1.8.9", "profile_name": "sql_practice", "target_name": "dev", "node_id": "test.sql_practice.not_null_stg_customers_customer_name.5c92a78a60"} */

    select
      count(*) as failures,
      count(*) != 0 as should_warn,
      count(*) != 0 as should_error
    from (
      
    
  
    
    



select customer_name
from "practice"."main"."stg_customers"
where customer_name is null



  
  
      
    ) dbt_internal_test
[0m02:57:11.955278 [debug] [Thread-4 (]: On test.sql_practice.not_null_stg_departments_department_id.ce7f6f5cf8: /* {"app": "dbt", "dbt_version": "1.8.9", "profile_name": "sql_practice", "target_name": "dev", "node_id": "test.sql_practice.not_null_stg_departments_department_id.ce7f6f5cf8"} */

    select
      count(*) as failures,
      count(*) != 0 as should_warn,
      count(*) != 0 as should_error
    from (
      
    
  
    
    



select department_id
from "practice"."main"."stg_departments"
where department_id is null



  
  
      
    ) dbt_internal_test
[0m02:57:11.956145 [debug] [Thread-3 (]: SQL status: OK in 0.001 seconds
[0m02:57:11.956484 [debug] [Thread-4 (]: SQL status: OK in 0.001 seconds
[0m02:57:11.956712 [debug] [Thread-1 (]: SQL status: OK in 0.001 seconds
[0m02:57:11.957665 [debug] [Thread-3 (]: On test.sql_practice.not_null_products_product_id.33741cf88e: ROLLBACK
[0m02:57:11.958011 [debug] [Thread-2 (]: SQL status: OK in 0.002 seconds
[0m02:57:11.958857 [debug] [Thread-4 (]: On test.sql_practice.not_null_stg_departments_department_id.ce7f6f5cf8: ROLLBACK
[0m02:57:11.959658 [debug] [Thread-1 (]: On test.sql_practice.not_null_stg_customers_customer_id.e2cfb1f9aa: ROLLBACK
[0m02:57:11.960017 [debug] [Thread-3 (]: Failed to rollback 'test.sql_practice.not_null_products_product_id.33741cf88e'
[0m02:57:11.960925 [debug] [Thread-2 (]: On test.sql_practice.not_null_stg_customers_customer_name.5c92a78a60: ROLLBACK
[0m02:57:11.961259 [debug] [Thread-4 (]: Failed to rollback 'test.sql_practice.not_null_stg_departments_department_id.ce7f6f5cf8'
[0m02:57:11.961522 [debug] [Thread-1 (]: Failed to rollback 'test.sql_practice.not_null_stg_customers_customer_id.e2cfb1f9aa'
[0m02:57:11.961749 [debug] [Thread-3 (]: On test.sql_practice.not_null_products_product_id.33741cf88e: Close
[0m02:57:11.962053 [debug] [Thread-2 (]: Failed to rollback 'test.sql_practice.not_null_stg_customers_customer_name.5c92a78a60'
[0m02:57:11.962276 [debug] [Thread-4 (]: On test.sql_practice.not_null_stg_departments_department_id.ce7f6f5cf8: Close
[0m02:57:11.962496 [debug] [Thread-1 (]: On test.sql_practice.not_null_stg_customers_customer_id.e2cfb1f9aa: Close
[0m02:57:11.962923 [info ] [Thread-3 (]: 13 of 40 PASS not_null_products_product_id ..................................... [[32mPASS[0m in 0.04s]
[0m02:57:11.963232 [debug] [Thread-2 (]: On test.sql_practice.not_null_stg_customers_customer_name.5c92a78a60: Close
[0m02:57:11.963666 [info ] [Thread-4 (]: 16 of 40 PASS not_null_stg_departments_department_id ........................... [[32mPASS[0m in 0.04s]
[0m02:57:11.964019 [info ] [Thread-1 (]: 14 of 40 PASS not_null_stg_customers_customer_id ............................... [[32mPASS[0m in 0.04s]
[0m02:57:11.964403 [debug] [Thread-3 (]: Finished running node test.sql_practice.not_null_products_product_id.33741cf88e
[0m02:57:11.964786 [debug] [Thread-4 (]: Finished running node test.sql_practice.not_null_stg_departments_department_id.ce7f6f5cf8
[0m02:57:11.965109 [debug] [Thread-1 (]: Finished running node test.sql_practice.not_null_stg_customers_customer_id.e2cfb1f9aa
[0m02:57:11.965433 [debug] [Thread-3 (]: Began running node test.sql_practice.not_null_stg_employees_employee_id.7f6f73d15b
[0m02:57:11.965826 [debug] [Thread-4 (]: Began running node test.sql_practice.not_null_stg_order_items_order_item_id.26a7e2bc35
[0m02:57:11.966162 [info ] [Thread-2 (]: 15 of 40 PASS not_null_stg_customers_customer_name ............................. [[32mPASS[0m in 0.05s]
[0m02:57:11.966455 [debug] [Thread-1 (]: Began running node test.sql_practice.not_null_stg_orders_order_id.81cfe2fe64
[0m02:57:11.966710 [info ] [Thread-3 (]: 17 of 40 START test not_null_stg_employees_employee_id ......................... [RUN]
[0m02:57:11.966964 [info ] [Thread-4 (]: 18 of 40 START test not_null_stg_order_items_order_item_id ..................... [RUN]
[0m02:57:11.967305 [debug] [Thread-2 (]: Finished running node test.sql_practice.not_null_stg_customers_customer_name.5c92a78a60
[0m02:57:11.967529 [info ] [Thread-1 (]: 19 of 40 START test not_null_stg_orders_order_id ............................... [RUN]
[0m02:57:11.967789 [debug] [Thread-3 (]: Re-using an available connection from the pool (formerly test.sql_practice.not_null_products_product_id.33741cf88e, now test.sql_practice.not_null_stg_employees_employee_id.7f6f73d15b)
[0m02:57:11.968025 [debug] [Thread-4 (]: Re-using an available connection from the pool (formerly test.sql_practice.not_null_stg_departments_department_id.ce7f6f5cf8, now test.sql_practice.not_null_stg_order_items_order_item_id.26a7e2bc35)
[0m02:57:11.968273 [debug] [Thread-2 (]: Began running node test.sql_practice.not_null_stg_products_price.2d147627d4
[0m02:57:11.968523 [debug] [Thread-1 (]: Re-using an available connection from the pool (formerly test.sql_practice.not_null_stg_customers_customer_id.e2cfb1f9aa, now test.sql_practice.not_null_stg_orders_order_id.81cfe2fe64)
[0m02:57:11.968771 [debug] [Thread-3 (]: Began compiling node test.sql_practice.not_null_stg_employees_employee_id.7f6f73d15b
[0m02:57:11.968971 [debug] [Thread-4 (]: Began compiling node test.sql_practice.not_null_stg_order_items_order_item_id.26a7e2bc35
[0m02:57:11.969178 [info ] [Thread-2 (]: 20 of 40 START test not_null_stg_products_price ................................ [RUN]
[0m02:57:11.969405 [debug] [Thread-1 (]: Began compiling node test.sql_practice.not_null_stg_orders_order_id.81cfe2fe64
[0m02:57:11.972222 [debug] [Thread-3 (]: Writing injected SQL for node "test.sql_practice.not_null_stg_employees_employee_id.7f6f73d15b"
[0m02:57:11.974759 [debug] [Thread-4 (]: Writing injected SQL for node "test.sql_practice.not_null_stg_order_items_order_item_id.26a7e2bc35"
[0m02:57:11.975035 [debug] [Thread-2 (]: Re-using an available connection from the pool (formerly test.sql_practice.not_null_stg_customers_customer_name.5c92a78a60, now test.sql_practice.not_null_stg_products_price.2d147627d4)
[0m02:57:11.977531 [debug] [Thread-1 (]: Writing injected SQL for node "test.sql_practice.not_null_stg_orders_order_id.81cfe2fe64"
[0m02:57:11.977928 [debug] [Thread-2 (]: Began compiling node test.sql_practice.not_null_stg_products_price.2d147627d4
[0m02:57:11.978139 [debug] [Thread-3 (]: Began executing node test.sql_practice.not_null_stg_employees_employee_id.7f6f73d15b
[0m02:57:11.978351 [debug] [Thread-4 (]: Began executing node test.sql_practice.not_null_stg_order_items_order_item_id.26a7e2bc35
[0m02:57:11.982072 [debug] [Thread-2 (]: Writing injected SQL for node "test.sql_practice.not_null_stg_products_price.2d147627d4"
[0m02:57:11.982354 [debug] [Thread-1 (]: Began executing node test.sql_practice.not_null_stg_orders_order_id.81cfe2fe64
[0m02:57:11.983839 [debug] [Thread-3 (]: Writing runtime sql for node "test.sql_practice.not_null_stg_employees_employee_id.7f6f73d15b"
[0m02:57:11.985446 [debug] [Thread-4 (]: Writing runtime sql for node "test.sql_practice.not_null_stg_order_items_order_item_id.26a7e2bc35"
[0m02:57:11.987058 [debug] [Thread-1 (]: Writing runtime sql for node "test.sql_practice.not_null_stg_orders_order_id.81cfe2fe64"
[0m02:57:11.987573 [debug] [Thread-3 (]: Using duckdb connection "test.sql_practice.not_null_stg_employees_employee_id.7f6f73d15b"
[0m02:57:11.987810 [debug] [Thread-2 (]: Began executing node test.sql_practice.not_null_stg_products_price.2d147627d4
[0m02:57:11.988186 [debug] [Thread-4 (]: Using duckdb connection "test.sql_practice.not_null_stg_order_items_order_item_id.26a7e2bc35"
[0m02:57:11.988441 [debug] [Thread-3 (]: On test.sql_practice.not_null_stg_employees_employee_id.7f6f73d15b: BEGIN
[0m02:57:11.988683 [debug] [Thread-1 (]: Using duckdb connection "test.sql_practice.not_null_stg_orders_order_id.81cfe2fe64"
[0m02:57:11.990152 [debug] [Thread-2 (]: Writing runtime sql for node "test.sql_practice.not_null_stg_products_price.2d147627d4"
[0m02:57:11.990385 [debug] [Thread-4 (]: On test.sql_practice.not_null_stg_order_items_order_item_id.26a7e2bc35: BEGIN
[0m02:57:11.990615 [debug] [Thread-3 (]: Opening a new connection, currently in state closed
[0m02:57:11.990825 [debug] [Thread-1 (]: On test.sql_practice.not_null_stg_orders_order_id.81cfe2fe64: BEGIN
[0m02:57:11.991110 [debug] [Thread-4 (]: Opening a new connection, currently in state closed
[0m02:57:11.991463 [debug] [Thread-2 (]: Using duckdb connection "test.sql_practice.not_null_stg_products_price.2d147627d4"
[0m02:57:11.991798 [debug] [Thread-1 (]: Opening a new connection, currently in state closed
[0m02:57:11.992143 [debug] [Thread-2 (]: On test.sql_practice.not_null_stg_products_price.2d147627d4: BEGIN
[0m02:57:11.992479 [debug] [Thread-2 (]: Opening a new connection, currently in state closed
[0m02:57:12.000371 [debug] [Thread-3 (]: SQL status: OK in 0.010 seconds
[0m02:57:12.000721 [debug] [Thread-4 (]: SQL status: OK in 0.010 seconds
[0m02:57:12.000937 [debug] [Thread-3 (]: Using duckdb connection "test.sql_practice.not_null_stg_employees_employee_id.7f6f73d15b"
[0m02:57:12.001312 [debug] [Thread-1 (]: SQL status: OK in 0.009 seconds
[0m02:57:12.001572 [debug] [Thread-4 (]: Using duckdb connection "test.sql_practice.not_null_stg_order_items_order_item_id.26a7e2bc35"
[0m02:57:12.001898 [debug] [Thread-3 (]: On test.sql_practice.not_null_stg_employees_employee_id.7f6f73d15b: /* {"app": "dbt", "dbt_version": "1.8.9", "profile_name": "sql_practice", "target_name": "dev", "node_id": "test.sql_practice.not_null_stg_employees_employee_id.7f6f73d15b"} */

    select
      count(*) as failures,
      count(*) != 0 as should_warn,
      count(*) != 0 as should_error
    from (
      
    
  
    
    



select employee_id
from "practice"."main"."stg_employees"
where employee_id is null



  
  
      
    ) dbt_internal_test
[0m02:57:12.002118 [debug] [Thread-2 (]: SQL status: OK in 0.010 seconds
[0m02:57:12.002369 [debug] [Thread-1 (]: Using duckdb connection "test.sql_practice.not_null_stg_orders_order_id.81cfe2fe64"
[0m02:57:12.002595 [debug] [Thread-4 (]: On test.sql_practice.not_null_stg_order_items_order_item_id.26a7e2bc35: /* {"app": "dbt", "dbt_version": "1.8.9", "profile_name": "sql_practice", "target_name": "dev", "node_id": "test.sql_practice.not_null_stg_order_items_order_item_id.26a7e2bc35"} */

    select
      count(*) as failures,
      count(*) != 0 as should_warn,
      count(*) != 0 as should_error
    from (
      
    
  
    
    



select order_item_id
from "practice"."main"."stg_order_items"
where order_item_id is null



  
  
      
    ) dbt_internal_test
[0m02:57:12.003033 [debug] [Thread-2 (]: Using duckdb connection "test.sql_practice.not_null_stg_products_price.2d147627d4"
[0m02:57:12.003340 [debug] [Thread-1 (]: On test.sql_practice.not_null_stg_orders_order_id.81cfe2fe64: /* {"app": "dbt", "dbt_version": "1.8.9", "profile_name": "sql_practice", "target_name": "dev", "node_id": "test.sql_practice.not_null_stg_orders_order_id.81cfe2fe64"} */

    select
      count(*) as failures,
      count(*) != 0 as should_warn,
      count(*) != 0 as should_error
    from (
      
    
  
    
    



select order_id
from "practice"."main"."stg_orders"
where order_id is null



  
  
      
    ) dbt_internal_test
[0m02:57:12.003712 [debug] [Thread-3 (]: SQL status: OK in 0.001 seconds
[0m02:57:12.003938 [debug] [Thread-2 (]: On test.sql_practice.not_null_stg_products_price.2d147627d4: /* {"app": "dbt", "dbt_version": "1.8.9", "profile_name": "sql_practice", "target_name": "dev", "node_id": "test.sql_practice.not_null_stg_products_price.2d147627d4"} */

    select
      count(*) as failures,
      count(*) != 0 as should_warn,
      count(*) != 0 as should_error
    from (
      
    
  
    
    



select price
from "practice"."main"."stg_products"
where price is null



  
  
      
    ) dbt_internal_test
[0m02:57:12.004221 [debug] [Thread-4 (]: SQL status: OK in 0.001 seconds
[0m02:57:12.005410 [debug] [Thread-3 (]: On test.sql_practice.not_null_stg_employees_employee_id.7f6f73d15b: ROLLBACK
[0m02:57:12.005777 [debug] [Thread-1 (]: SQL status: OK in 0.001 seconds
[0m02:57:12.006827 [debug] [Thread-4 (]: On test.sql_practice.not_null_stg_order_items_order_item_id.26a7e2bc35: ROLLBACK
[0m02:57:12.007169 [debug] [Thread-3 (]: Failed to rollback 'test.sql_practice.not_null_stg_employees_employee_id.7f6f73d15b'
[0m02:57:12.007511 [debug] [Thread-2 (]: SQL status: OK in 0.002 seconds
[0m02:57:12.008348 [debug] [Thread-1 (]: On test.sql_practice.not_null_stg_orders_order_id.81cfe2fe64: ROLLBACK
[0m02:57:12.008648 [debug] [Thread-4 (]: Failed to rollback 'test.sql_practice.not_null_stg_order_items_order_item_id.26a7e2bc35'
[0m02:57:12.008872 [debug] [Thread-3 (]: On test.sql_practice.not_null_stg_employees_employee_id.7f6f73d15b: Close
[0m02:57:12.009795 [debug] [Thread-2 (]: On test.sql_practice.not_null_stg_products_price.2d147627d4: ROLLBACK
[0m02:57:12.010116 [debug] [Thread-1 (]: Failed to rollback 'test.sql_practice.not_null_stg_orders_order_id.81cfe2fe64'
[0m02:57:12.010305 [debug] [Thread-4 (]: On test.sql_practice.not_null_stg_order_items_order_item_id.26a7e2bc35: Close
[0m02:57:12.010712 [info ] [Thread-3 (]: 17 of 40 PASS not_null_stg_employees_employee_id ............................... [[32mPASS[0m in 0.04s]
[0m02:57:12.011110 [debug] [Thread-2 (]: Failed to rollback 'test.sql_practice.not_null_stg_products_price.2d147627d4'
[0m02:57:12.011384 [debug] [Thread-1 (]: On test.sql_practice.not_null_stg_orders_order_id.81cfe2fe64: Close
[0m02:57:12.011770 [info ] [Thread-4 (]: 18 of 40 PASS not_null_stg_order_items_order_item_id ........................... [[32mPASS[0m in 0.04s]
[0m02:57:12.012130 [debug] [Thread-3 (]: Finished running node test.sql_practice.not_null_stg_employees_employee_id.7f6f73d15b
[0m02:57:12.012441 [debug] [Thread-2 (]: On test.sql_practice.not_null_stg_products_price.2d147627d4: Close
[0m02:57:12.012809 [info ] [Thread-1 (]: 19 of 40 PASS not_null_stg_orders_order_id ..................................... [[32mPASS[0m in 0.04s]
[0m02:57:12.013113 [debug] [Thread-4 (]: Finished running node test.sql_practice.not_null_stg_order_items_order_item_id.26a7e2bc35
[0m02:57:12.013400 [debug] [Thread-3 (]: Began running node test.sql_practice.not_null_stg_products_product_id.6373b0acf3
[0m02:57:12.013901 [debug] [Thread-1 (]: Finished running node test.sql_practice.not_null_stg_orders_order_id.81cfe2fe64
[0m02:57:12.014161 [debug] [Thread-4 (]: Began running node test.sql_practice.relationships_employees_department_id__department_id__ref_departments_.5e35299f8b
[0m02:57:12.014503 [info ] [Thread-3 (]: 21 of 40 START test not_null_stg_products_product_id ........................... [RUN]
[0m02:57:12.014922 [debug] [Thread-1 (]: Began running node test.sql_practice.relationships_fct_order_items_customer_id__customer_id__ref_stg_customers_.54fcedda52
[0m02:57:12.015271 [info ] [Thread-2 (]: 20 of 40 PASS not_null_stg_products_price ...................................... [[32mPASS[0m in 0.04s]
[0m02:57:12.015535 [info ] [Thread-4 (]: 22 of 40 START test relationships_employees_department_id__department_id__ref_departments_  [RUN]
[0m02:57:12.015804 [debug] [Thread-3 (]: Re-using an available connection from the pool (formerly test.sql_practice.not_null_stg_employees_employee_id.7f6f73d15b, now test.sql_practice.not_null_stg_products_product_id.6373b0acf3)
[0m02:57:12.016030 [info ] [Thread-1 (]: 23 of 40 START test relationships_fct_order_items_customer_id__customer_id__ref_stg_customers_  [RUN]
[0m02:57:12.016364 [debug] [Thread-2 (]: Finished running node test.sql_practice.not_null_stg_products_price.2d147627d4
[0m02:57:12.016600 [debug] [Thread-4 (]: Re-using an available connection from the pool (formerly test.sql_practice.not_null_stg_order_items_order_item_id.26a7e2bc35, now test.sql_practice.relationships_employees_department_id__department_id__ref_departments_.5e35299f8b)
[0m02:57:12.016812 [debug] [Thread-3 (]: Began compiling node test.sql_practice.not_null_stg_products_product_id.6373b0acf3
[0m02:57:12.017036 [debug] [Thread-1 (]: Re-using an available connection from the pool (formerly test.sql_practice.not_null_stg_orders_order_id.81cfe2fe64, now test.sql_practice.relationships_fct_order_items_customer_id__customer_id__ref_stg_customers_.54fcedda52)
[0m02:57:12.017297 [debug] [Thread-2 (]: Began running node test.sql_practice.relationships_order_items_order_id__order_id__ref_orders_.a799023ee8
[0m02:57:12.017527 [debug] [Thread-4 (]: Began compiling node test.sql_practice.relationships_employees_department_id__department_id__ref_departments_.5e35299f8b
[0m02:57:12.020616 [debug] [Thread-3 (]: Writing injected SQL for node "test.sql_practice.not_null_stg_products_product_id.6373b0acf3"
[0m02:57:12.020944 [debug] [Thread-1 (]: Began compiling node test.sql_practice.relationships_fct_order_items_customer_id__customer_id__ref_stg_customers_.54fcedda52
[0m02:57:12.021230 [info ] [Thread-2 (]: 24 of 40 START test relationships_order_items_order_id__order_id__ref_orders_ .. [RUN]
[0m02:57:12.026886 [debug] [Thread-4 (]: Writing injected SQL for node "test.sql_practice.relationships_employees_department_id__department_id__ref_departments_.5e35299f8b"
[0m02:57:12.030399 [debug] [Thread-1 (]: Writing injected SQL for node "test.sql_practice.relationships_fct_order_items_customer_id__customer_id__ref_stg_customers_.54fcedda52"
[0m02:57:12.030765 [debug] [Thread-2 (]: Re-using an available connection from the pool (formerly test.sql_practice.not_null_stg_products_price.2d147627d4, now test.sql_practice.relationships_order_items_order_id__order_id__ref_orders_.a799023ee8)
[0m02:57:12.031016 [debug] [Thread-3 (]: Began executing node test.sql_practice.not_null_stg_products_product_id.6373b0acf3
[0m02:57:12.031388 [debug] [Thread-4 (]: Began executing node test.sql_practice.relationships_employees_department_id__department_id__ref_departments_.5e35299f8b
[0m02:57:12.031590 [debug] [Thread-2 (]: Began compiling node test.sql_practice.relationships_order_items_order_id__order_id__ref_orders_.a799023ee8
[0m02:57:12.031823 [debug] [Thread-1 (]: Began executing node test.sql_practice.relationships_fct_order_items_customer_id__customer_id__ref_stg_customers_.54fcedda52
[0m02:57:12.033306 [debug] [Thread-3 (]: Writing runtime sql for node "test.sql_practice.not_null_stg_products_product_id.6373b0acf3"
[0m02:57:12.034844 [debug] [Thread-4 (]: Writing runtime sql for node "test.sql_practice.relationships_employees_department_id__department_id__ref_departments_.5e35299f8b"
[0m02:57:12.039203 [debug] [Thread-2 (]: Writing injected SQL for node "test.sql_practice.relationships_order_items_order_id__order_id__ref_orders_.a799023ee8"
[0m02:57:12.040766 [debug] [Thread-1 (]: Writing runtime sql for node "test.sql_practice.relationships_fct_order_items_customer_id__customer_id__ref_stg_customers_.54fcedda52"
[0m02:57:12.041199 [debug] [Thread-3 (]: Using duckdb connection "test.sql_practice.not_null_stg_products_product_id.6373b0acf3"
[0m02:57:12.041510 [debug] [Thread-4 (]: Using duckdb connection "test.sql_practice.relationships_employees_department_id__department_id__ref_departments_.5e35299f8b"
[0m02:57:12.041780 [debug] [Thread-2 (]: Began executing node test.sql_practice.relationships_order_items_order_id__order_id__ref_orders_.a799023ee8
[0m02:57:12.042046 [debug] [Thread-3 (]: On test.sql_practice.not_null_stg_products_product_id.6373b0acf3: BEGIN
[0m02:57:12.042271 [debug] [Thread-1 (]: Using duckdb connection "test.sql_practice.relationships_fct_order_items_customer_id__customer_id__ref_stg_customers_.54fcedda52"
[0m02:57:12.042487 [debug] [Thread-4 (]: On test.sql_practice.relationships_employees_department_id__department_id__ref_departments_.5e35299f8b: BEGIN
[0m02:57:12.044096 [debug] [Thread-2 (]: Writing runtime sql for node "test.sql_practice.relationships_order_items_order_id__order_id__ref_orders_.a799023ee8"
[0m02:57:12.044333 [debug] [Thread-3 (]: Opening a new connection, currently in state closed
[0m02:57:12.044547 [debug] [Thread-1 (]: On test.sql_practice.relationships_fct_order_items_customer_id__customer_id__ref_stg_customers_.54fcedda52: BEGIN
[0m02:57:12.044758 [debug] [Thread-4 (]: Opening a new connection, currently in state closed
[0m02:57:12.045199 [debug] [Thread-2 (]: Using duckdb connection "test.sql_practice.relationships_order_items_order_id__order_id__ref_orders_.a799023ee8"
[0m02:57:12.045423 [debug] [Thread-1 (]: Opening a new connection, currently in state closed
[0m02:57:12.045656 [debug] [Thread-2 (]: On test.sql_practice.relationships_order_items_order_id__order_id__ref_orders_.a799023ee8: BEGIN
[0m02:57:12.045883 [debug] [Thread-2 (]: Opening a new connection, currently in state closed
[0m02:57:12.053464 [debug] [Thread-3 (]: SQL status: OK in 0.009 seconds
[0m02:57:12.053813 [debug] [Thread-1 (]: SQL status: OK in 0.008 seconds
[0m02:57:12.054031 [debug] [Thread-4 (]: SQL status: OK in 0.009 seconds
[0m02:57:12.054250 [debug] [Thread-3 (]: Using duckdb connection "test.sql_practice.not_null_stg_products_product_id.6373b0acf3"
[0m02:57:12.054483 [debug] [Thread-2 (]: SQL status: OK in 0.009 seconds
[0m02:57:12.054732 [debug] [Thread-1 (]: Using duckdb connection "test.sql_practice.relationships_fct_order_items_customer_id__customer_id__ref_stg_customers_.54fcedda52"
[0m02:57:12.054942 [debug] [Thread-4 (]: Using duckdb connection "test.sql_practice.relationships_employees_department_id__department_id__ref_departments_.5e35299f8b"
[0m02:57:12.055156 [debug] [Thread-3 (]: On test.sql_practice.not_null_stg_products_product_id.6373b0acf3: /* {"app": "dbt", "dbt_version": "1.8.9", "profile_name": "sql_practice", "target_name": "dev", "node_id": "test.sql_practice.not_null_stg_products_product_id.6373b0acf3"} */

    select
      count(*) as failures,
      count(*) != 0 as should_warn,
      count(*) != 0 as should_error
    from (
      
    
  
    
    



select product_id
from "practice"."main"."stg_products"
where product_id is null



  
  
      
    ) dbt_internal_test
[0m02:57:12.055381 [debug] [Thread-2 (]: Using duckdb connection "test.sql_practice.relationships_order_items_order_id__order_id__ref_orders_.a799023ee8"
[0m02:57:12.055602 [debug] [Thread-1 (]: On test.sql_practice.relationships_fct_order_items_customer_id__customer_id__ref_stg_customers_.54fcedda52: /* {"app": "dbt", "dbt_version": "1.8.9", "profile_name": "sql_practice", "target_name": "dev", "node_id": "test.sql_practice.relationships_fct_order_items_customer_id__customer_id__ref_stg_customers_.54fcedda52"} */

    select
      count(*) as failures,
      count(*) != 0 as should_warn,
      count(*) != 0 as should_error
    from (
      
    
  
    
    

with child as (
    select customer_id as from_field
    from "practice"."main"."fct_order_items"
    where customer_id is not null
),

parent as (
    select customer_id as to_field
    from "practice"."main"."stg_customers"
)

select
    from_field

from child
left join parent
    on child.from_field = parent.to_field

where parent.to_field is null



  
  
      
    ) dbt_internal_test
[0m02:57:12.055836 [debug] [Thread-4 (]: On test.sql_practice.relationships_employees_department_id__department_id__ref_departments_.5e35299f8b: /* {"app": "dbt", "dbt_version": "1.8.9", "profile_name": "sql_practice", "target_name": "dev", "node_id": "test.sql_practice.relationships_employees_department_id__department_id__ref_departments_.5e35299f8b"} */

    select
      count(*) as failures,
      count(*) != 0 as should_warn,
      count(*) != 0 as should_error
    from (
      
    
  
    
    

with child as (
    select department_id as from_field
    from "practice"."main"."employees"
    where department_id is not null
),

parent as (
    select department_id as to_field
    from "practice"."main"."departments"
)

select
    from_field

from child
left join parent
    on child.from_field = parent.to_field

where parent.to_field is null



  
  
      
    ) dbt_internal_test
[0m02:57:12.056158 [debug] [Thread-2 (]: On test.sql_practice.relationships_order_items_order_id__order_id__ref_orders_.a799023ee8: /* {"app": "dbt", "dbt_version": "1.8.9", "profile_name": "sql_practice", "target_name": "dev", "node_id": "test.sql_practice.relationships_order_items_order_id__order_id__ref_orders_.a799023ee8"} */

    select
      count(*) as failures,
      count(*) != 0 as should_warn,
      count(*) != 0 as should_error
    from (
      
    
  
    
    

with child as (
    select order_id as from_field
    from "practice"."main"."order_items"
    where order_id is not null
),

parent as (
    select order_id as to_field
    from "practice"."main"."orders"
)

select
    from_field

from child
left join parent
    on child.from_field = parent.to_field

where parent.to_field is null



  
  
      
    ) dbt_internal_test
[0m02:57:12.056712 [debug] [Thread-3 (]: SQL status: OK in 0.001 seconds
[0m02:57:12.057980 [debug] [Thread-3 (]: On test.sql_practice.not_null_stg_products_product_id.6373b0acf3: ROLLBACK
[0m02:57:12.058239 [debug] [Thread-4 (]: SQL status: OK in 0.002 seconds
[0m02:57:12.058465 [debug] [Thread-2 (]: SQL status: OK in 0.002 seconds
[0m02:57:12.058670 [debug] [Thread-1 (]: SQL status: OK in 0.002 seconds
[0m02:57:12.059009 [debug] [Thread-3 (]: Failed to rollback 'test.sql_practice.not_null_stg_products_product_id.6373b0acf3'
[0m02:57:12.059994 [debug] [Thread-4 (]: On test.sql_practice.relationships_employees_department_id__department_id__ref_departments_.5e35299f8b: ROLLBACK
[0m02:57:12.061041 [debug] [Thread-2 (]: On test.sql_practice.relationships_order_items_order_id__order_id__ref_orders_.a799023ee8: ROLLBACK
[0m02:57:12.061316 [debug] [Thread-3 (]: On test.sql_practice.not_null_stg_products_product_id.6373b0acf3: Close
[0m02:57:12.062076 [debug] [Thread-1 (]: On test.sql_practice.relationships_fct_order_items_customer_id__customer_id__ref_stg_customers_.54fcedda52: ROLLBACK
[0m02:57:12.062427 [debug] [Thread-4 (]: Failed to rollback 'test.sql_practice.relationships_employees_department_id__department_id__ref_departments_.5e35299f8b'
[0m02:57:12.062740 [debug] [Thread-2 (]: Failed to rollback 'test.sql_practice.relationships_order_items_order_id__order_id__ref_orders_.a799023ee8'
[0m02:57:12.063128 [info ] [Thread-3 (]: 21 of 40 PASS not_null_stg_products_product_id ................................. [[32mPASS[0m in 0.05s]
[0m02:57:12.063493 [debug] [Thread-1 (]: Failed to rollback 'test.sql_practice.relationships_fct_order_items_customer_id__customer_id__ref_stg_customers_.54fcedda52'
[0m02:57:12.063695 [debug] [Thread-4 (]: On test.sql_practice.relationships_employees_department_id__department_id__ref_departments_.5e35299f8b: Close
[0m02:57:12.063912 [debug] [Thread-2 (]: On test.sql_practice.relationships_order_items_order_id__order_id__ref_orders_.a799023ee8: Close
[0m02:57:12.064231 [debug] [Thread-3 (]: Finished running node test.sql_practice.not_null_stg_products_product_id.6373b0acf3
[0m02:57:12.064455 [debug] [Thread-1 (]: On test.sql_practice.relationships_fct_order_items_customer_id__customer_id__ref_stg_customers_.54fcedda52: Close
[0m02:57:12.064800 [info ] [Thread-4 (]: 22 of 40 PASS relationships_employees_department_id__department_id__ref_departments_  [[32mPASS[0m in 0.05s]
[0m02:57:12.065185 [info ] [Thread-2 (]: 24 of 40 PASS relationships_order_items_order_id__order_id__ref_orders_ ........ [[32mPASS[0m in 0.03s]
[0m02:57:12.065502 [debug] [Thread-3 (]: Began running node test.sql_practice.relationships_order_items_product_id__product_id__ref_products_.9b6843cc04
[0m02:57:12.066018 [debug] [Thread-4 (]: Finished running node test.sql_practice.relationships_employees_department_id__department_id__ref_departments_.5e35299f8b
[0m02:57:12.066405 [debug] [Thread-2 (]: Finished running node test.sql_practice.relationships_order_items_order_id__order_id__ref_orders_.a799023ee8
[0m02:57:12.066828 [info ] [Thread-3 (]: 25 of 40 START test relationships_order_items_product_id__product_id__ref_products_  [RUN]
[0m02:57:12.067356 [debug] [Thread-4 (]: Began running node test.sql_practice.relationships_orders_customer_id__customer_id__ref_customers_.c6ec7f58f2
[0m02:57:12.067727 [info ] [Thread-1 (]: 23 of 40 PASS relationships_fct_order_items_customer_id__customer_id__ref_stg_customers_  [[32mPASS[0m in 0.05s]
[0m02:57:12.068068 [debug] [Thread-2 (]: Began running node test.sql_practice.relationships_stg_orders_customer_id__customer_id__ref_stg_customers_.430bf21500
[0m02:57:12.068413 [debug] [Thread-3 (]: Re-using an available connection from the pool (formerly test.sql_practice.not_null_stg_products_product_id.6373b0acf3, now test.sql_practice.relationships_order_items_product_id__product_id__ref_products_.9b6843cc04)
[0m02:57:12.068660 [info ] [Thread-4 (]: 26 of 40 START test relationships_orders_customer_id__customer_id__ref_customers_  [RUN]
[0m02:57:12.068988 [debug] [Thread-1 (]: Finished running node test.sql_practice.relationships_fct_order_items_customer_id__customer_id__ref_stg_customers_.54fcedda52
[0m02:57:12.069209 [info ] [Thread-2 (]: 27 of 40 START test relationships_stg_orders_customer_id__customer_id__ref_stg_customers_  [RUN]
[0m02:57:12.069456 [debug] [Thread-3 (]: Began compiling node test.sql_practice.relationships_order_items_product_id__product_id__ref_products_.9b6843cc04
[0m02:57:12.069705 [debug] [Thread-4 (]: Re-using an available connection from the pool (formerly test.sql_practice.relationships_employees_department_id__department_id__ref_departments_.5e35299f8b, now test.sql_practice.relationships_orders_customer_id__customer_id__ref_customers_.c6ec7f58f2)
[0m02:57:12.069951 [debug] [Thread-1 (]: Began running node test.sql_practice.unique_customers_customer_id.c5af1ff4b1
[0m02:57:12.070190 [debug] [Thread-2 (]: Re-using an available connection from the pool (formerly test.sql_practice.relationships_order_items_order_id__order_id__ref_orders_.a799023ee8, now test.sql_practice.relationships_stg_orders_customer_id__customer_id__ref_stg_customers_.430bf21500)
[0m02:57:12.073909 [debug] [Thread-3 (]: Writing injected SQL for node "test.sql_practice.relationships_order_items_product_id__product_id__ref_products_.9b6843cc04"
[0m02:57:12.074170 [debug] [Thread-4 (]: Began compiling node test.sql_practice.relationships_orders_customer_id__customer_id__ref_customers_.c6ec7f58f2
[0m02:57:12.074385 [info ] [Thread-1 (]: 28 of 40 START test unique_customers_customer_id ............................... [RUN]
[0m02:57:12.074612 [debug] [Thread-2 (]: Began compiling node test.sql_practice.relationships_stg_orders_customer_id__customer_id__ref_stg_customers_.430bf21500
[0m02:57:12.077929 [debug] [Thread-4 (]: Writing injected SQL for node "test.sql_practice.relationships_orders_customer_id__customer_id__ref_customers_.c6ec7f58f2"
[0m02:57:12.078359 [debug] [Thread-1 (]: Re-using an available connection from the pool (formerly test.sql_practice.relationships_fct_order_items_customer_id__customer_id__ref_stg_customers_.54fcedda52, now test.sql_practice.unique_customers_customer_id.c5af1ff4b1)
[0m02:57:12.078631 [debug] [Thread-3 (]: Began executing node test.sql_practice.relationships_order_items_product_id__product_id__ref_products_.9b6843cc04
[0m02:57:12.082077 [debug] [Thread-2 (]: Writing injected SQL for node "test.sql_practice.relationships_stg_orders_customer_id__customer_id__ref_stg_customers_.430bf21500"
[0m02:57:12.082459 [debug] [Thread-1 (]: Began compiling node test.sql_practice.unique_customers_customer_id.c5af1ff4b1
[0m02:57:12.082749 [debug] [Thread-4 (]: Began executing node test.sql_practice.relationships_orders_customer_id__customer_id__ref_customers_.c6ec7f58f2
[0m02:57:12.084473 [debug] [Thread-3 (]: Writing runtime sql for node "test.sql_practice.relationships_order_items_product_id__product_id__ref_products_.9b6843cc04"
[0m02:57:12.088728 [debug] [Thread-1 (]: Writing injected SQL for node "test.sql_practice.unique_customers_customer_id.c5af1ff4b1"
[0m02:57:12.090272 [debug] [Thread-4 (]: Writing runtime sql for node "test.sql_practice.relationships_orders_customer_id__customer_id__ref_customers_.c6ec7f58f2"
[0m02:57:12.090491 [debug] [Thread-2 (]: Began executing node test.sql_practice.relationships_stg_orders_customer_id__customer_id__ref_stg_customers_.430bf21500
[0m02:57:12.090924 [debug] [Thread-3 (]: Using duckdb connection "test.sql_practice.relationships_order_items_product_id__product_id__ref_products_.9b6843cc04"
[0m02:57:12.091212 [debug] [Thread-1 (]: Began executing node test.sql_practice.unique_customers_customer_id.c5af1ff4b1
[0m02:57:12.092768 [debug] [Thread-2 (]: Writing runtime sql for node "test.sql_practice.relationships_stg_orders_customer_id__customer_id__ref_stg_customers_.430bf21500"
[0m02:57:12.093059 [debug] [Thread-4 (]: Using duckdb connection "test.sql_practice.relationships_orders_customer_id__customer_id__ref_customers_.c6ec7f58f2"
[0m02:57:12.093265 [debug] [Thread-3 (]: On test.sql_practice.relationships_order_items_product_id__product_id__ref_products_.9b6843cc04: BEGIN
[0m02:57:12.095830 [debug] [Thread-1 (]: Writing runtime sql for node "test.sql_practice.unique_customers_customer_id.c5af1ff4b1"
[0m02:57:12.096155 [debug] [Thread-4 (]: On test.sql_practice.relationships_orders_customer_id__customer_id__ref_customers_.c6ec7f58f2: BEGIN
[0m02:57:12.096404 [debug] [Thread-2 (]: Using duckdb connection "test.sql_practice.relationships_stg_orders_customer_id__customer_id__ref_stg_customers_.430bf21500"
[0m02:57:12.096682 [debug] [Thread-3 (]: Opening a new connection, currently in state closed
[0m02:57:12.097007 [debug] [Thread-4 (]: Opening a new connection, currently in state closed
[0m02:57:12.097258 [debug] [Thread-1 (]: Using duckdb connection "test.sql_practice.unique_customers_customer_id.c5af1ff4b1"
[0m02:57:12.097467 [debug] [Thread-2 (]: On test.sql_practice.relationships_stg_orders_customer_id__customer_id__ref_stg_customers_.430bf21500: BEGIN
[0m02:57:12.097849 [debug] [Thread-1 (]: On test.sql_practice.unique_customers_customer_id.c5af1ff4b1: BEGIN
[0m02:57:12.098045 [debug] [Thread-2 (]: Opening a new connection, currently in state closed
[0m02:57:12.098237 [debug] [Thread-1 (]: Opening a new connection, currently in state closed
[0m02:57:12.106265 [debug] [Thread-3 (]: SQL status: OK in 0.010 seconds
[0m02:57:12.106568 [debug] [Thread-1 (]: SQL status: OK in 0.008 seconds
[0m02:57:12.106791 [debug] [Thread-4 (]: SQL status: OK in 0.010 seconds
[0m02:57:12.106989 [debug] [Thread-3 (]: Using duckdb connection "test.sql_practice.relationships_order_items_product_id__product_id__ref_products_.9b6843cc04"
[0m02:57:12.107201 [debug] [Thread-2 (]: SQL status: OK in 0.009 seconds
[0m02:57:12.107426 [debug] [Thread-1 (]: Using duckdb connection "test.sql_practice.unique_customers_customer_id.c5af1ff4b1"
[0m02:57:12.107690 [debug] [Thread-4 (]: Using duckdb connection "test.sql_practice.relationships_orders_customer_id__customer_id__ref_customers_.c6ec7f58f2"
[0m02:57:12.107946 [debug] [Thread-3 (]: On test.sql_practice.relationships_order_items_product_id__product_id__ref_products_.9b6843cc04: /* {"app": "dbt", "dbt_version": "1.8.9", "profile_name": "sql_practice", "target_name": "dev", "node_id": "test.sql_practice.relationships_order_items_product_id__product_id__ref_products_.9b6843cc04"} */

    select
      count(*) as failures,
      count(*) != 0 as should_warn,
      count(*) != 0 as should_error
    from (
      
    
  
    
    

with child as (
    select product_id as from_field
    from "practice"."main"."order_items"
    where product_id is not null
),

parent as (
    select product_id as to_field
    from "practice"."main"."products"
)

select
    from_field

from child
left join parent
    on child.from_field = parent.to_field

where parent.to_field is null



  
  
      
    ) dbt_internal_test
[0m02:57:12.108176 [debug] [Thread-2 (]: Using duckdb connection "test.sql_practice.relationships_stg_orders_customer_id__customer_id__ref_stg_customers_.430bf21500"
[0m02:57:12.108397 [debug] [Thread-1 (]: On test.sql_practice.unique_customers_customer_id.c5af1ff4b1: /* {"app": "dbt", "dbt_version": "1.8.9", "profile_name": "sql_practice", "target_name": "dev", "node_id": "test.sql_practice.unique_customers_customer_id.c5af1ff4b1"} */

    select
      count(*) as failures,
      count(*) != 0 as should_warn,
      count(*) != 0 as should_error
    from (
      
    
  
    
    

select
    customer_id as unique_field,
    count(*) as n_records

from "practice"."main"."customers"
where customer_id is not null
group by customer_id
having count(*) > 1



  
  
      
    ) dbt_internal_test
[0m02:57:12.108654 [debug] [Thread-4 (]: On test.sql_practice.relationships_orders_customer_id__customer_id__ref_customers_.c6ec7f58f2: /* {"app": "dbt", "dbt_version": "1.8.9", "profile_name": "sql_practice", "target_name": "dev", "node_id": "test.sql_practice.relationships_orders_customer_id__customer_id__ref_customers_.c6ec7f58f2"} */

    select
      count(*) as failures,
      count(*) != 0 as should_warn,
      count(*) != 0 as should_error
    from (
      
    
  
    
    

with child as (
    select customer_id as from_field
    from "practice"."main"."orders"
    where customer_id is not null
),

parent as (
    select customer_id as to_field
    from "practice"."main"."customers"
)

select
    from_field

from child
left join parent
    on child.from_field = parent.to_field

where parent.to_field is null



  
  
      
    ) dbt_internal_test
[0m02:57:12.109120 [debug] [Thread-2 (]: On test.sql_practice.relationships_stg_orders_customer_id__customer_id__ref_stg_customers_.430bf21500: /* {"app": "dbt", "dbt_version": "1.8.9", "profile_name": "sql_practice", "target_name": "dev", "node_id": "test.sql_practice.relationships_stg_orders_customer_id__customer_id__ref_stg_customers_.430bf21500"} */

    select
      count(*) as failures,
      count(*) != 0 as should_warn,
      count(*) != 0 as should_error
    from (
      
    
  
    
    

with child as (
    select customer_id as from_field
    from "practice"."main"."stg_orders"
    where customer_id is not null
),

parent as (
    select customer_id as to_field
    from "practice"."main"."stg_customers"
)

select
    from_field

from child
left join parent
    on child.from_field = parent.to_field

where parent.to_field is null



  
  
      
    ) dbt_internal_test
[0m02:57:12.110334 [debug] [Thread-1 (]: SQL status: OK in 0.001 seconds
[0m02:57:12.111465 [debug] [Thread-1 (]: On test.sql_practice.unique_customers_customer_id.c5af1ff4b1: ROLLBACK
[0m02:57:12.111765 [debug] [Thread-4 (]: SQL status: OK in 0.002 seconds
[0m02:57:12.112004 [debug] [Thread-2 (]: SQL status: OK in 0.002 seconds
[0m02:57:12.112292 [debug] [Thread-1 (]: Failed to rollback 'test.sql_practice.unique_customers_customer_id.c5af1ff4b1'
[0m02:57:12.112489 [debug] [Thread-3 (]: SQL status: OK in 0.004 seconds
[0m02:57:12.113435 [debug] [Thread-4 (]: On test.sql_practice.relationships_orders_customer_id__customer_id__ref_customers_.c6ec7f58f2: ROLLBACK
[0m02:57:12.113671 [debug] [Thread-1 (]: On test.sql_practice.unique_customers_customer_id.c5af1ff4b1: Close
[0m02:57:12.114439 [debug] [Thread-2 (]: On test.sql_practice.relationships_stg_orders_customer_id__customer_id__ref_stg_customers_.430bf21500: ROLLBACK
[0m02:57:12.115317 [debug] [Thread-3 (]: On test.sql_practice.relationships_order_items_product_id__product_id__ref_products_.9b6843cc04: ROLLBACK
[0m02:57:12.115618 [debug] [Thread-4 (]: Failed to rollback 'test.sql_practice.relationships_orders_customer_id__customer_id__ref_customers_.c6ec7f58f2'
[0m02:57:12.116062 [info ] [Thread-1 (]: 28 of 40 PASS unique_customers_customer_id ..................................... [[32mPASS[0m in 0.04s]
[0m02:57:12.116412 [debug] [Thread-2 (]: Failed to rollback 'test.sql_practice.relationships_stg_orders_customer_id__customer_id__ref_stg_customers_.430bf21500'
[0m02:57:12.116702 [debug] [Thread-3 (]: Failed to rollback 'test.sql_practice.relationships_order_items_product_id__product_id__ref_products_.9b6843cc04'
[0m02:57:12.116915 [debug] [Thread-4 (]: On test.sql_practice.relationships_orders_customer_id__customer_id__ref_customers_.c6ec7f58f2: Close
[0m02:57:12.117237 [debug] [Thread-1 (]: Finished running node test.sql_practice.unique_customers_customer_id.c5af1ff4b1
[0m02:57:12.117442 [debug] [Thread-2 (]: On test.sql_practice.relationships_stg_orders_customer_id__customer_id__ref_stg_customers_.430bf21500: Close
[0m02:57:12.117646 [debug] [Thread-3 (]: On test.sql_practice.relationships_order_items_product_id__product_id__ref_products_.9b6843cc04: Close
[0m02:57:12.118005 [info ] [Thread-4 (]: 26 of 40 PASS relationships_orders_customer_id__customer_id__ref_customers_ .... [[32mPASS[0m in 0.05s]
[0m02:57:12.118269 [debug] [Thread-1 (]: Began running node test.sql_practice.unique_departments_department_id.fdf5f3dc6a
[0m02:57:12.118658 [info ] [Thread-2 (]: 27 of 40 PASS relationships_stg_orders_customer_id__customer_id__ref_stg_customers_  [[32mPASS[0m in 0.05s]
[0m02:57:12.119048 [debug] [Thread-4 (]: Finished running node test.sql_practice.relationships_orders_customer_id__customer_id__ref_customers_.c6ec7f58f2
[0m02:57:12.119283 [info ] [Thread-1 (]: 29 of 40 START test unique_departments_department_id ........................... [RUN]
[0m02:57:12.119751 [debug] [Thread-2 (]: Finished running node test.sql_practice.relationships_stg_orders_customer_id__customer_id__ref_stg_customers_.430bf21500
[0m02:57:12.120041 [debug] [Thread-4 (]: Began running node test.sql_practice.unique_employees_employee_id.51e63416f6
[0m02:57:12.120707 [info ] [Thread-3 (]: 25 of 40 PASS relationships_order_items_product_id__product_id__ref_products_ .. [[32mPASS[0m in 0.05s]
[0m02:57:12.121008 [debug] [Thread-1 (]: Re-using an available connection from the pool (formerly test.sql_practice.unique_customers_customer_id.c5af1ff4b1, now test.sql_practice.unique_departments_department_id.fdf5f3dc6a)
[0m02:57:12.121273 [debug] [Thread-2 (]: Began running node test.sql_practice.unique_fct_order_items_order_item_id.0dec5f6768
[0m02:57:12.121505 [info ] [Thread-4 (]: 30 of 40 START test unique_employees_employee_id ............................... [RUN]
[0m02:57:12.121848 [debug] [Thread-3 (]: Finished running node test.sql_practice.relationships_order_items_product_id__product_id__ref_products_.9b6843cc04
[0m02:57:12.122087 [debug] [Thread-1 (]: Began compiling node test.sql_practice.unique_departments_department_id.fdf5f3dc6a
[0m02:57:12.122300 [info ] [Thread-2 (]: 31 of 40 START test unique_fct_order_items_order_item_id ....................... [RUN]
[0m02:57:12.122584 [debug] [Thread-4 (]: Re-using an available connection from the pool (formerly test.sql_practice.relationships_orders_customer_id__customer_id__ref_customers_.c6ec7f58f2, now test.sql_practice.unique_employees_employee_id.51e63416f6)
[0m02:57:12.122855 [debug] [Thread-3 (]: Began running node test.sql_practice.unique_order_items_order_item_id.7d0a7e900a
[0m02:57:12.125652 [debug] [Thread-1 (]: Writing injected SQL for node "test.sql_practice.unique_departments_department_id.fdf5f3dc6a"
[0m02:57:12.125947 [debug] [Thread-2 (]: Re-using an available connection from the pool (formerly test.sql_practice.relationships_stg_orders_customer_id__customer_id__ref_stg_customers_.430bf21500, now test.sql_practice.unique_fct_order_items_order_item_id.0dec5f6768)
[0m02:57:12.126177 [debug] [Thread-4 (]: Began compiling node test.sql_practice.unique_employees_employee_id.51e63416f6
[0m02:57:12.126406 [info ] [Thread-3 (]: 32 of 40 START test unique_order_items_order_item_id ........................... [RUN]
[0m02:57:12.126684 [debug] [Thread-2 (]: Began compiling node test.sql_practice.unique_fct_order_items_order_item_id.0dec5f6768
[0m02:57:12.129321 [debug] [Thread-4 (]: Writing injected SQL for node "test.sql_practice.unique_employees_employee_id.51e63416f6"
[0m02:57:12.129565 [debug] [Thread-1 (]: Began executing node test.sql_practice.unique_departments_department_id.fdf5f3dc6a
[0m02:57:12.129837 [debug] [Thread-3 (]: Re-using an available connection from the pool (formerly test.sql_practice.relationships_order_items_product_id__product_id__ref_products_.9b6843cc04, now test.sql_practice.unique_order_items_order_item_id.7d0a7e900a)
[0m02:57:12.132414 [debug] [Thread-2 (]: Writing injected SQL for node "test.sql_practice.unique_fct_order_items_order_item_id.0dec5f6768"
[0m02:57:12.134059 [debug] [Thread-1 (]: Writing runtime sql for node "test.sql_practice.unique_departments_department_id.fdf5f3dc6a"
[0m02:57:12.134391 [debug] [Thread-4 (]: Began executing node test.sql_practice.unique_employees_employee_id.51e63416f6
[0m02:57:12.134644 [debug] [Thread-3 (]: Began compiling node test.sql_practice.unique_order_items_order_item_id.7d0a7e900a
[0m02:57:12.134963 [debug] [Thread-2 (]: Began executing node test.sql_practice.unique_fct_order_items_order_item_id.0dec5f6768
[0m02:57:12.136456 [debug] [Thread-4 (]: Writing runtime sql for node "test.sql_practice.unique_employees_employee_id.51e63416f6"
[0m02:57:12.136752 [debug] [Thread-1 (]: Using duckdb connection "test.sql_practice.unique_departments_department_id.fdf5f3dc6a"
[0m02:57:12.139218 [debug] [Thread-3 (]: Writing injected SQL for node "test.sql_practice.unique_order_items_order_item_id.7d0a7e900a"
[0m02:57:12.140737 [debug] [Thread-2 (]: Writing runtime sql for node "test.sql_practice.unique_fct_order_items_order_item_id.0dec5f6768"
[0m02:57:12.141081 [debug] [Thread-1 (]: On test.sql_practice.unique_departments_department_id.fdf5f3dc6a: BEGIN
[0m02:57:12.141413 [debug] [Thread-4 (]: Using duckdb connection "test.sql_practice.unique_employees_employee_id.51e63416f6"
[0m02:57:12.141778 [debug] [Thread-1 (]: Opening a new connection, currently in state closed
[0m02:57:12.141987 [debug] [Thread-3 (]: Began executing node test.sql_practice.unique_order_items_order_item_id.7d0a7e900a
[0m02:57:12.142239 [debug] [Thread-2 (]: Using duckdb connection "test.sql_practice.unique_fct_order_items_order_item_id.0dec5f6768"
[0m02:57:12.142416 [debug] [Thread-4 (]: On test.sql_practice.unique_employees_employee_id.51e63416f6: BEGIN
[0m02:57:12.144097 [debug] [Thread-3 (]: Writing runtime sql for node "test.sql_practice.unique_order_items_order_item_id.7d0a7e900a"
[0m02:57:12.144331 [debug] [Thread-2 (]: On test.sql_practice.unique_fct_order_items_order_item_id.0dec5f6768: BEGIN
[0m02:57:12.144540 [debug] [Thread-4 (]: Opening a new connection, currently in state closed
[0m02:57:12.144803 [debug] [Thread-2 (]: Opening a new connection, currently in state closed
[0m02:57:12.145056 [debug] [Thread-3 (]: Using duckdb connection "test.sql_practice.unique_order_items_order_item_id.7d0a7e900a"
[0m02:57:12.145285 [debug] [Thread-3 (]: On test.sql_practice.unique_order_items_order_item_id.7d0a7e900a: BEGIN
[0m02:57:12.145464 [debug] [Thread-3 (]: Opening a new connection, currently in state closed
[0m02:57:12.151156 [debug] [Thread-1 (]: SQL status: OK in 0.009 seconds
[0m02:57:12.151440 [debug] [Thread-3 (]: SQL status: OK in 0.006 seconds
[0m02:57:12.151649 [debug] [Thread-4 (]: SQL status: OK in 0.007 seconds
[0m02:57:12.151855 [debug] [Thread-1 (]: Using duckdb connection "test.sql_practice.unique_departments_department_id.fdf5f3dc6a"
[0m02:57:12.152065 [debug] [Thread-2 (]: SQL status: OK in 0.007 seconds
[0m02:57:12.152274 [debug] [Thread-3 (]: Using duckdb connection "test.sql_practice.unique_order_items_order_item_id.7d0a7e900a"
[0m02:57:12.152465 [debug] [Thread-4 (]: Using duckdb connection "test.sql_practice.unique_employees_employee_id.51e63416f6"
[0m02:57:12.152697 [debug] [Thread-1 (]: On test.sql_practice.unique_departments_department_id.fdf5f3dc6a: /* {"app": "dbt", "dbt_version": "1.8.9", "profile_name": "sql_practice", "target_name": "dev", "node_id": "test.sql_practice.unique_departments_department_id.fdf5f3dc6a"} */

    select
      count(*) as failures,
      count(*) != 0 as should_warn,
      count(*) != 0 as should_error
    from (
      
    
  
    
    

select
    department_id as unique_field,
    count(*) as n_records

from "practice"."main"."departments"
where department_id is not null
group by department_id
having count(*) > 1



  
  
      
    ) dbt_internal_test
[0m02:57:12.152913 [debug] [Thread-2 (]: Using duckdb connection "test.sql_practice.unique_fct_order_items_order_item_id.0dec5f6768"
[0m02:57:12.153116 [debug] [Thread-3 (]: On test.sql_practice.unique_order_items_order_item_id.7d0a7e900a: /* {"app": "dbt", "dbt_version": "1.8.9", "profile_name": "sql_practice", "target_name": "dev", "node_id": "test.sql_practice.unique_order_items_order_item_id.7d0a7e900a"} */

    select
      count(*) as failures,
      count(*) != 0 as should_warn,
      count(*) != 0 as should_error
    from (
      
    
  
    
    

select
    order_item_id as unique_field,
    count(*) as n_records

from "practice"."main"."order_items"
where order_item_id is not null
group by order_item_id
having count(*) > 1



  
  
      
    ) dbt_internal_test
[0m02:57:12.153331 [debug] [Thread-4 (]: On test.sql_practice.unique_employees_employee_id.51e63416f6: /* {"app": "dbt", "dbt_version": "1.8.9", "profile_name": "sql_practice", "target_name": "dev", "node_id": "test.sql_practice.unique_employees_employee_id.51e63416f6"} */

    select
      count(*) as failures,
      count(*) != 0 as should_warn,
      count(*) != 0 as should_error
    from (
      
    
  
    
    

select
    employee_id as unique_field,
    count(*) as n_records

from "practice"."main"."employees"
where employee_id is not null
group by employee_id
having count(*) > 1



  
  
      
    ) dbt_internal_test
[0m02:57:12.153679 [debug] [Thread-2 (]: On test.sql_practice.unique_fct_order_items_order_item_id.0dec5f6768: /* {"app": "dbt", "dbt_version": "1.8.9", "profile_name": "sql_practice", "target_name": "dev", "node_id": "test.sql_practice.unique_fct_order_items_order_item_id.0dec5f6768"} */

    select
      count(*) as failures,
      count(*) != 0 as should_warn,
      count(*) != 0 as should_error
    from (
      
    
  
    
    

select
    order_item_id as unique_field,
    count(*) as n_records

from "practice"."main"."fct_order_items"
where order_item_id is not null
group by order_item_id
having count(*) > 1



  
  
      
    ) dbt_internal_test
[0m02:57:12.154431 [debug] [Thread-1 (]: SQL status: OK in 0.001 seconds
[0m02:57:12.155497 [debug] [Thread-1 (]: On test.sql_practice.unique_departments_department_id.fdf5f3dc6a: ROLLBACK
[0m02:57:12.155736 [debug] [Thread-2 (]: SQL status: OK in 0.002 seconds
[0m02:57:12.155972 [debug] [Thread-4 (]: SQL status: OK in 0.002 seconds
[0m02:57:12.156189 [debug] [Thread-3 (]: SQL status: OK in 0.002 seconds
[0m02:57:12.156505 [debug] [Thread-1 (]: Failed to rollback 'test.sql_practice.unique_departments_department_id.fdf5f3dc6a'
[0m02:57:12.157411 [debug] [Thread-2 (]: On test.sql_practice.unique_fct_order_items_order_item_id.0dec5f6768: ROLLBACK
[0m02:57:12.158293 [debug] [Thread-4 (]: On test.sql_practice.unique_employees_employee_id.51e63416f6: ROLLBACK
[0m02:57:12.159121 [debug] [Thread-3 (]: On test.sql_practice.unique_order_items_order_item_id.7d0a7e900a: ROLLBACK
[0m02:57:12.159326 [debug] [Thread-1 (]: On test.sql_practice.unique_departments_department_id.fdf5f3dc6a: Close
[0m02:57:12.159619 [debug] [Thread-2 (]: Failed to rollback 'test.sql_practice.unique_fct_order_items_order_item_id.0dec5f6768'
[0m02:57:12.159908 [debug] [Thread-4 (]: Failed to rollback 'test.sql_practice.unique_employees_employee_id.51e63416f6'
[0m02:57:12.160193 [debug] [Thread-3 (]: Failed to rollback 'test.sql_practice.unique_order_items_order_item_id.7d0a7e900a'
[0m02:57:12.160572 [info ] [Thread-1 (]: 29 of 40 PASS unique_departments_department_id ................................. [[32mPASS[0m in 0.04s]
[0m02:57:12.160790 [debug] [Thread-2 (]: On test.sql_practice.unique_fct_order_items_order_item_id.0dec5f6768: Close
[0m02:57:12.160996 [debug] [Thread-4 (]: On test.sql_practice.unique_employees_employee_id.51e63416f6: Close
[0m02:57:12.161202 [debug] [Thread-3 (]: On test.sql_practice.unique_order_items_order_item_id.7d0a7e900a: Close
[0m02:57:12.161521 [debug] [Thread-1 (]: Finished running node test.sql_practice.unique_departments_department_id.fdf5f3dc6a
[0m02:57:12.161886 [info ] [Thread-2 (]: 31 of 40 PASS unique_fct_order_items_order_item_id ............................. [[32mPASS[0m in 0.04s]
[0m02:57:12.162265 [info ] [Thread-4 (]: 30 of 40 PASS unique_employees_employee_id ..................................... [[32mPASS[0m in 0.04s]
[0m02:57:12.162567 [debug] [Thread-1 (]: Began running node test.sql_practice.unique_orders_order_id.fed79b3a6e
[0m02:57:12.162966 [debug] [Thread-2 (]: Finished running node test.sql_practice.unique_fct_order_items_order_item_id.0dec5f6768
[0m02:57:12.163303 [debug] [Thread-4 (]: Finished running node test.sql_practice.unique_employees_employee_id.51e63416f6
[0m02:57:12.163656 [info ] [Thread-1 (]: 33 of 40 START test unique_orders_order_id ..................................... [RUN]
[0m02:57:12.164121 [debug] [Thread-2 (]: Began running node test.sql_practice.unique_products_product_id.68edffb83d
[0m02:57:12.164503 [info ] [Thread-3 (]: 32 of 40 PASS unique_order_items_order_item_id ................................. [[32mPASS[0m in 0.03s]
[0m02:57:12.164819 [debug] [Thread-4 (]: Began running node test.sql_practice.unique_stg_customers_customer_id.c7614daada
[0m02:57:12.165113 [debug] [Thread-1 (]: Re-using an available connection from the pool (formerly test.sql_practice.unique_departments_department_id.fdf5f3dc6a, now test.sql_practice.unique_orders_order_id.fed79b3a6e)
[0m02:57:12.165355 [info ] [Thread-2 (]: 34 of 40 START test unique_products_product_id ................................. [RUN]
[0m02:57:12.165688 [debug] [Thread-3 (]: Finished running node test.sql_practice.unique_order_items_order_item_id.7d0a7e900a
[0m02:57:12.165939 [info ] [Thread-4 (]: 35 of 40 START test unique_stg_customers_customer_id ........................... [RUN]
[0m02:57:12.166169 [debug] [Thread-1 (]: Began compiling node test.sql_practice.unique_orders_order_id.fed79b3a6e
[0m02:57:12.166428 [debug] [Thread-2 (]: Re-using an available connection from the pool (formerly test.sql_practice.unique_fct_order_items_order_item_id.0dec5f6768, now test.sql_practice.unique_products_product_id.68edffb83d)
[0m02:57:12.166682 [debug] [Thread-3 (]: Began running node test.sql_practice.unique_stg_departments_department_id.8e1b8b707b
[0m02:57:12.166949 [debug] [Thread-4 (]: Re-using an available connection from the pool (formerly test.sql_practice.unique_employees_employee_id.51e63416f6, now test.sql_practice.unique_stg_customers_customer_id.c7614daada)
[0m02:57:12.169691 [debug] [Thread-1 (]: Writing injected SQL for node "test.sql_practice.unique_orders_order_id.fed79b3a6e"
[0m02:57:12.169944 [debug] [Thread-2 (]: Began compiling node test.sql_practice.unique_products_product_id.68edffb83d
[0m02:57:12.170160 [info ] [Thread-3 (]: 36 of 40 START test unique_stg_departments_department_id ....................... [RUN]
[0m02:57:12.170403 [debug] [Thread-4 (]: Began compiling node test.sql_practice.unique_stg_customers_customer_id.c7614daada
[0m02:57:12.174159 [debug] [Thread-2 (]: Writing injected SQL for node "test.sql_practice.unique_products_product_id.68edffb83d"
[0m02:57:12.174463 [debug] [Thread-3 (]: Re-using an available connection from the pool (formerly test.sql_practice.unique_order_items_order_item_id.7d0a7e900a, now test.sql_practice.unique_stg_departments_department_id.8e1b8b707b)
[0m02:57:12.174666 [debug] [Thread-1 (]: Began executing node test.sql_practice.unique_orders_order_id.fed79b3a6e
[0m02:57:12.177044 [debug] [Thread-4 (]: Writing injected SQL for node "test.sql_practice.unique_stg_customers_customer_id.c7614daada"
[0m02:57:12.177352 [debug] [Thread-3 (]: Began compiling node test.sql_practice.unique_stg_departments_department_id.8e1b8b707b
[0m02:57:12.177584 [debug] [Thread-2 (]: Began executing node test.sql_practice.unique_products_product_id.68edffb83d
[0m02:57:12.179041 [debug] [Thread-1 (]: Writing runtime sql for node "test.sql_practice.unique_orders_order_id.fed79b3a6e"
[0m02:57:12.181459 [debug] [Thread-3 (]: Writing injected SQL for node "test.sql_practice.unique_stg_departments_department_id.8e1b8b707b"
[0m02:57:12.181740 [debug] [Thread-4 (]: Began executing node test.sql_practice.unique_stg_customers_customer_id.c7614daada
[0m02:57:12.183215 [debug] [Thread-2 (]: Writing runtime sql for node "test.sql_practice.unique_products_product_id.68edffb83d"
[0m02:57:12.183579 [debug] [Thread-1 (]: Using duckdb connection "test.sql_practice.unique_orders_order_id.fed79b3a6e"
[0m02:57:12.185144 [debug] [Thread-4 (]: Writing runtime sql for node "test.sql_practice.unique_stg_customers_customer_id.c7614daada"
[0m02:57:12.185403 [debug] [Thread-3 (]: Began executing node test.sql_practice.unique_stg_departments_department_id.8e1b8b707b
[0m02:57:12.185714 [debug] [Thread-2 (]: Using duckdb connection "test.sql_practice.unique_products_product_id.68edffb83d"
[0m02:57:12.185910 [debug] [Thread-1 (]: On test.sql_practice.unique_orders_order_id.fed79b3a6e: BEGIN
[0m02:57:12.187419 [debug] [Thread-3 (]: Writing runtime sql for node "test.sql_practice.unique_stg_departments_department_id.8e1b8b707b"
[0m02:57:12.187664 [debug] [Thread-4 (]: Using duckdb connection "test.sql_practice.unique_stg_customers_customer_id.c7614daada"
[0m02:57:12.187879 [debug] [Thread-2 (]: On test.sql_practice.unique_products_product_id.68edffb83d: BEGIN
[0m02:57:12.188082 [debug] [Thread-1 (]: Opening a new connection, currently in state closed
[0m02:57:12.188347 [debug] [Thread-4 (]: On test.sql_practice.unique_stg_customers_customer_id.c7614daada: BEGIN
[0m02:57:12.188551 [debug] [Thread-3 (]: Using duckdb connection "test.sql_practice.unique_stg_departments_department_id.8e1b8b707b"
[0m02:57:12.188754 [debug] [Thread-2 (]: Opening a new connection, currently in state closed
[0m02:57:12.189084 [debug] [Thread-4 (]: Opening a new connection, currently in state closed
[0m02:57:12.189317 [debug] [Thread-3 (]: On test.sql_practice.unique_stg_departments_department_id.8e1b8b707b: BEGIN
[0m02:57:12.189567 [debug] [Thread-3 (]: Opening a new connection, currently in state closed
[0m02:57:12.197298 [debug] [Thread-1 (]: SQL status: OK in 0.009 seconds
[0m02:57:12.197537 [debug] [Thread-2 (]: SQL status: OK in 0.009 seconds
[0m02:57:12.197760 [debug] [Thread-4 (]: SQL status: OK in 0.009 seconds
[0m02:57:12.197995 [debug] [Thread-3 (]: SQL status: OK in 0.008 seconds
[0m02:57:12.198198 [debug] [Thread-1 (]: Using duckdb connection "test.sql_practice.unique_orders_order_id.fed79b3a6e"
[0m02:57:12.198428 [debug] [Thread-2 (]: Using duckdb connection "test.sql_practice.unique_products_product_id.68edffb83d"
[0m02:57:12.198638 [debug] [Thread-4 (]: Using duckdb connection "test.sql_practice.unique_stg_customers_customer_id.c7614daada"
[0m02:57:12.198851 [debug] [Thread-3 (]: Using duckdb connection "test.sql_practice.unique_stg_departments_department_id.8e1b8b707b"
[0m02:57:12.199074 [debug] [Thread-1 (]: On test.sql_practice.unique_orders_order_id.fed79b3a6e: /* {"app": "dbt", "dbt_version": "1.8.9", "profile_name": "sql_practice", "target_name": "dev", "node_id": "test.sql_practice.unique_orders_order_id.fed79b3a6e"} */

    select
      count(*) as failures,
      count(*) != 0 as should_warn,
      count(*) != 0 as should_error
    from (
      
    
  
    
    

select
    order_id as unique_field,
    count(*) as n_records

from "practice"."main"."orders"
where order_id is not null
group by order_id
having count(*) > 1



  
  
      
    ) dbt_internal_test
[0m02:57:12.199298 [debug] [Thread-2 (]: On test.sql_practice.unique_products_product_id.68edffb83d: /* {"app": "dbt", "dbt_version": "1.8.9", "profile_name": "sql_practice", "target_name": "dev", "node_id": "test.sql_practice.unique_products_product_id.68edffb83d"} */

    select
      count(*) as failures,
      count(*) != 0 as should_warn,
      count(*) != 0 as should_error
    from (
      
    
  
    
    

select
    product_id as unique_field,
    count(*) as n_records

from "practice"."main"."products"
where product_id is not null
group by product_id
having count(*) > 1



  
  
      
    ) dbt_internal_test
[0m02:57:12.199524 [debug] [Thread-4 (]: On test.sql_practice.unique_stg_customers_customer_id.c7614daada: /* {"app": "dbt", "dbt_version": "1.8.9", "profile_name": "sql_practice", "target_name": "dev", "node_id": "test.sql_practice.unique_stg_customers_customer_id.c7614daada"} */

    select
      count(*) as failures,
      count(*) != 0 as should_warn,
      count(*) != 0 as should_error
    from (
      
    
  
    
    

select
    customer_id as unique_field,
    count(*) as n_records

from "practice"."main"."stg_customers"
where customer_id is not null
group by customer_id
having count(*) > 1



  
  
      
    ) dbt_internal_test
[0m02:57:12.199753 [debug] [Thread-3 (]: On test.sql_practice.unique_stg_departments_department_id.8e1b8b707b: /* {"app": "dbt", "dbt_version": "1.8.9", "profile_name": "sql_practice", "target_name": "dev", "node_id": "test.sql_practice.unique_stg_departments_department_id.8e1b8b707b"} */

    select
      count(*) as failures,
      count(*) != 0 as should_warn,
      count(*) != 0 as should_error
    from (
      
    
  
    
    

select
    department_id as unique_field,
    count(*) as n_records

from "practice"."main"."stg_departments"
where department_id is not null
group by department_id
having count(*) > 1



  
  
      
    ) dbt_internal_test
[0m02:57:12.201041 [debug] [Thread-2 (]: SQL status: OK in 0.001 seconds
[0m02:57:12.201277 [debug] [Thread-1 (]: SQL status: OK in 0.001 seconds
[0m02:57:12.201523 [debug] [Thread-3 (]: SQL status: OK in 0.001 seconds
[0m02:57:12.201735 [debug] [Thread-4 (]: SQL status: OK in 0.002 seconds
[0m02:57:12.202719 [debug] [Thread-2 (]: On test.sql_practice.unique_products_product_id.68edffb83d: ROLLBACK
[0m02:57:12.203656 [debug] [Thread-1 (]: On test.sql_practice.unique_orders_order_id.fed79b3a6e: ROLLBACK
[0m02:57:12.204491 [debug] [Thread-3 (]: On test.sql_practice.unique_stg_departments_department_id.8e1b8b707b: ROLLBACK
[0m02:57:12.205310 [debug] [Thread-4 (]: On test.sql_practice.unique_stg_customers_customer_id.c7614daada: ROLLBACK
[0m02:57:12.205627 [debug] [Thread-2 (]: Failed to rollback 'test.sql_practice.unique_products_product_id.68edffb83d'
[0m02:57:12.205953 [debug] [Thread-1 (]: Failed to rollback 'test.sql_practice.unique_orders_order_id.fed79b3a6e'
[0m02:57:12.206259 [debug] [Thread-3 (]: Failed to rollback 'test.sql_practice.unique_stg_departments_department_id.8e1b8b707b'
[0m02:57:12.206540 [debug] [Thread-4 (]: Failed to rollback 'test.sql_practice.unique_stg_customers_customer_id.c7614daada'
[0m02:57:12.206752 [debug] [Thread-2 (]: On test.sql_practice.unique_products_product_id.68edffb83d: Close
[0m02:57:12.206980 [debug] [Thread-1 (]: On test.sql_practice.unique_orders_order_id.fed79b3a6e: Close
[0m02:57:12.207212 [debug] [Thread-3 (]: On test.sql_practice.unique_stg_departments_department_id.8e1b8b707b: Close
[0m02:57:12.207403 [debug] [Thread-4 (]: On test.sql_practice.unique_stg_customers_customer_id.c7614daada: Close
[0m02:57:12.207816 [info ] [Thread-2 (]: 34 of 40 PASS unique_products_product_id ....................................... [[32mPASS[0m in 0.04s]
[0m02:57:12.208246 [info ] [Thread-1 (]: 33 of 40 PASS unique_orders_order_id ........................................... [[32mPASS[0m in 0.04s]
[0m02:57:12.208608 [info ] [Thread-3 (]: 36 of 40 PASS unique_stg_departments_department_id ............................. [[32mPASS[0m in 0.03s]
[0m02:57:12.208980 [debug] [Thread-2 (]: Finished running node test.sql_practice.unique_products_product_id.68edffb83d
[0m02:57:12.209542 [debug] [Thread-1 (]: Finished running node test.sql_practice.unique_orders_order_id.fed79b3a6e
[0m02:57:12.210032 [debug] [Thread-3 (]: Finished running node test.sql_practice.unique_stg_departments_department_id.8e1b8b707b
[0m02:57:12.210331 [debug] [Thread-2 (]: Began running node test.sql_practice.unique_stg_employees_employee_id.db72478d64
[0m02:57:12.210682 [info ] [Thread-4 (]: 35 of 40 PASS unique_stg_customers_customer_id ................................. [[32mPASS[0m in 0.04s]
[0m02:57:12.210993 [debug] [Thread-1 (]: Began running node test.sql_practice.unique_stg_order_items_order_item_id.90e333a108
[0m02:57:12.211284 [debug] [Thread-3 (]: Began running node test.sql_practice.unique_stg_orders_order_id.e3b841c71a
[0m02:57:12.211522 [info ] [Thread-2 (]: 37 of 40 START test unique_stg_employees_employee_id ........................... [RUN]
[0m02:57:12.211882 [debug] [Thread-4 (]: Finished running node test.sql_practice.unique_stg_customers_customer_id.c7614daada
[0m02:57:12.212113 [info ] [Thread-1 (]: 38 of 40 START test unique_stg_order_items_order_item_id ....................... [RUN]
[0m02:57:12.212359 [info ] [Thread-3 (]: 39 of 40 START test unique_stg_orders_order_id ................................. [RUN]
[0m02:57:12.212632 [debug] [Thread-2 (]: Re-using an available connection from the pool (formerly test.sql_practice.unique_products_product_id.68edffb83d, now test.sql_practice.unique_stg_employees_employee_id.db72478d64)
[0m02:57:12.212903 [debug] [Thread-4 (]: Began running node test.sql_practice.unique_stg_products_product_id.7d950a1467
[0m02:57:12.213195 [debug] [Thread-1 (]: Re-using an available connection from the pool (formerly test.sql_practice.unique_orders_order_id.fed79b3a6e, now test.sql_practice.unique_stg_order_items_order_item_id.90e333a108)
[0m02:57:12.213441 [debug] [Thread-3 (]: Re-using an available connection from the pool (formerly test.sql_practice.unique_stg_departments_department_id.8e1b8b707b, now test.sql_practice.unique_stg_orders_order_id.e3b841c71a)
[0m02:57:12.213658 [debug] [Thread-2 (]: Began compiling node test.sql_practice.unique_stg_employees_employee_id.db72478d64
[0m02:57:12.213902 [info ] [Thread-4 (]: 40 of 40 START test unique_stg_products_product_id ............................. [RUN]
[0m02:57:12.214152 [debug] [Thread-1 (]: Began compiling node test.sql_practice.unique_stg_order_items_order_item_id.90e333a108
[0m02:57:12.214375 [debug] [Thread-3 (]: Began compiling node test.sql_practice.unique_stg_orders_order_id.e3b841c71a
[0m02:57:12.217151 [debug] [Thread-2 (]: Writing injected SQL for node "test.sql_practice.unique_stg_employees_employee_id.db72478d64"
[0m02:57:12.217419 [debug] [Thread-4 (]: Re-using an available connection from the pool (formerly test.sql_practice.unique_stg_customers_customer_id.c7614daada, now test.sql_practice.unique_stg_products_product_id.7d950a1467)
[0m02:57:12.219880 [debug] [Thread-1 (]: Writing injected SQL for node "test.sql_practice.unique_stg_order_items_order_item_id.90e333a108"
[0m02:57:12.222321 [debug] [Thread-3 (]: Writing injected SQL for node "test.sql_practice.unique_stg_orders_order_id.e3b841c71a"
[0m02:57:12.222623 [debug] [Thread-4 (]: Began compiling node test.sql_practice.unique_stg_products_product_id.7d950a1467
[0m02:57:12.225168 [debug] [Thread-4 (]: Writing injected SQL for node "test.sql_practice.unique_stg_products_product_id.7d950a1467"
[0m02:57:12.227043 [debug] [Thread-2 (]: Began executing node test.sql_practice.unique_stg_employees_employee_id.db72478d64
[0m02:57:12.227251 [debug] [Thread-1 (]: Began executing node test.sql_practice.unique_stg_order_items_order_item_id.90e333a108
[0m02:57:12.227498 [debug] [Thread-3 (]: Began executing node test.sql_practice.unique_stg_orders_order_id.e3b841c71a
[0m02:57:12.230175 [debug] [Thread-2 (]: Writing runtime sql for node "test.sql_practice.unique_stg_employees_employee_id.db72478d64"
[0m02:57:12.230414 [debug] [Thread-4 (]: Began executing node test.sql_practice.unique_stg_products_product_id.7d950a1467
[0m02:57:12.232873 [debug] [Thread-1 (]: Writing runtime sql for node "test.sql_practice.unique_stg_order_items_order_item_id.90e333a108"
[0m02:57:12.234319 [debug] [Thread-3 (]: Writing runtime sql for node "test.sql_practice.unique_stg_orders_order_id.e3b841c71a"
[0m02:57:12.235878 [debug] [Thread-4 (]: Writing runtime sql for node "test.sql_practice.unique_stg_products_product_id.7d950a1467"
[0m02:57:12.236150 [debug] [Thread-2 (]: Using duckdb connection "test.sql_practice.unique_stg_employees_employee_id.db72478d64"
[0m02:57:12.236542 [debug] [Thread-1 (]: Using duckdb connection "test.sql_practice.unique_stg_order_items_order_item_id.90e333a108"
[0m02:57:12.236835 [debug] [Thread-3 (]: Using duckdb connection "test.sql_practice.unique_stg_orders_order_id.e3b841c71a"
[0m02:57:12.237074 [debug] [Thread-2 (]: On test.sql_practice.unique_stg_employees_employee_id.db72478d64: BEGIN
[0m02:57:12.237295 [debug] [Thread-4 (]: Using duckdb connection "test.sql_practice.unique_stg_products_product_id.7d950a1467"
[0m02:57:12.237507 [debug] [Thread-1 (]: On test.sql_practice.unique_stg_order_items_order_item_id.90e333a108: BEGIN
[0m02:57:12.237710 [debug] [Thread-3 (]: On test.sql_practice.unique_stg_orders_order_id.e3b841c71a: BEGIN
[0m02:57:12.237912 [debug] [Thread-2 (]: Opening a new connection, currently in state closed
[0m02:57:12.238112 [debug] [Thread-4 (]: On test.sql_practice.unique_stg_products_product_id.7d950a1467: BEGIN
[0m02:57:12.238307 [debug] [Thread-1 (]: Opening a new connection, currently in state closed
[0m02:57:12.238499 [debug] [Thread-3 (]: Opening a new connection, currently in state closed
[0m02:57:12.238835 [debug] [Thread-4 (]: Opening a new connection, currently in state closed
[0m02:57:12.247854 [debug] [Thread-2 (]: SQL status: OK in 0.010 seconds
[0m02:57:12.248117 [debug] [Thread-1 (]: SQL status: OK in 0.010 seconds
[0m02:57:12.248340 [debug] [Thread-3 (]: SQL status: OK in 0.010 seconds
[0m02:57:12.248565 [debug] [Thread-4 (]: SQL status: OK in 0.010 seconds
[0m02:57:12.248792 [debug] [Thread-2 (]: Using duckdb connection "test.sql_practice.unique_stg_employees_employee_id.db72478d64"
[0m02:57:12.249006 [debug] [Thread-1 (]: Using duckdb connection "test.sql_practice.unique_stg_order_items_order_item_id.90e333a108"
[0m02:57:12.249226 [debug] [Thread-3 (]: Using duckdb connection "test.sql_practice.unique_stg_orders_order_id.e3b841c71a"
[0m02:57:12.249437 [debug] [Thread-4 (]: Using duckdb connection "test.sql_practice.unique_stg_products_product_id.7d950a1467"
[0m02:57:12.249665 [debug] [Thread-2 (]: On test.sql_practice.unique_stg_employees_employee_id.db72478d64: /* {"app": "dbt", "dbt_version": "1.8.9", "profile_name": "sql_practice", "target_name": "dev", "node_id": "test.sql_practice.unique_stg_employees_employee_id.db72478d64"} */

    select
      count(*) as failures,
      count(*) != 0 as should_warn,
      count(*) != 0 as should_error
    from (
      
    
  
    
    

select
    employee_id as unique_field,
    count(*) as n_records

from "practice"."main"."stg_employees"
where employee_id is not null
group by employee_id
having count(*) > 1



  
  
      
    ) dbt_internal_test
[0m02:57:12.249890 [debug] [Thread-1 (]: On test.sql_practice.unique_stg_order_items_order_item_id.90e333a108: /* {"app": "dbt", "dbt_version": "1.8.9", "profile_name": "sql_practice", "target_name": "dev", "node_id": "test.sql_practice.unique_stg_order_items_order_item_id.90e333a108"} */

    select
      count(*) as failures,
      count(*) != 0 as should_warn,
      count(*) != 0 as should_error
    from (
      
    
  
    
    

select
    order_item_id as unique_field,
    count(*) as n_records

from "practice"."main"."stg_order_items"
where order_item_id is not null
group by order_item_id
having count(*) > 1



  
  
      
    ) dbt_internal_test
[0m02:57:12.250127 [debug] [Thread-3 (]: On test.sql_practice.unique_stg_orders_order_id.e3b841c71a: /* {"app": "dbt", "dbt_version": "1.8.9", "profile_name": "sql_practice", "target_name": "dev", "node_id": "test.sql_practice.unique_stg_orders_order_id.e3b841c71a"} */

    select
      count(*) as failures,
      count(*) != 0 as should_warn,
      count(*) != 0 as should_error
    from (
      
    
  
    
    

select
    order_id as unique_field,
    count(*) as n_records

from "practice"."main"."stg_orders"
where order_id is not null
group by order_id
having count(*) > 1



  
  
      
    ) dbt_internal_test
[0m02:57:12.250379 [debug] [Thread-4 (]: On test.sql_practice.unique_stg_products_product_id.7d950a1467: /* {"app": "dbt", "dbt_version": "1.8.9", "profile_name": "sql_practice", "target_name": "dev", "node_id": "test.sql_practice.unique_stg_products_product_id.7d950a1467"} */

    select
      count(*) as failures,
      count(*) != 0 as should_warn,
      count(*) != 0 as should_error
    from (
      
    
  
    
    

select
    product_id as unique_field,
    count(*) as n_records

from "practice"."main"."stg_products"
where product_id is not null
group by product_id
having count(*) > 1



  
  
      
    ) dbt_internal_test
[0m02:57:12.251837 [debug] [Thread-3 (]: SQL status: OK in 0.001 seconds
[0m02:57:12.252114 [debug] [Thread-2 (]: SQL status: OK in 0.001 seconds
[0m02:57:12.252333 [debug] [Thread-4 (]: SQL status: OK in 0.001 seconds
[0m02:57:12.252606 [debug] [Thread-1 (]: SQL status: OK in 0.002 seconds
[0m02:57:12.253597 [debug] [Thread-3 (]: On test.sql_practice.unique_stg_orders_order_id.e3b841c71a: ROLLBACK
[0m02:57:12.254525 [debug] [Thread-2 (]: On test.sql_practice.unique_stg_employees_employee_id.db72478d64: ROLLBACK
[0m02:57:12.255439 [debug] [Thread-4 (]: On test.sql_practice.unique_stg_products_product_id.7d950a1467: ROLLBACK
[0m02:57:12.256291 [debug] [Thread-1 (]: On test.sql_practice.unique_stg_order_items_order_item_id.90e333a108: ROLLBACK
[0m02:57:12.256616 [debug] [Thread-3 (]: Failed to rollback 'test.sql_practice.unique_stg_orders_order_id.e3b841c71a'
[0m02:57:12.256953 [debug] [Thread-2 (]: Failed to rollback 'test.sql_practice.unique_stg_employees_employee_id.db72478d64'
[0m02:57:12.257285 [debug] [Thread-4 (]: Failed to rollback 'test.sql_practice.unique_stg_products_product_id.7d950a1467'
[0m02:57:12.257595 [debug] [Thread-1 (]: Failed to rollback 'test.sql_practice.unique_stg_order_items_order_item_id.90e333a108'
[0m02:57:12.257809 [debug] [Thread-3 (]: On test.sql_practice.unique_stg_orders_order_id.e3b841c71a: Close
[0m02:57:12.258005 [debug] [Thread-2 (]: On test.sql_practice.unique_stg_employees_employee_id.db72478d64: Close
[0m02:57:12.258198 [debug] [Thread-4 (]: On test.sql_practice.unique_stg_products_product_id.7d950a1467: Close
[0m02:57:12.258403 [debug] [Thread-1 (]: On test.sql_practice.unique_stg_order_items_order_item_id.90e333a108: Close
[0m02:57:12.258835 [info ] [Thread-3 (]: 39 of 40 PASS unique_stg_orders_order_id ....................................... [[32mPASS[0m in 0.05s]
[0m02:57:12.259158 [info ] [Thread-2 (]: 37 of 40 PASS unique_stg_employees_employee_id ................................. [[32mPASS[0m in 0.05s]
[0m02:57:12.259530 [info ] [Thread-4 (]: 40 of 40 PASS unique_stg_products_product_id ................................... [[32mPASS[0m in 0.04s]
[0m02:57:12.259931 [debug] [Thread-3 (]: Finished running node test.sql_practice.unique_stg_orders_order_id.e3b841c71a
[0m02:57:12.260464 [debug] [Thread-2 (]: Finished running node test.sql_practice.unique_stg_employees_employee_id.db72478d64
[0m02:57:12.260903 [debug] [Thread-4 (]: Finished running node test.sql_practice.unique_stg_products_product_id.7d950a1467
[0m02:57:12.261336 [info ] [Thread-1 (]: 38 of 40 PASS unique_stg_order_items_order_item_id ............................. [[32mPASS[0m in 0.05s]
[0m02:57:12.261806 [debug] [Thread-1 (]: Finished running node test.sql_practice.unique_stg_order_items_order_item_id.90e333a108
[0m02:57:12.262686 [debug] [MainThread]: Using duckdb connection "master"
[0m02:57:12.262880 [debug] [MainThread]: On master: BEGIN
[0m02:57:12.263035 [debug] [MainThread]: Opening a new connection, currently in state closed
[0m02:57:12.272070 [debug] [MainThread]: SQL status: OK in 0.009 seconds
[0m02:57:12.272327 [debug] [MainThread]: On master: COMMIT
[0m02:57:12.272507 [debug] [MainThread]: Using duckdb connection "master"
[0m02:57:12.272663 [debug] [MainThread]: On master: COMMIT
[0m02:57:12.273030 [debug] [MainThread]: SQL status: OK in 0.000 seconds
[0m02:57:12.273223 [debug] [MainThread]: On master: Close
[0m02:57:12.274837 [debug] [MainThread]: Connection 'master' was properly closed.
[0m02:57:12.275182 [debug] [MainThread]: Connection 'list_practice_main' was properly closed.
[0m02:57:12.275446 [debug] [MainThread]: Connection 'test.sql_practice.unique_stg_order_items_order_item_id.90e333a108' was properly closed.
[0m02:57:12.275691 [debug] [MainThread]: Connection 'test.sql_practice.unique_stg_employees_employee_id.db72478d64' was properly closed.
[0m02:57:12.275931 [debug] [MainThread]: Connection 'test.sql_practice.unique_stg_orders_order_id.e3b841c71a' was properly closed.
[0m02:57:12.276150 [debug] [MainThread]: Connection 'test.sql_practice.unique_stg_products_product_id.7d950a1467' was properly closed.
[0m02:57:12.276532 [info ] [MainThread]: 
[0m02:57:12.276822 [info ] [MainThread]: Finished running 40 data tests in 0 hours 0 minutes and 0.64 seconds (0.64s).
[0m02:57:12.280430 [debug] [MainThread]: Command end result
[0m02:57:12.305999 [info ] [MainThread]: 
[0m02:57:12.306301 [info ] [MainThread]: [32mCompleted successfully[0m
[0m02:57:12.306548 [info ] [MainThread]: 
[0m02:57:12.306747 [info ] [MainThread]: Done. PASS=40 WARN=0 ERROR=0 SKIP=0 TOTAL=40
[0m02:57:12.307288 [debug] [MainThread]: Resource report: {"command_name": "test", "command_success": true, "command_wall_clock_time": 1.086757, "process_in_blocks": "8", "process_kernel_time": 0.149986, "process_mem_max_rss": "171404", "process_out_blocks": "3736", "process_user_time": 1.811915}
[0m02:57:12.307562 [debug] [MainThread]: Command `dbt test` succeeded at 02:57:12.307498 after 1.09 seconds
[0m02:57:12.307761 [debug] [MainThread]: Sending event: {'category': 'dbt', 'action': 'invocation', 'label': 'end', 'context': [<snowplow_tracker.self_describing_json.SelfDescribingJson object at 0x7a8c08e89110>, <snowplow_tracker.self_describing_json.SelfDescribingJson object at 0x7a8c08e88690>, <snowplow_tracker.self_describing_json.SelfDescribingJson object at 0x7a8c05a90490>]}
[0m02:57:12.307959 [debug] [MainThread]: Flushing usage events
[0m03:15:28.288641 [debug] [MainThread]: Sending event: {'category': 'dbt', 'action': 'invocation', 'label': 'start', 'context': [<snowplow_tracker.self_describing_json.SelfDescribingJson object at 0x707512ffec10>, <snowplow_tracker.self_describing_json.SelfDescribingJson object at 0x707512ff6450>, <snowplow_tracker.self_describing_json.SelfDescribingJson object at 0x7075133eae10>]}


============================== 03:15:28.290543 | c8e4fc13-f8fb-4a8e-aeba-9a11e708c819 ==============================
[0m03:15:28.290543 [info ] [MainThread]: Running with dbt=1.8.9
[0m03:15:28.290890 [debug] [MainThread]: running dbt with arguments {'printer_width': '80', 'indirect_selection': 'eager', 'log_cache_events': 'False', 'write_json': 'True', 'partial_parse': 'True', 'cache_selected_only': 'False', 'profiles_dir': '/usr/app/dbt', 'fail_fast': 'False', 'warn_error': 'None', 'log_path': '/usr/app/dbt/logs', 'version_check': 'True', 'debug': 'False', 'use_colors': 'True', 'use_experimental_parser': 'False', 'empty': 'False', 'quiet': 'False', 'no_print': 'None', 'warn_error_options': 'WarnErrorOptions(include=[], exclude=[])', 'introspect': 'True', 'log_format': 'default', 'static_parser': 'True', 'target_path': 'None', 'invocation_command': 'dbt run', 'send_anonymous_usage_stats': 'True'}
[0m03:15:28.413302 [debug] [MainThread]: Sending event: {'category': 'dbt', 'action': 'project_id', 'label': 'c8e4fc13-f8fb-4a8e-aeba-9a11e708c819', 'context': [<snowplow_tracker.self_describing_json.SelfDescribingJson object at 0x707509379450>]}
[0m03:15:28.445698 [debug] [MainThread]: Sending event: {'category': 'dbt', 'action': 'adapter_info', 'label': 'c8e4fc13-f8fb-4a8e-aeba-9a11e708c819', 'context': [<snowplow_tracker.self_describing_json.SelfDescribingJson object at 0x7075155b2610>]}
[0m03:15:28.446597 [info ] [MainThread]: Registered adapter: duckdb=1.8.4
[0m03:15:28.496994 [debug] [MainThread]: checksum: 132857a23e9d07220246854f7763165174ce9b737cfc7867629ace4294e520b1, vars: {}, profile: , target: , version: 1.8.9
[0m03:15:28.571366 [debug] [MainThread]: Partial parsing enabled: 0 files deleted, 0 files added, 0 files changed.
[0m03:15:28.571612 [debug] [MainThread]: Partial parsing enabled, no changes found, skipping parsing
[0m03:15:28.601256 [debug] [MainThread]: Sending event: {'category': 'dbt', 'action': 'load_project', 'label': 'c8e4fc13-f8fb-4a8e-aeba-9a11e708c819', 'context': [<snowplow_tracker.self_describing_json.SelfDescribingJson object at 0x7075090c9e10>]}
[0m03:15:28.661456 [debug] [MainThread]: Sending event: {'category': 'dbt', 'action': 'resource_counts', 'label': 'c8e4fc13-f8fb-4a8e-aeba-9a11e708c819', 'context': [<snowplow_tracker.self_describing_json.SelfDescribingJson object at 0x70750901e590>]}
[0m03:15:28.661775 [info ] [MainThread]: Found 7 models, 6 seeds, 40 data tests, 542 macros
[0m03:15:28.661963 [debug] [MainThread]: Sending event: {'category': 'dbt', 'action': 'runnable_timing', 'label': 'c8e4fc13-f8fb-4a8e-aeba-9a11e708c819', 'context': [<snowplow_tracker.self_describing_json.SelfDescribingJson object at 0x7075093166d0>]}
[0m03:15:28.663607 [info ] [MainThread]: 
[0m03:15:28.663956 [debug] [MainThread]: Acquiring new duckdb connection 'master'
[0m03:15:28.667272 [debug] [ThreadPool]: Acquiring new duckdb connection 'list_practice'
[0m03:15:28.692141 [debug] [ThreadPool]: Using duckdb connection "list_practice"
[0m03:15:28.692406 [debug] [ThreadPool]: On list_practice: /* {"app": "dbt", "dbt_version": "1.8.9", "profile_name": "sql_practice", "target_name": "dev", "connection_name": "list_practice"} */

    
    select schema_name
    from system.information_schema.schemata
    
    where catalog_name = '"practice"'
    
  
  
[0m03:15:28.692564 [debug] [ThreadPool]: Opening a new connection, currently in state init
[0m03:15:28.702159 [debug] [ThreadPool]: SQL status: OK in 0.010 seconds
[0m03:15:28.703007 [debug] [ThreadPool]: On list_practice: Close
[0m03:15:28.704654 [debug] [ThreadPool]: Re-using an available connection from the pool (formerly list_practice, now create_practice_main)
[0m03:15:28.704970 [debug] [ThreadPool]: Creating schema "database: "practice"
schema: "main"
"
[0m03:15:28.709539 [debug] [ThreadPool]: Using duckdb connection "create_practice_main"
[0m03:15:28.709736 [debug] [ThreadPool]: On create_practice_main: /* {"app": "dbt", "dbt_version": "1.8.9", "profile_name": "sql_practice", "target_name": "dev", "connection_name": "create_practice_main"} */

    
        select type from duckdb_databases()
        where database_name='practice'
        and type='sqlite'
    
  
[0m03:15:28.709891 [debug] [ThreadPool]: Opening a new connection, currently in state closed
[0m03:15:28.718330 [debug] [ThreadPool]: SQL status: OK in 0.008 seconds
[0m03:15:28.719277 [debug] [ThreadPool]: Using duckdb connection "create_practice_main"
[0m03:15:28.719464 [debug] [ThreadPool]: On create_practice_main: BEGIN
[0m03:15:28.719746 [debug] [ThreadPool]: SQL status: OK in 0.000 seconds
[0m03:15:28.719910 [debug] [ThreadPool]: Using duckdb connection "create_practice_main"
[0m03:15:28.720054 [debug] [ThreadPool]: On create_practice_main: /* {"app": "dbt", "dbt_version": "1.8.9", "profile_name": "sql_practice", "target_name": "dev", "connection_name": "create_practice_main"} */

    
    
        create schema if not exists "practice"."main"
    
[0m03:15:28.720400 [debug] [ThreadPool]: SQL status: OK in 0.000 seconds
[0m03:15:28.720885 [debug] [ThreadPool]: On create_practice_main: COMMIT
[0m03:15:28.721059 [debug] [ThreadPool]: Using duckdb connection "create_practice_main"
[0m03:15:28.721203 [debug] [ThreadPool]: On create_practice_main: COMMIT
[0m03:15:28.721527 [debug] [ThreadPool]: SQL status: OK in 0.000 seconds
[0m03:15:28.721692 [debug] [ThreadPool]: On create_practice_main: Close
[0m03:15:28.724026 [debug] [ThreadPool]: Re-using an available connection from the pool (formerly create_practice_main, now list_practice_main)
[0m03:15:28.727712 [debug] [ThreadPool]: Using duckdb connection "list_practice_main"
[0m03:15:28.727898 [debug] [ThreadPool]: On list_practice_main: BEGIN
[0m03:15:28.728049 [debug] [ThreadPool]: Opening a new connection, currently in state closed
[0m03:15:28.736089 [debug] [ThreadPool]: SQL status: OK in 0.008 seconds
[0m03:15:28.736339 [debug] [ThreadPool]: Using duckdb connection "list_practice_main"
[0m03:15:28.736503 [debug] [ThreadPool]: On list_practice_main: /* {"app": "dbt", "dbt_version": "1.8.9", "profile_name": "sql_practice", "target_name": "dev", "connection_name": "list_practice_main"} */
select
      'practice' as database,
      table_name as name,
      table_schema as schema,
      CASE table_type
        WHEN 'BASE TABLE' THEN 'table'
        WHEN 'VIEW' THEN 'view'
        WHEN 'LOCAL TEMPORARY' THEN 'table'
        END as type
    from system.information_schema.tables
    where table_schema = 'main'
    and table_catalog = 'practice'
  
[0m03:15:28.738725 [debug] [ThreadPool]: SQL status: OK in 0.002 seconds
[0m03:15:28.739825 [debug] [ThreadPool]: On list_practice_main: ROLLBACK
[0m03:15:28.740250 [debug] [ThreadPool]: Failed to rollback 'list_practice_main'
[0m03:15:28.740419 [debug] [ThreadPool]: On list_practice_main: Close
[0m03:15:28.743035 [debug] [MainThread]: Sending event: {'category': 'dbt', 'action': 'runnable_timing', 'label': 'c8e4fc13-f8fb-4a8e-aeba-9a11e708c819', 'context': [<snowplow_tracker.self_describing_json.SelfDescribingJson object at 0x707513140cd0>]}
[0m03:15:28.743349 [debug] [MainThread]: Using duckdb connection "master"
[0m03:15:28.743511 [debug] [MainThread]: On master: BEGIN
[0m03:15:28.743652 [debug] [MainThread]: Opening a new connection, currently in state init
[0m03:15:28.752358 [debug] [MainThread]: SQL status: OK in 0.009 seconds
[0m03:15:28.752586 [debug] [MainThread]: On master: COMMIT
[0m03:15:28.752752 [debug] [MainThread]: Using duckdb connection "master"
[0m03:15:28.752899 [debug] [MainThread]: On master: COMMIT
[0m03:15:28.753188 [debug] [MainThread]: SQL status: OK in 0.000 seconds
[0m03:15:28.753381 [debug] [MainThread]: On master: Close
[0m03:15:28.754678 [info ] [MainThread]: Concurrency: 4 threads (target='dev')
[0m03:15:28.754890 [info ] [MainThread]: 
[0m03:15:28.756502 [debug] [Thread-1 (]: Began running node model.sql_practice.stg_customers
[0m03:15:28.756767 [debug] [Thread-2 (]: Began running node model.sql_practice.stg_departments
[0m03:15:28.757022 [debug] [Thread-3 (]: Began running node model.sql_practice.stg_employees
[0m03:15:28.757272 [debug] [Thread-4 (]: Began running node model.sql_practice.stg_order_items
[0m03:15:28.757574 [info ] [Thread-1 (]: 1 of 7 START sql view model main.stg_customers ................................. [RUN]
[0m03:15:28.757904 [info ] [Thread-2 (]: 2 of 7 START sql view model main.stg_departments ............................... [RUN]
[0m03:15:28.758229 [info ] [Thread-3 (]: 3 of 7 START sql view model main.stg_employees ................................. [RUN]
[0m03:15:28.758549 [info ] [Thread-4 (]: 4 of 7 START sql view model main.stg_order_items ............................... [RUN]
[0m03:15:28.759021 [debug] [Thread-1 (]: Acquiring new duckdb connection 'model.sql_practice.stg_customers'
[0m03:15:28.759324 [debug] [Thread-2 (]: Acquiring new duckdb connection 'model.sql_practice.stg_departments'
[0m03:15:28.759605 [debug] [Thread-3 (]: Acquiring new duckdb connection 'model.sql_practice.stg_employees'
[0m03:15:28.759901 [debug] [Thread-4 (]: Acquiring new duckdb connection 'model.sql_practice.stg_order_items'
[0m03:15:28.760116 [debug] [Thread-1 (]: Began compiling node model.sql_practice.stg_customers
[0m03:15:28.760339 [debug] [Thread-2 (]: Began compiling node model.sql_practice.stg_departments
[0m03:15:28.760550 [debug] [Thread-3 (]: Began compiling node model.sql_practice.stg_employees
[0m03:15:28.760773 [debug] [Thread-4 (]: Began compiling node model.sql_practice.stg_order_items
[0m03:15:28.766913 [debug] [Thread-1 (]: Writing injected SQL for node "model.sql_practice.stg_customers"
[0m03:15:28.807594 [debug] [Thread-2 (]: Writing injected SQL for node "model.sql_practice.stg_departments"
[0m03:15:28.809386 [debug] [Thread-3 (]: Writing injected SQL for node "model.sql_practice.stg_employees"
[0m03:15:28.811087 [debug] [Thread-4 (]: Writing injected SQL for node "model.sql_practice.stg_order_items"
[0m03:15:28.811690 [debug] [Thread-2 (]: Began executing node model.sql_practice.stg_departments
[0m03:15:28.811962 [debug] [Thread-1 (]: Began executing node model.sql_practice.stg_customers
[0m03:15:28.812166 [debug] [Thread-3 (]: Began executing node model.sql_practice.stg_employees
[0m03:15:28.832233 [debug] [Thread-2 (]: Writing runtime sql for node "model.sql_practice.stg_departments"
[0m03:15:28.834348 [debug] [Thread-1 (]: Writing runtime sql for node "model.sql_practice.stg_customers"
[0m03:15:28.836484 [debug] [Thread-3 (]: Writing runtime sql for node "model.sql_practice.stg_employees"
[0m03:15:28.837114 [debug] [Thread-2 (]: Using duckdb connection "model.sql_practice.stg_departments"
[0m03:15:28.837471 [debug] [Thread-4 (]: Began executing node model.sql_practice.stg_order_items
[0m03:15:28.837803 [debug] [Thread-3 (]: Using duckdb connection "model.sql_practice.stg_employees"
[0m03:15:28.838077 [debug] [Thread-1 (]: Using duckdb connection "model.sql_practice.stg_customers"
[0m03:15:28.838279 [debug] [Thread-2 (]: On model.sql_practice.stg_departments: BEGIN
[0m03:15:28.840295 [debug] [Thread-4 (]: Writing runtime sql for node "model.sql_practice.stg_order_items"
[0m03:15:28.840555 [debug] [Thread-3 (]: On model.sql_practice.stg_employees: BEGIN
[0m03:15:28.840784 [debug] [Thread-1 (]: On model.sql_practice.stg_customers: BEGIN
[0m03:15:28.841012 [debug] [Thread-2 (]: Opening a new connection, currently in state init
[0m03:15:28.841405 [debug] [Thread-4 (]: Using duckdb connection "model.sql_practice.stg_order_items"
[0m03:15:28.841742 [debug] [Thread-3 (]: Opening a new connection, currently in state init
[0m03:15:28.841974 [debug] [Thread-1 (]: Opening a new connection, currently in state init
[0m03:15:28.842370 [debug] [Thread-4 (]: On model.sql_practice.stg_order_items: BEGIN
[0m03:15:28.842809 [debug] [Thread-4 (]: Opening a new connection, currently in state init
[0m03:15:28.851401 [debug] [Thread-2 (]: SQL status: OK in 0.010 seconds
[0m03:15:28.851714 [debug] [Thread-2 (]: Using duckdb connection "model.sql_practice.stg_departments"
[0m03:15:28.851938 [debug] [Thread-4 (]: SQL status: OK in 0.009 seconds
[0m03:15:28.852230 [debug] [Thread-3 (]: SQL status: OK in 0.010 seconds
[0m03:15:28.852577 [debug] [Thread-1 (]: SQL status: OK in 0.011 seconds
[0m03:15:28.852875 [debug] [Thread-2 (]: On model.sql_practice.stg_departments: /* {"app": "dbt", "dbt_version": "1.8.9", "profile_name": "sql_practice", "target_name": "dev", "node_id": "model.sql_practice.stg_departments"} */

  
  create view "practice"."main"."stg_departments__dbt_tmp" as (
    with source as (
    select * from "practice"."main"."departments"
)
select
    department_id,
    department_name,
    location
from source
  );

[0m03:15:28.853096 [debug] [Thread-4 (]: Using duckdb connection "model.sql_practice.stg_order_items"
[0m03:15:28.853434 [debug] [Thread-3 (]: Using duckdb connection "model.sql_practice.stg_employees"
[0m03:15:28.853727 [debug] [Thread-1 (]: Using duckdb connection "model.sql_practice.stg_customers"
[0m03:15:28.854136 [debug] [Thread-4 (]: On model.sql_practice.stg_order_items: /* {"app": "dbt", "dbt_version": "1.8.9", "profile_name": "sql_practice", "target_name": "dev", "node_id": "model.sql_practice.stg_order_items"} */

  
  create view "practice"."main"."stg_order_items__dbt_tmp" as (
    with source as (
    select * from "practice"."main"."order_items"
)
select
    order_item_id,
    order_id,
    product_id,
    quantity
from source
  );

[0m03:15:28.854517 [debug] [Thread-3 (]: On model.sql_practice.stg_employees: /* {"app": "dbt", "dbt_version": "1.8.9", "profile_name": "sql_practice", "target_name": "dev", "node_id": "model.sql_practice.stg_employees"} */

  
  create view "practice"."main"."stg_employees__dbt_tmp" as (
    with source as (
    select * from "practice"."main"."employees"
)
select
    employee_id,
    name as employee_name,
    department_id,
    manager_id,
    cast(salary as decimal(12,2)) as salary,
    cast(hire_date as date)       as hire_date
from source
  );

[0m03:15:28.854788 [debug] [Thread-1 (]: On model.sql_practice.stg_customers: /* {"app": "dbt", "dbt_version": "1.8.9", "profile_name": "sql_practice", "target_name": "dev", "node_id": "model.sql_practice.stg_customers"} */

  
  create view "practice"."main"."stg_customers__dbt_tmp" as (
    with source as (
    select * from "practice"."main"."customers"
)
select
    customer_id,
    name        as customer_name,
    country,
    city,
    cast(signup_date as date) as signup_date
from source
  );

[0m03:15:28.855011 [debug] [Thread-2 (]: SQL status: OK in 0.001 seconds
[0m03:15:28.861045 [debug] [Thread-2 (]: Using duckdb connection "model.sql_practice.stg_departments"
[0m03:15:28.861342 [debug] [Thread-4 (]: SQL status: OK in 0.006 seconds
[0m03:15:28.861560 [debug] [Thread-3 (]: SQL status: OK in 0.006 seconds
[0m03:15:28.861781 [debug] [Thread-1 (]: SQL status: OK in 0.006 seconds
[0m03:15:28.862087 [debug] [Thread-2 (]: On model.sql_practice.stg_departments: /* {"app": "dbt", "dbt_version": "1.8.9", "profile_name": "sql_practice", "target_name": "dev", "node_id": "model.sql_practice.stg_departments"} */
alter view "practice"."main"."stg_departments" rename to "stg_departments__dbt_backup"
[0m03:15:28.864201 [debug] [Thread-4 (]: Using duckdb connection "model.sql_practice.stg_order_items"
[0m03:15:28.866296 [debug] [Thread-3 (]: Using duckdb connection "model.sql_practice.stg_employees"
[0m03:15:28.868130 [debug] [Thread-1 (]: Using duckdb connection "model.sql_practice.stg_customers"
[0m03:15:28.868587 [debug] [Thread-4 (]: On model.sql_practice.stg_order_items: /* {"app": "dbt", "dbt_version": "1.8.9", "profile_name": "sql_practice", "target_name": "dev", "node_id": "model.sql_practice.stg_order_items"} */
alter view "practice"."main"."stg_order_items" rename to "stg_order_items__dbt_backup"
[0m03:15:28.868854 [debug] [Thread-3 (]: On model.sql_practice.stg_employees: /* {"app": "dbt", "dbt_version": "1.8.9", "profile_name": "sql_practice", "target_name": "dev", "node_id": "model.sql_practice.stg_employees"} */
alter view "practice"."main"."stg_employees" rename to "stg_employees__dbt_backup"
[0m03:15:28.869100 [debug] [Thread-2 (]: SQL status: OK in 0.001 seconds
[0m03:15:28.869313 [debug] [Thread-1 (]: On model.sql_practice.stg_customers: /* {"app": "dbt", "dbt_version": "1.8.9", "profile_name": "sql_practice", "target_name": "dev", "node_id": "model.sql_practice.stg_customers"} */
alter view "practice"."main"."stg_customers" rename to "stg_customers__dbt_backup"
[0m03:15:28.871339 [debug] [Thread-2 (]: Using duckdb connection "model.sql_practice.stg_departments"
[0m03:15:28.871706 [debug] [Thread-4 (]: SQL status: OK in 0.002 seconds
[0m03:15:28.871950 [debug] [Thread-3 (]: SQL status: OK in 0.002 seconds
[0m03:15:28.872144 [debug] [Thread-2 (]: On model.sql_practice.stg_departments: /* {"app": "dbt", "dbt_version": "1.8.9", "profile_name": "sql_practice", "target_name": "dev", "node_id": "model.sql_practice.stg_departments"} */
alter view "practice"."main"."stg_departments__dbt_tmp" rename to "stg_departments"
[0m03:15:28.872437 [debug] [Thread-1 (]: SQL status: OK in 0.001 seconds
[0m03:15:28.874248 [debug] [Thread-4 (]: Using duckdb connection "model.sql_practice.stg_order_items"
[0m03:15:28.876085 [debug] [Thread-3 (]: Using duckdb connection "model.sql_practice.stg_employees"
[0m03:15:28.877927 [debug] [Thread-1 (]: Using duckdb connection "model.sql_practice.stg_customers"
[0m03:15:28.878216 [debug] [Thread-2 (]: SQL status: OK in 0.002 seconds
[0m03:15:28.878488 [debug] [Thread-4 (]: On model.sql_practice.stg_order_items: /* {"app": "dbt", "dbt_version": "1.8.9", "profile_name": "sql_practice", "target_name": "dev", "node_id": "model.sql_practice.stg_order_items"} */
alter view "practice"."main"."stg_order_items__dbt_tmp" rename to "stg_order_items"
[0m03:15:28.878761 [debug] [Thread-3 (]: On model.sql_practice.stg_employees: /* {"app": "dbt", "dbt_version": "1.8.9", "profile_name": "sql_practice", "target_name": "dev", "node_id": "model.sql_practice.stg_employees"} */
alter view "practice"."main"."stg_employees__dbt_tmp" rename to "stg_employees"
[0m03:15:28.879017 [debug] [Thread-1 (]: On model.sql_practice.stg_customers: /* {"app": "dbt", "dbt_version": "1.8.9", "profile_name": "sql_practice", "target_name": "dev", "node_id": "model.sql_practice.stg_customers"} */
alter view "practice"."main"."stg_customers__dbt_tmp" rename to "stg_customers"
[0m03:15:28.888941 [debug] [Thread-2 (]: On model.sql_practice.stg_departments: COMMIT
[0m03:15:28.889530 [debug] [Thread-4 (]: SQL status: OK in 0.000 seconds
[0m03:15:28.889892 [debug] [Thread-3 (]: SQL status: OK in 0.001 seconds
[0m03:15:28.890095 [debug] [Thread-2 (]: Using duckdb connection "model.sql_practice.stg_departments"
[0m03:15:28.890322 [debug] [Thread-1 (]: SQL status: OK in 0.001 seconds
[0m03:15:28.891165 [debug] [Thread-4 (]: On model.sql_practice.stg_order_items: COMMIT
[0m03:15:28.892028 [debug] [Thread-3 (]: On model.sql_practice.stg_employees: COMMIT
[0m03:15:28.892249 [debug] [Thread-2 (]: On model.sql_practice.stg_departments: COMMIT
[0m03:15:28.893063 [debug] [Thread-1 (]: On model.sql_practice.stg_customers: COMMIT
[0m03:15:28.893358 [debug] [Thread-4 (]: Using duckdb connection "model.sql_practice.stg_order_items"
[0m03:15:28.893637 [debug] [Thread-3 (]: Using duckdb connection "model.sql_practice.stg_employees"
[0m03:15:28.893993 [debug] [Thread-1 (]: Using duckdb connection "model.sql_practice.stg_customers"
[0m03:15:28.894249 [debug] [Thread-4 (]: On model.sql_practice.stg_order_items: COMMIT
[0m03:15:28.894538 [debug] [Thread-3 (]: On model.sql_practice.stg_employees: COMMIT
[0m03:15:28.894795 [debug] [Thread-1 (]: On model.sql_practice.stg_customers: COMMIT
[0m03:15:28.895322 [debug] [Thread-2 (]: SQL status: OK in 0.001 seconds
[0m03:15:28.898625 [debug] [Thread-2 (]: Using duckdb connection "model.sql_practice.stg_departments"
[0m03:15:28.898862 [debug] [Thread-2 (]: On model.sql_practice.stg_departments: /* {"app": "dbt", "dbt_version": "1.8.9", "profile_name": "sql_practice", "target_name": "dev", "node_id": "model.sql_practice.stg_departments"} */
drop view if exists "practice"."main"."stg_departments__dbt_backup" cascade
[0m03:15:28.899053 [debug] [Thread-3 (]: SQL status: OK in 0.004 seconds
[0m03:15:28.899368 [debug] [Thread-4 (]: SQL status: OK in 0.004 seconds
[0m03:15:28.900998 [debug] [Thread-3 (]: Using duckdb connection "model.sql_practice.stg_employees"
[0m03:15:28.901234 [debug] [Thread-2 (]: SQL status: OK in 0.002 seconds
[0m03:15:28.903452 [debug] [Thread-4 (]: Using duckdb connection "model.sql_practice.stg_order_items"
[0m03:15:28.903780 [debug] [Thread-3 (]: On model.sql_practice.stg_employees: /* {"app": "dbt", "dbt_version": "1.8.9", "profile_name": "sql_practice", "target_name": "dev", "node_id": "model.sql_practice.stg_employees"} */
drop view if exists "practice"."main"."stg_employees__dbt_backup" cascade
[0m03:15:28.904016 [debug] [Thread-1 (]: SQL status: OK in 0.009 seconds
[0m03:15:28.905496 [debug] [Thread-2 (]: On model.sql_practice.stg_departments: Close
[0m03:15:28.905725 [debug] [Thread-4 (]: On model.sql_practice.stg_order_items: /* {"app": "dbt", "dbt_version": "1.8.9", "profile_name": "sql_practice", "target_name": "dev", "node_id": "model.sql_practice.stg_order_items"} */
drop view if exists "practice"."main"."stg_order_items__dbt_backup" cascade
[0m03:15:28.907371 [debug] [Thread-1 (]: Using duckdb connection "model.sql_practice.stg_customers"
[0m03:15:28.908487 [debug] [Thread-2 (]: Sending event: {'category': 'dbt', 'action': 'run_model', 'label': 'c8e4fc13-f8fb-4a8e-aeba-9a11e708c819', 'context': [<snowplow_tracker.self_describing_json.SelfDescribingJson object at 0x707508e76850>]}
[0m03:15:28.908743 [debug] [Thread-3 (]: SQL status: OK in 0.003 seconds
[0m03:15:28.908997 [debug] [Thread-1 (]: On model.sql_practice.stg_customers: /* {"app": "dbt", "dbt_version": "1.8.9", "profile_name": "sql_practice", "target_name": "dev", "node_id": "model.sql_practice.stg_customers"} */
drop view if exists "practice"."main"."stg_customers__dbt_backup" cascade
[0m03:15:28.909478 [info ] [Thread-2 (]: 2 of 7 OK created sql view model main.stg_departments .......................... [[32mOK[0m in 0.15s]
[0m03:15:28.910402 [debug] [Thread-3 (]: On model.sql_practice.stg_employees: Close
[0m03:15:28.910633 [debug] [Thread-4 (]: SQL status: OK in 0.002 seconds
[0m03:15:28.911280 [debug] [Thread-2 (]: Finished running node model.sql_practice.stg_departments
[0m03:15:28.911651 [debug] [Thread-3 (]: Sending event: {'category': 'dbt', 'action': 'run_model', 'label': 'c8e4fc13-f8fb-4a8e-aeba-9a11e708c819', 'context': [<snowplow_tracker.self_describing_json.SelfDescribingJson object at 0x7075083ace50>]}
[0m03:15:28.912529 [debug] [Thread-4 (]: On model.sql_practice.stg_order_items: Close
[0m03:15:28.912834 [debug] [Thread-2 (]: Began running node model.sql_practice.stg_orders
[0m03:15:28.913093 [debug] [Thread-1 (]: SQL status: OK in 0.002 seconds
[0m03:15:28.913503 [info ] [Thread-3 (]: 3 of 7 OK created sql view model main.stg_employees ............................ [[32mOK[0m in 0.15s]
[0m03:15:28.913859 [debug] [Thread-4 (]: Sending event: {'category': 'dbt', 'action': 'run_model', 'label': 'c8e4fc13-f8fb-4a8e-aeba-9a11e708c819', 'context': [<snowplow_tracker.self_describing_json.SelfDescribingJson object at 0x7075090ca650>]}
[0m03:15:28.914137 [info ] [Thread-2 (]: 5 of 7 START sql view model main.stg_orders .................................... [RUN]
[0m03:15:28.914985 [debug] [Thread-1 (]: On model.sql_practice.stg_customers: Close
[0m03:15:28.915341 [debug] [Thread-3 (]: Finished running node model.sql_practice.stg_employees
[0m03:15:28.915812 [info ] [Thread-4 (]: 4 of 7 OK created sql view model main.stg_order_items .......................... [[32mOK[0m in 0.15s]
[0m03:15:28.916254 [debug] [Thread-2 (]: Re-using an available connection from the pool (formerly model.sql_practice.stg_departments, now model.sql_practice.stg_orders)
[0m03:15:28.916642 [debug] [Thread-3 (]: Began running node model.sql_practice.stg_products
[0m03:15:28.917139 [debug] [Thread-4 (]: Finished running node model.sql_practice.stg_order_items
[0m03:15:28.917432 [debug] [Thread-2 (]: Began compiling node model.sql_practice.stg_orders
[0m03:15:28.917771 [info ] [Thread-3 (]: 6 of 7 START sql view model main.stg_products .................................. [RUN]
[0m03:15:28.920487 [debug] [Thread-2 (]: Writing injected SQL for node "model.sql_practice.stg_orders"
[0m03:15:28.921070 [debug] [Thread-3 (]: Re-using an available connection from the pool (formerly model.sql_practice.stg_employees, now model.sql_practice.stg_products)
[0m03:15:28.921564 [debug] [Thread-1 (]: Sending event: {'category': 'dbt', 'action': 'run_model', 'label': 'c8e4fc13-f8fb-4a8e-aeba-9a11e708c819', 'context': [<snowplow_tracker.self_describing_json.SelfDescribingJson object at 0x7075081399d0>]}
[0m03:15:28.921887 [debug] [Thread-3 (]: Began compiling node model.sql_practice.stg_products
[0m03:15:28.922233 [debug] [Thread-2 (]: Began executing node model.sql_practice.stg_orders
[0m03:15:28.922712 [info ] [Thread-1 (]: 1 of 7 OK created sql view model main.stg_customers ............................ [[32mOK[0m in 0.16s]
[0m03:15:28.924921 [debug] [Thread-3 (]: Writing injected SQL for node "model.sql_practice.stg_products"
[0m03:15:28.927460 [debug] [Thread-2 (]: Writing runtime sql for node "model.sql_practice.stg_orders"
[0m03:15:28.927970 [debug] [Thread-1 (]: Finished running node model.sql_practice.stg_customers
[0m03:15:28.928536 [debug] [Thread-3 (]: Began executing node model.sql_practice.stg_products
[0m03:15:28.928835 [debug] [Thread-2 (]: Using duckdb connection "model.sql_practice.stg_orders"
[0m03:15:28.931508 [debug] [Thread-3 (]: Writing runtime sql for node "model.sql_practice.stg_products"
[0m03:15:28.931867 [debug] [Thread-2 (]: On model.sql_practice.stg_orders: BEGIN
[0m03:15:28.932222 [debug] [Thread-2 (]: Opening a new connection, currently in state closed
[0m03:15:28.932667 [debug] [Thread-3 (]: Using duckdb connection "model.sql_practice.stg_products"
[0m03:15:28.932877 [debug] [Thread-3 (]: On model.sql_practice.stg_products: BEGIN
[0m03:15:28.933056 [debug] [Thread-3 (]: Opening a new connection, currently in state closed
[0m03:15:28.941558 [debug] [Thread-2 (]: SQL status: OK in 0.009 seconds
[0m03:15:28.941944 [debug] [Thread-3 (]: SQL status: OK in 0.009 seconds
[0m03:15:28.942178 [debug] [Thread-2 (]: Using duckdb connection "model.sql_practice.stg_orders"
[0m03:15:28.942422 [debug] [Thread-3 (]: Using duckdb connection "model.sql_practice.stg_products"
[0m03:15:28.942650 [debug] [Thread-2 (]: On model.sql_practice.stg_orders: /* {"app": "dbt", "dbt_version": "1.8.9", "profile_name": "sql_practice", "target_name": "dev", "node_id": "model.sql_practice.stg_orders"} */

  
  create view "practice"."main"."stg_orders__dbt_tmp" as (
    with source as (
    select * from "practice"."main"."orders"
)
select
    order_id,
    customer_id,
    cast(order_date as date) as order_date,
    status
from source
  );

[0m03:15:28.942898 [debug] [Thread-3 (]: On model.sql_practice.stg_products: /* {"app": "dbt", "dbt_version": "1.8.9", "profile_name": "sql_practice", "target_name": "dev", "node_id": "model.sql_practice.stg_products"} */

  
  create view "practice"."main"."stg_products__dbt_tmp" as (
    with source as (
    select * from "practice"."main"."products"
)
select
    product_id,
    product_name,
    category,
    cast(price as decimal(10,2)) as price
from source
  );

[0m03:15:28.943871 [debug] [Thread-2 (]: SQL status: OK in 0.001 seconds
[0m03:15:28.944120 [debug] [Thread-3 (]: SQL status: OK in 0.001 seconds
[0m03:15:28.946453 [debug] [Thread-2 (]: Using duckdb connection "model.sql_practice.stg_orders"
[0m03:15:28.948708 [debug] [Thread-3 (]: Using duckdb connection "model.sql_practice.stg_products"
[0m03:15:28.948979 [debug] [Thread-2 (]: On model.sql_practice.stg_orders: /* {"app": "dbt", "dbt_version": "1.8.9", "profile_name": "sql_practice", "target_name": "dev", "node_id": "model.sql_practice.stg_orders"} */
alter view "practice"."main"."stg_orders" rename to "stg_orders__dbt_backup"
[0m03:15:28.949218 [debug] [Thread-3 (]: On model.sql_practice.stg_products: /* {"app": "dbt", "dbt_version": "1.8.9", "profile_name": "sql_practice", "target_name": "dev", "node_id": "model.sql_practice.stg_products"} */
alter view "practice"."main"."stg_products" rename to "stg_products__dbt_backup"
[0m03:15:28.949823 [debug] [Thread-2 (]: SQL status: OK in 0.000 seconds
[0m03:15:28.950021 [debug] [Thread-3 (]: SQL status: OK in 0.000 seconds
[0m03:15:28.951914 [debug] [Thread-2 (]: Using duckdb connection "model.sql_practice.stg_orders"
[0m03:15:28.953804 [debug] [Thread-3 (]: Using duckdb connection "model.sql_practice.stg_products"
[0m03:15:28.954051 [debug] [Thread-2 (]: On model.sql_practice.stg_orders: /* {"app": "dbt", "dbt_version": "1.8.9", "profile_name": "sql_practice", "target_name": "dev", "node_id": "model.sql_practice.stg_orders"} */
alter view "practice"."main"."stg_orders__dbt_tmp" rename to "stg_orders"
[0m03:15:28.954285 [debug] [Thread-3 (]: On model.sql_practice.stg_products: /* {"app": "dbt", "dbt_version": "1.8.9", "profile_name": "sql_practice", "target_name": "dev", "node_id": "model.sql_practice.stg_products"} */
alter view "practice"."main"."stg_products__dbt_tmp" rename to "stg_products"
[0m03:15:28.954774 [debug] [Thread-2 (]: SQL status: OK in 0.000 seconds
[0m03:15:28.954999 [debug] [Thread-3 (]: SQL status: OK in 0.000 seconds
[0m03:15:28.955863 [debug] [Thread-2 (]: On model.sql_practice.stg_orders: COMMIT
[0m03:15:28.956723 [debug] [Thread-3 (]: On model.sql_practice.stg_products: COMMIT
[0m03:15:28.957035 [debug] [Thread-2 (]: Using duckdb connection "model.sql_practice.stg_orders"
[0m03:15:28.957272 [debug] [Thread-3 (]: Using duckdb connection "model.sql_practice.stg_products"
[0m03:15:28.957550 [debug] [Thread-2 (]: On model.sql_practice.stg_orders: COMMIT
[0m03:15:28.957763 [debug] [Thread-3 (]: On model.sql_practice.stg_products: COMMIT
[0m03:15:28.959291 [debug] [Thread-2 (]: SQL status: OK in 0.001 seconds
[0m03:15:28.961929 [debug] [Thread-2 (]: Using duckdb connection "model.sql_practice.stg_orders"
[0m03:15:28.962167 [debug] [Thread-2 (]: On model.sql_practice.stg_orders: /* {"app": "dbt", "dbt_version": "1.8.9", "profile_name": "sql_practice", "target_name": "dev", "node_id": "model.sql_practice.stg_orders"} */
drop view if exists "practice"."main"."stg_orders__dbt_backup" cascade
[0m03:15:28.962373 [debug] [Thread-3 (]: SQL status: OK in 0.004 seconds
[0m03:15:28.964229 [debug] [Thread-3 (]: Using duckdb connection "model.sql_practice.stg_products"
[0m03:15:28.964492 [debug] [Thread-3 (]: On model.sql_practice.stg_products: /* {"app": "dbt", "dbt_version": "1.8.9", "profile_name": "sql_practice", "target_name": "dev", "node_id": "model.sql_practice.stg_products"} */
drop view if exists "practice"."main"."stg_products__dbt_backup" cascade
[0m03:15:28.965778 [debug] [Thread-2 (]: SQL status: OK in 0.003 seconds
[0m03:15:28.966591 [debug] [Thread-2 (]: On model.sql_practice.stg_orders: Close
[0m03:15:28.966782 [debug] [Thread-3 (]: SQL status: OK in 0.002 seconds
[0m03:15:28.967135 [debug] [Thread-2 (]: Sending event: {'category': 'dbt', 'action': 'run_model', 'label': 'c8e4fc13-f8fb-4a8e-aeba-9a11e708c819', 'context': [<snowplow_tracker.self_describing_json.SelfDescribingJson object at 0x7075081ab850>]}
[0m03:15:28.967918 [debug] [Thread-3 (]: On model.sql_practice.stg_products: Close
[0m03:15:28.968295 [info ] [Thread-2 (]: 5 of 7 OK created sql view model main.stg_orders ............................... [[32mOK[0m in 0.05s]
[0m03:15:28.968710 [debug] [Thread-2 (]: Finished running node model.sql_practice.stg_orders
[0m03:15:28.973102 [debug] [Thread-3 (]: Sending event: {'category': 'dbt', 'action': 'run_model', 'label': 'c8e4fc13-f8fb-4a8e-aeba-9a11e708c819', 'context': [<snowplow_tracker.self_describing_json.SelfDescribingJson object at 0x7075093bc310>]}
[0m03:15:28.973549 [info ] [Thread-3 (]: 6 of 7 OK created sql view model main.stg_products ............................. [[32mOK[0m in 0.05s]
[0m03:15:28.973922 [debug] [Thread-3 (]: Finished running node model.sql_practice.stg_products
[0m03:15:28.974532 [debug] [Thread-4 (]: Began running node model.sql_practice.fct_order_items
[0m03:15:28.974830 [info ] [Thread-4 (]: 7 of 7 START sql table model main.fct_order_items .............................. [RUN]
[0m03:15:28.975114 [debug] [Thread-4 (]: Re-using an available connection from the pool (formerly model.sql_practice.stg_order_items, now model.sql_practice.fct_order_items)
[0m03:15:28.975338 [debug] [Thread-4 (]: Began compiling node model.sql_practice.fct_order_items
[0m03:15:28.978084 [debug] [Thread-4 (]: Writing injected SQL for node "model.sql_practice.fct_order_items"
[0m03:15:28.978575 [debug] [Thread-4 (]: Began executing node model.sql_practice.fct_order_items
[0m03:15:28.992590 [debug] [Thread-4 (]: Writing runtime sql for node "model.sql_practice.fct_order_items"
[0m03:15:28.993156 [debug] [Thread-4 (]: Using duckdb connection "model.sql_practice.fct_order_items"
[0m03:15:28.993416 [debug] [Thread-4 (]: On model.sql_practice.fct_order_items: BEGIN
[0m03:15:28.993598 [debug] [Thread-4 (]: Opening a new connection, currently in state closed
[0m03:15:29.003025 [debug] [Thread-4 (]: SQL status: OK in 0.009 seconds
[0m03:15:29.003366 [debug] [Thread-4 (]: Using duckdb connection "model.sql_practice.fct_order_items"
[0m03:15:29.003601 [debug] [Thread-4 (]: On model.sql_practice.fct_order_items: /* {"app": "dbt", "dbt_version": "1.8.9", "profile_name": "sql_practice", "target_name": "dev", "node_id": "model.sql_practice.fct_order_items"} */

  
    
    

    create  table
      "practice"."main"."fct_order_items__dbt_tmp"
  
    as (
      -- One row per order line, enriched with customer + product + revenue.
-- Bảng "phẳng" tiện cho việc luyện tập: join sẵn order + item + product + customer.
with items as (
    select * from "practice"."main"."stg_order_items"
),
orders as (
    select * from "practice"."main"."stg_orders"
),
products as (
    select * from "practice"."main"."stg_products"
),
customers as (
    select * from "practice"."main"."stg_customers"
)
select
    i.order_item_id,
    i.order_id,
    o.order_date,
    o.status,
    o.customer_id,
    c.customer_name,
    c.country,
    i.product_id,
    p.product_name,
    p.category,
    p.price,
    i.quantity,
    p.price * i.quantity as line_revenue
from items i
join orders    o on i.order_id    = o.order_id
join products  p on i.product_id  = p.product_id
join customers c on o.customer_id = c.customer_id
    );
  
  
[0m03:15:29.007387 [debug] [Thread-4 (]: SQL status: OK in 0.004 seconds
[0m03:15:29.009622 [debug] [Thread-4 (]: Using duckdb connection "model.sql_practice.fct_order_items"
[0m03:15:29.009856 [debug] [Thread-4 (]: On model.sql_practice.fct_order_items: /* {"app": "dbt", "dbt_version": "1.8.9", "profile_name": "sql_practice", "target_name": "dev", "node_id": "model.sql_practice.fct_order_items"} */
alter table "practice"."main"."fct_order_items" rename to "fct_order_items__dbt_backup"
[0m03:15:29.010320 [debug] [Thread-4 (]: SQL status: OK in 0.000 seconds
[0m03:15:29.012202 [debug] [Thread-4 (]: Using duckdb connection "model.sql_practice.fct_order_items"
[0m03:15:29.012417 [debug] [Thread-4 (]: On model.sql_practice.fct_order_items: /* {"app": "dbt", "dbt_version": "1.8.9", "profile_name": "sql_practice", "target_name": "dev", "node_id": "model.sql_practice.fct_order_items"} */
alter table "practice"."main"."fct_order_items__dbt_tmp" rename to "fct_order_items"
[0m03:15:29.012811 [debug] [Thread-4 (]: SQL status: OK in 0.000 seconds
[0m03:15:29.015978 [debug] [Thread-4 (]: On model.sql_practice.fct_order_items: COMMIT
[0m03:15:29.016195 [debug] [Thread-4 (]: Using duckdb connection "model.sql_practice.fct_order_items"
[0m03:15:29.016380 [debug] [Thread-4 (]: On model.sql_practice.fct_order_items: COMMIT
[0m03:15:29.018028 [debug] [Thread-4 (]: SQL status: OK in 0.001 seconds
[0m03:15:29.019573 [debug] [Thread-4 (]: Using duckdb connection "model.sql_practice.fct_order_items"
[0m03:15:29.019770 [debug] [Thread-4 (]: On model.sql_practice.fct_order_items: /* {"app": "dbt", "dbt_version": "1.8.9", "profile_name": "sql_practice", "target_name": "dev", "node_id": "model.sql_practice.fct_order_items"} */
drop table if exists "practice"."main"."fct_order_items__dbt_backup" cascade
[0m03:15:29.021134 [debug] [Thread-4 (]: SQL status: OK in 0.001 seconds
[0m03:15:29.021958 [debug] [Thread-4 (]: On model.sql_practice.fct_order_items: Close
[0m03:15:29.030834 [debug] [Thread-4 (]: Sending event: {'category': 'dbt', 'action': 'run_model', 'label': 'c8e4fc13-f8fb-4a8e-aeba-9a11e708c819', 'context': [<snowplow_tracker.self_describing_json.SelfDescribingJson object at 0x7075093bc950>]}
[0m03:15:29.031354 [info ] [Thread-4 (]: 7 of 7 OK created sql table model main.fct_order_items ......................... [[32mOK[0m in 0.06s]
[0m03:15:29.031724 [debug] [Thread-4 (]: Finished running node model.sql_practice.fct_order_items
[0m03:15:29.032595 [debug] [MainThread]: Using duckdb connection "master"
[0m03:15:29.032804 [debug] [MainThread]: On master: BEGIN
[0m03:15:29.032967 [debug] [MainThread]: Opening a new connection, currently in state closed
[0m03:15:29.041683 [debug] [MainThread]: SQL status: OK in 0.009 seconds
[0m03:15:29.042004 [debug] [MainThread]: On master: COMMIT
[0m03:15:29.042185 [debug] [MainThread]: Using duckdb connection "master"
[0m03:15:29.042360 [debug] [MainThread]: On master: COMMIT
[0m03:15:29.042765 [debug] [MainThread]: SQL status: OK in 0.000 seconds
[0m03:15:29.042950 [debug] [MainThread]: On master: Close
[0m03:15:29.044626 [debug] [MainThread]: Connection 'master' was properly closed.
[0m03:15:29.044861 [debug] [MainThread]: Connection 'list_practice_main' was properly closed.
[0m03:15:29.045005 [debug] [MainThread]: Connection 'model.sql_practice.stg_customers' was properly closed.
[0m03:15:29.045136 [debug] [MainThread]: Connection 'model.sql_practice.stg_orders' was properly closed.
[0m03:15:29.045319 [debug] [MainThread]: Connection 'model.sql_practice.stg_products' was properly closed.
[0m03:15:29.045473 [debug] [MainThread]: Connection 'model.sql_practice.fct_order_items' was properly closed.
[0m03:15:29.045725 [info ] [MainThread]: 
[0m03:15:29.045954 [info ] [MainThread]: Finished running 6 view models, 1 table model in 0 hours 0 minutes and 0.38 seconds (0.38s).
[0m03:15:29.046900 [debug] [MainThread]: Command end result
[0m03:15:29.073216 [info ] [MainThread]: 
[0m03:15:29.073545 [info ] [MainThread]: [32mCompleted successfully[0m
[0m03:15:29.073774 [info ] [MainThread]: 
[0m03:15:29.073970 [info ] [MainThread]: Done. PASS=7 WARN=0 ERROR=0 SKIP=0 TOTAL=7
[0m03:15:29.074496 [debug] [MainThread]: Resource report: {"command_name": "run", "command_success": true, "command_wall_clock_time": 0.8128266, "process_in_blocks": "0", "process_kernel_time": 0.151922, "process_mem_max_rss": "173648", "process_out_blocks": "5168", "process_user_time": 1.488444}
[0m03:15:29.074802 [debug] [MainThread]: Command `dbt run` succeeded at 03:15:29.074734 after 0.81 seconds
[0m03:15:29.075002 [debug] [MainThread]: Sending event: {'category': 'dbt', 'action': 'invocation', 'label': 'end', 'context': [<snowplow_tracker.self_describing_json.SelfDescribingJson object at 0x707513067fd0>, <snowplow_tracker.self_describing_json.SelfDescribingJson object at 0x707513065950>, <snowplow_tracker.self_describing_json.SelfDescribingJson object at 0x70751784c590>]}
[0m03:15:29.075190 [debug] [MainThread]: Flushing usage events
[0m03:15:36.987007 [debug] [MainThread]: Sending event: {'category': 'dbt', 'action': 'invocation', 'label': 'start', 'context': [<snowplow_tracker.self_describing_json.SelfDescribingJson object at 0x7473d4ae4c10>, <snowplow_tracker.self_describing_json.SelfDescribingJson object at 0x7473d4a9ec10>, <snowplow_tracker.self_describing_json.SelfDescribingJson object at 0x7473d4c8aed0>]}


============================== 03:15:36.988885 | 777fc488-81d5-4934-b991-308004a99dfe ==============================
[0m03:15:36.988885 [info ] [MainThread]: Running with dbt=1.8.9
[0m03:15:36.993051 [debug] [MainThread]: running dbt with arguments {'printer_width': '80', 'indirect_selection': 'eager', 'write_json': 'True', 'log_cache_events': 'False', 'partial_parse': 'True', 'cache_selected_only': 'False', 'warn_error': 'None', 'version_check': 'True', 'fail_fast': 'False', 'log_path': '/usr/app/dbt/logs', 'debug': 'False', 'profiles_dir': '/usr/app/dbt', 'use_colors': 'True', 'use_experimental_parser': 'False', 'empty': 'None', 'quiet': 'False', 'no_print': 'None', 'log_format': 'default', 'introspect': 'True', 'invocation_command': 'dbt test', 'warn_error_options': 'WarnErrorOptions(include=[], exclude=[])', 'target_path': 'None', 'static_parser': 'True', 'send_anonymous_usage_stats': 'True'}
[0m03:15:37.117435 [debug] [MainThread]: Sending event: {'category': 'dbt', 'action': 'project_id', 'label': '777fc488-81d5-4934-b991-308004a99dfe', 'context': [<snowplow_tracker.self_describing_json.SelfDescribingJson object at 0x7473d4b3da90>]}
[0m03:15:37.152778 [debug] [MainThread]: Sending event: {'category': 'dbt', 'action': 'adapter_info', 'label': '777fc488-81d5-4934-b991-308004a99dfe', 'context': [<snowplow_tracker.self_describing_json.SelfDescribingJson object at 0x7473d7015390>]}
[0m03:15:37.153768 [info ] [MainThread]: Registered adapter: duckdb=1.8.4
[0m03:15:37.205138 [debug] [MainThread]: checksum: 132857a23e9d07220246854f7763165174ce9b737cfc7867629ace4294e520b1, vars: {}, profile: , target: , version: 1.8.9
[0m03:15:37.277684 [debug] [MainThread]: Partial parsing enabled: 0 files deleted, 0 files added, 0 files changed.
[0m03:15:37.277928 [debug] [MainThread]: Partial parsing enabled, no changes found, skipping parsing
[0m03:15:37.307372 [debug] [MainThread]: Sending event: {'category': 'dbt', 'action': 'load_project', 'label': '777fc488-81d5-4934-b991-308004a99dfe', 'context': [<snowplow_tracker.self_describing_json.SelfDescribingJson object at 0x7473caaf2790>]}
[0m03:15:37.373665 [debug] [MainThread]: Sending event: {'category': 'dbt', 'action': 'resource_counts', 'label': '777fc488-81d5-4934-b991-308004a99dfe', 'context': [<snowplow_tracker.self_describing_json.SelfDescribingJson object at 0x7473ca72c0d0>]}
[0m03:15:37.373993 [info ] [MainThread]: Found 7 models, 6 seeds, 40 data tests, 542 macros
[0m03:15:37.374199 [debug] [MainThread]: Sending event: {'category': 'dbt', 'action': 'runnable_timing', 'label': '777fc488-81d5-4934-b991-308004a99dfe', 'context': [<snowplow_tracker.self_describing_json.SelfDescribingJson object at 0x7473ca8972d0>]}
[0m03:15:37.376572 [info ] [MainThread]: 
[0m03:15:37.376958 [debug] [MainThread]: Acquiring new duckdb connection 'master'
[0m03:15:37.380541 [debug] [ThreadPool]: Acquiring new duckdb connection 'list_practice_main'
[0m03:15:37.441563 [debug] [ThreadPool]: Using duckdb connection "list_practice_main"
[0m03:15:37.441828 [debug] [ThreadPool]: On list_practice_main: BEGIN
[0m03:15:37.441983 [debug] [ThreadPool]: Opening a new connection, currently in state init
[0m03:15:37.451153 [debug] [ThreadPool]: SQL status: OK in 0.009 seconds
[0m03:15:37.451398 [debug] [ThreadPool]: Using duckdb connection "list_practice_main"
[0m03:15:37.451566 [debug] [ThreadPool]: On list_practice_main: /* {"app": "dbt", "dbt_version": "1.8.9", "profile_name": "sql_practice", "target_name": "dev", "connection_name": "list_practice_main"} */
select
      'practice' as database,
      table_name as name,
      table_schema as schema,
      CASE table_type
        WHEN 'BASE TABLE' THEN 'table'
        WHEN 'VIEW' THEN 'view'
        WHEN 'LOCAL TEMPORARY' THEN 'table'
        END as type
    from system.information_schema.tables
    where table_schema = 'main'
    and table_catalog = 'practice'
  
[0m03:15:37.453786 [debug] [ThreadPool]: SQL status: OK in 0.002 seconds
[0m03:15:37.454776 [debug] [ThreadPool]: On list_practice_main: ROLLBACK
[0m03:15:37.455203 [debug] [ThreadPool]: Failed to rollback 'list_practice_main'
[0m03:15:37.455373 [debug] [ThreadPool]: On list_practice_main: Close
[0m03:15:37.458391 [debug] [MainThread]: Sending event: {'category': 'dbt', 'action': 'runnable_timing', 'label': '777fc488-81d5-4934-b991-308004a99dfe', 'context': [<snowplow_tracker.self_describing_json.SelfDescribingJson object at 0x7473ca72cad0>]}
[0m03:15:37.458702 [debug] [MainThread]: Using duckdb connection "master"
[0m03:15:37.458867 [debug] [MainThread]: On master: BEGIN
[0m03:15:37.459014 [debug] [MainThread]: Opening a new connection, currently in state init
[0m03:15:37.467519 [debug] [MainThread]: SQL status: OK in 0.008 seconds
[0m03:15:37.467751 [debug] [MainThread]: On master: COMMIT
[0m03:15:37.467930 [debug] [MainThread]: Using duckdb connection "master"
[0m03:15:37.468082 [debug] [MainThread]: On master: COMMIT
[0m03:15:37.468357 [debug] [MainThread]: SQL status: OK in 0.000 seconds
[0m03:15:37.468542 [debug] [MainThread]: On master: Close
[0m03:15:37.469797 [info ] [MainThread]: Concurrency: 4 threads (target='dev')
[0m03:15:37.470028 [info ] [MainThread]: 
[0m03:15:37.472001 [debug] [Thread-1 (]: Began running node test.sql_practice.accepted_values_orders_status__completed__pending__cancelled__shipped.5fceb6c66f
[0m03:15:37.472339 [debug] [Thread-2 (]: Began running node test.sql_practice.accepted_values_products_category__Electronics__Furniture__Appliances__Stationery.8a2bcb2a9e
[0m03:15:37.472603 [debug] [Thread-3 (]: Began running node test.sql_practice.accepted_values_stg_orders_status__completed__pending__cancelled__shipped.4d838d4131
[0m03:15:37.472864 [debug] [Thread-4 (]: Began running node test.sql_practice.dbt_utils_accepted_range_stg_order_items_quantity__True__1.1fa2a837a3
[0m03:15:37.473092 [info ] [Thread-1 (]: 1 of 40 START test accepted_values_orders_status__completed__pending__cancelled__shipped  [RUN]
[0m03:15:37.473367 [info ] [Thread-2 (]: 2 of 40 START test accepted_values_products_category__Electronics__Furniture__Appliances__Stationery  [RUN]
[0m03:15:37.473651 [info ] [Thread-3 (]: 3 of 40 START test accepted_values_stg_orders_status__completed__pending__cancelled__shipped  [RUN]
[0m03:15:37.473905 [info ] [Thread-4 (]: 4 of 40 START test dbt_utils_accepted_range_stg_order_items_quantity__True__1 .. [RUN]
[0m03:15:37.474254 [debug] [Thread-1 (]: Acquiring new duckdb connection 'test.sql_practice.accepted_values_orders_status__completed__pending__cancelled__shipped.5fceb6c66f'
[0m03:15:37.474545 [debug] [Thread-2 (]: Acquiring new duckdb connection 'test.sql_practice.accepted_values_products_category__Electronics__Furniture__Appliances__Stationery.8a2bcb2a9e'
[0m03:15:37.474862 [debug] [Thread-3 (]: Acquiring new duckdb connection 'test.sql_practice.accepted_values_stg_orders_status__completed__pending__cancelled__shipped.4d838d4131'
[0m03:15:37.475135 [debug] [Thread-4 (]: Acquiring new duckdb connection 'test.sql_practice.dbt_utils_accepted_range_stg_order_items_quantity__True__1.1fa2a837a3'
[0m03:15:37.475355 [debug] [Thread-1 (]: Began compiling node test.sql_practice.accepted_values_orders_status__completed__pending__cancelled__shipped.5fceb6c66f
[0m03:15:37.475595 [debug] [Thread-2 (]: Began compiling node test.sql_practice.accepted_values_products_category__Electronics__Furniture__Appliances__Stationery.8a2bcb2a9e
[0m03:15:37.475837 [debug] [Thread-3 (]: Began compiling node test.sql_practice.accepted_values_stg_orders_status__completed__pending__cancelled__shipped.4d838d4131
[0m03:15:37.476045 [debug] [Thread-4 (]: Began compiling node test.sql_practice.dbt_utils_accepted_range_stg_order_items_quantity__True__1.1fa2a837a3
[0m03:15:37.489315 [debug] [Thread-1 (]: Writing injected SQL for node "test.sql_practice.accepted_values_orders_status__completed__pending__cancelled__shipped.5fceb6c66f"
[0m03:15:37.493858 [debug] [Thread-2 (]: Writing injected SQL for node "test.sql_practice.accepted_values_products_category__Electronics__Furniture__Appliances__Stationery.8a2bcb2a9e"
[0m03:15:37.496637 [debug] [Thread-3 (]: Writing injected SQL for node "test.sql_practice.accepted_values_stg_orders_status__completed__pending__cancelled__shipped.4d838d4131"
[0m03:15:37.502014 [debug] [Thread-4 (]: Writing injected SQL for node "test.sql_practice.dbt_utils_accepted_range_stg_order_items_quantity__True__1.1fa2a837a3"
[0m03:15:37.502796 [debug] [Thread-2 (]: Began executing node test.sql_practice.accepted_values_products_category__Electronics__Furniture__Appliances__Stationery.8a2bcb2a9e
[0m03:15:37.503148 [debug] [Thread-1 (]: Began executing node test.sql_practice.accepted_values_orders_status__completed__pending__cancelled__shipped.5fceb6c66f
[0m03:15:37.508637 [debug] [Thread-3 (]: Began executing node test.sql_practice.accepted_values_stg_orders_status__completed__pending__cancelled__shipped.4d838d4131
[0m03:15:37.520875 [debug] [Thread-2 (]: Writing runtime sql for node "test.sql_practice.accepted_values_products_category__Electronics__Furniture__Appliances__Stationery.8a2bcb2a9e"
[0m03:15:37.521723 [debug] [Thread-1 (]: Writing runtime sql for node "test.sql_practice.accepted_values_orders_status__completed__pending__cancelled__shipped.5fceb6c66f"
[0m03:15:37.522096 [debug] [Thread-4 (]: Began executing node test.sql_practice.dbt_utils_accepted_range_stg_order_items_quantity__True__1.1fa2a837a3
[0m03:15:37.523756 [debug] [Thread-3 (]: Writing runtime sql for node "test.sql_practice.accepted_values_stg_orders_status__completed__pending__cancelled__shipped.4d838d4131"
[0m03:15:37.524299 [debug] [Thread-2 (]: Using duckdb connection "test.sql_practice.accepted_values_products_category__Electronics__Furniture__Appliances__Stationery.8a2bcb2a9e"
[0m03:15:37.524634 [debug] [Thread-1 (]: Using duckdb connection "test.sql_practice.accepted_values_orders_status__completed__pending__cancelled__shipped.5fceb6c66f"
[0m03:15:37.526157 [debug] [Thread-4 (]: Writing runtime sql for node "test.sql_practice.dbt_utils_accepted_range_stg_order_items_quantity__True__1.1fa2a837a3"
[0m03:15:37.526517 [debug] [Thread-2 (]: On test.sql_practice.accepted_values_products_category__Electronics__Furniture__Appliances__Stationery.8a2bcb2a9e: BEGIN
[0m03:15:37.526797 [debug] [Thread-3 (]: Using duckdb connection "test.sql_practice.accepted_values_stg_orders_status__completed__pending__cancelled__shipped.4d838d4131"
[0m03:15:37.527036 [debug] [Thread-1 (]: On test.sql_practice.accepted_values_orders_status__completed__pending__cancelled__shipped.5fceb6c66f: BEGIN
[0m03:15:37.527388 [debug] [Thread-4 (]: Using duckdb connection "test.sql_practice.dbt_utils_accepted_range_stg_order_items_quantity__True__1.1fa2a837a3"
[0m03:15:37.527697 [debug] [Thread-2 (]: Opening a new connection, currently in state init
[0m03:15:37.527961 [debug] [Thread-3 (]: On test.sql_practice.accepted_values_stg_orders_status__completed__pending__cancelled__shipped.4d838d4131: BEGIN
[0m03:15:37.528214 [debug] [Thread-1 (]: Opening a new connection, currently in state init
[0m03:15:37.528484 [debug] [Thread-4 (]: On test.sql_practice.dbt_utils_accepted_range_stg_order_items_quantity__True__1.1fa2a837a3: BEGIN
[0m03:15:37.528866 [debug] [Thread-3 (]: Opening a new connection, currently in state init
[0m03:15:37.529152 [debug] [Thread-4 (]: Opening a new connection, currently in state init
[0m03:15:37.537881 [debug] [Thread-1 (]: SQL status: OK in 0.010 seconds
[0m03:15:37.538201 [debug] [Thread-2 (]: SQL status: OK in 0.010 seconds
[0m03:15:37.538485 [debug] [Thread-1 (]: Using duckdb connection "test.sql_practice.accepted_values_orders_status__completed__pending__cancelled__shipped.5fceb6c66f"
[0m03:15:37.538723 [debug] [Thread-3 (]: SQL status: OK in 0.010 seconds
[0m03:15:37.539009 [debug] [Thread-4 (]: SQL status: OK in 0.010 seconds
[0m03:15:37.539280 [debug] [Thread-2 (]: Using duckdb connection "test.sql_practice.accepted_values_products_category__Electronics__Furniture__Appliances__Stationery.8a2bcb2a9e"
[0m03:15:37.539595 [debug] [Thread-1 (]: On test.sql_practice.accepted_values_orders_status__completed__pending__cancelled__shipped.5fceb6c66f: /* {"app": "dbt", "dbt_version": "1.8.9", "profile_name": "sql_practice", "target_name": "dev", "node_id": "test.sql_practice.accepted_values_orders_status__completed__pending__cancelled__shipped.5fceb6c66f"} */

    select
      count(*) as failures,
      count(*) != 0 as should_warn,
      count(*) != 0 as should_error
    from (
      
    
  
    
    

with all_values as (

    select
        status as value_field,
        count(*) as n_records

    from "practice"."main"."orders"
    group by status

)

select *
from all_values
where value_field not in (
    'completed','pending','cancelled','shipped'
)



  
  
      
    ) dbt_internal_test
[0m03:15:37.539890 [debug] [Thread-3 (]: Using duckdb connection "test.sql_practice.accepted_values_stg_orders_status__completed__pending__cancelled__shipped.4d838d4131"
[0m03:15:37.540118 [debug] [Thread-4 (]: Using duckdb connection "test.sql_practice.dbt_utils_accepted_range_stg_order_items_quantity__True__1.1fa2a837a3"
[0m03:15:37.540350 [debug] [Thread-2 (]: On test.sql_practice.accepted_values_products_category__Electronics__Furniture__Appliances__Stationery.8a2bcb2a9e: /* {"app": "dbt", "dbt_version": "1.8.9", "profile_name": "sql_practice", "target_name": "dev", "node_id": "test.sql_practice.accepted_values_products_category__Electronics__Furniture__Appliances__Stationery.8a2bcb2a9e"} */

    select
      count(*) as failures,
      count(*) != 0 as should_warn,
      count(*) != 0 as should_error
    from (
      
    
  
    
    

with all_values as (

    select
        category as value_field,
        count(*) as n_records

    from "practice"."main"."products"
    group by category

)

select *
from all_values
where value_field not in (
    'Electronics','Furniture','Appliances','Stationery'
)



  
  
      
    ) dbt_internal_test
[0m03:15:37.540787 [debug] [Thread-3 (]: On test.sql_practice.accepted_values_stg_orders_status__completed__pending__cancelled__shipped.4d838d4131: /* {"app": "dbt", "dbt_version": "1.8.9", "profile_name": "sql_practice", "target_name": "dev", "node_id": "test.sql_practice.accepted_values_stg_orders_status__completed__pending__cancelled__shipped.4d838d4131"} */

    select
      count(*) as failures,
      count(*) != 0 as should_warn,
      count(*) != 0 as should_error
    from (
      
    
  
    
    

with all_values as (

    select
        status as value_field,
        count(*) as n_records

    from "practice"."main"."stg_orders"
    group by status

)

select *
from all_values
where value_field not in (
    'completed','pending','cancelled','shipped'
)



  
  
      
    ) dbt_internal_test
[0m03:15:37.541057 [debug] [Thread-4 (]: On test.sql_practice.dbt_utils_accepted_range_stg_order_items_quantity__True__1.1fa2a837a3: /* {"app": "dbt", "dbt_version": "1.8.9", "profile_name": "sql_practice", "target_name": "dev", "node_id": "test.sql_practice.dbt_utils_accepted_range_stg_order_items_quantity__True__1.1fa2a837a3"} */

    select
      count(*) as failures,
      count(*) != 0 as should_warn,
      count(*) != 0 as should_error
    from (
      
    
  

with meet_condition as(
  select *
  from "practice"."main"."stg_order_items"
),

validation_errors as (
  select *
  from meet_condition
  where
    -- never true, defaults to an empty result set. Exists to ensure any combo of the `or` clauses below succeeds
    1 = 2
    -- records with a value >= min_value are permitted. The `not` flips this to find records that don't meet the rule.
    or not quantity >= 1
)

select *
from validation_errors


  
  
      
    ) dbt_internal_test
[0m03:15:37.541826 [debug] [Thread-1 (]: SQL status: OK in 0.001 seconds
[0m03:15:37.544738 [debug] [Thread-1 (]: On test.sql_practice.accepted_values_orders_status__completed__pending__cancelled__shipped.5fceb6c66f: ROLLBACK
[0m03:15:37.545048 [debug] [Thread-4 (]: SQL status: OK in 0.003 seconds
[0m03:15:37.545268 [debug] [Thread-3 (]: SQL status: OK in 0.004 seconds
[0m03:15:37.545484 [debug] [Thread-2 (]: SQL status: OK in 0.004 seconds
[0m03:15:37.545766 [debug] [Thread-1 (]: Failed to rollback 'test.sql_practice.accepted_values_orders_status__completed__pending__cancelled__shipped.5fceb6c66f'
[0m03:15:37.546781 [debug] [Thread-4 (]: On test.sql_practice.dbt_utils_accepted_range_stg_order_items_quantity__True__1.1fa2a837a3: ROLLBACK
[0m03:15:37.547725 [debug] [Thread-3 (]: On test.sql_practice.accepted_values_stg_orders_status__completed__pending__cancelled__shipped.4d838d4131: ROLLBACK
[0m03:15:37.548543 [debug] [Thread-2 (]: On test.sql_practice.accepted_values_products_category__Electronics__Furniture__Appliances__Stationery.8a2bcb2a9e: ROLLBACK
[0m03:15:37.548855 [debug] [Thread-1 (]: On test.sql_practice.accepted_values_orders_status__completed__pending__cancelled__shipped.5fceb6c66f: Close
[0m03:15:37.549190 [debug] [Thread-4 (]: Failed to rollback 'test.sql_practice.dbt_utils_accepted_range_stg_order_items_quantity__True__1.1fa2a837a3'
[0m03:15:37.549511 [debug] [Thread-3 (]: Failed to rollback 'test.sql_practice.accepted_values_stg_orders_status__completed__pending__cancelled__shipped.4d838d4131'
[0m03:15:37.549820 [debug] [Thread-2 (]: Failed to rollback 'test.sql_practice.accepted_values_products_category__Electronics__Furniture__Appliances__Stationery.8a2bcb2a9e'
[0m03:15:37.550221 [info ] [Thread-1 (]: 1 of 40 PASS accepted_values_orders_status__completed__pending__cancelled__shipped  [[32mPASS[0m in 0.08s]
[0m03:15:37.550477 [debug] [Thread-4 (]: On test.sql_practice.dbt_utils_accepted_range_stg_order_items_quantity__True__1.1fa2a837a3: Close
[0m03:15:37.550705 [debug] [Thread-3 (]: On test.sql_practice.accepted_values_stg_orders_status__completed__pending__cancelled__shipped.4d838d4131: Close
[0m03:15:37.550920 [debug] [Thread-2 (]: On test.sql_practice.accepted_values_products_category__Electronics__Furniture__Appliances__Stationery.8a2bcb2a9e: Close
[0m03:15:37.551261 [debug] [Thread-1 (]: Finished running node test.sql_practice.accepted_values_orders_status__completed__pending__cancelled__shipped.5fceb6c66f
[0m03:15:37.551625 [info ] [Thread-4 (]: 4 of 40 PASS dbt_utils_accepted_range_stg_order_items_quantity__True__1 ........ [[32mPASS[0m in 0.08s]
[0m03:15:37.552007 [info ] [Thread-3 (]: 3 of 40 PASS accepted_values_stg_orders_status__completed__pending__cancelled__shipped  [[32mPASS[0m in 0.08s]
[0m03:15:37.552359 [debug] [Thread-1 (]: Began running node test.sql_practice.not_null_customers_customer_id.5c9bf9911d
[0m03:15:37.552728 [debug] [Thread-4 (]: Finished running node test.sql_practice.dbt_utils_accepted_range_stg_order_items_quantity__True__1.1fa2a837a3
[0m03:15:37.553176 [debug] [Thread-3 (]: Finished running node test.sql_practice.accepted_values_stg_orders_status__completed__pending__cancelled__shipped.4d838d4131
[0m03:15:37.553480 [info ] [Thread-1 (]: 5 of 40 START test not_null_customers_customer_id .............................. [RUN]
[0m03:15:37.554099 [debug] [Thread-4 (]: Began running node test.sql_practice.not_null_departments_department_id.7e7a16cad0
[0m03:15:37.553794 [info ] [Thread-2 (]: 2 of 40 PASS accepted_values_products_category__Electronics__Furniture__Appliances__Stationery  [[32mPASS[0m in 0.08s]
[0m03:15:37.554441 [debug] [Thread-3 (]: Began running node test.sql_practice.not_null_employees_employee_id.a19d53d619
[0m03:15:37.554697 [debug] [Thread-1 (]: Re-using an available connection from the pool (formerly test.sql_practice.accepted_values_orders_status__completed__pending__cancelled__shipped.5fceb6c66f, now test.sql_practice.not_null_customers_customer_id.5c9bf9911d)
[0m03:15:37.554948 [info ] [Thread-4 (]: 6 of 40 START test not_null_departments_department_id .......................... [RUN]
[0m03:15:37.555300 [debug] [Thread-2 (]: Finished running node test.sql_practice.accepted_values_products_category__Electronics__Furniture__Appliances__Stationery.8a2bcb2a9e
[0m03:15:37.555559 [info ] [Thread-3 (]: 7 of 40 START test not_null_employees_employee_id .............................. [RUN]
[0m03:15:37.555820 [debug] [Thread-1 (]: Began compiling node test.sql_practice.not_null_customers_customer_id.5c9bf9911d
[0m03:15:37.556072 [debug] [Thread-4 (]: Re-using an available connection from the pool (formerly test.sql_practice.dbt_utils_accepted_range_stg_order_items_quantity__True__1.1fa2a837a3, now test.sql_practice.not_null_departments_department_id.7e7a16cad0)
[0m03:15:37.556373 [debug] [Thread-2 (]: Began running node test.sql_practice.not_null_fct_order_items_line_revenue.681618439d
[0m03:15:37.556675 [debug] [Thread-3 (]: Re-using an available connection from the pool (formerly test.sql_practice.accepted_values_stg_orders_status__completed__pending__cancelled__shipped.4d838d4131, now test.sql_practice.not_null_employees_employee_id.a19d53d619)
[0m03:15:37.561515 [debug] [Thread-1 (]: Writing injected SQL for node "test.sql_practice.not_null_customers_customer_id.5c9bf9911d"
[0m03:15:37.561906 [debug] [Thread-4 (]: Began compiling node test.sql_practice.not_null_departments_department_id.7e7a16cad0
[0m03:15:37.562202 [info ] [Thread-2 (]: 8 of 40 START test not_null_fct_order_items_line_revenue ....................... [RUN]
[0m03:15:37.562527 [debug] [Thread-3 (]: Began compiling node test.sql_practice.not_null_employees_employee_id.a19d53d619
[0m03:15:37.565533 [debug] [Thread-4 (]: Writing injected SQL for node "test.sql_practice.not_null_departments_department_id.7e7a16cad0"
[0m03:15:37.565933 [debug] [Thread-2 (]: Re-using an available connection from the pool (formerly test.sql_practice.accepted_values_products_category__Electronics__Furniture__Appliances__Stationery.8a2bcb2a9e, now test.sql_practice.not_null_fct_order_items_line_revenue.681618439d)
[0m03:15:37.569125 [debug] [Thread-3 (]: Writing injected SQL for node "test.sql_practice.not_null_employees_employee_id.a19d53d619"
[0m03:15:37.569442 [debug] [Thread-1 (]: Began executing node test.sql_practice.not_null_customers_customer_id.5c9bf9911d
[0m03:15:37.569799 [debug] [Thread-2 (]: Began compiling node test.sql_practice.not_null_fct_order_items_line_revenue.681618439d
[0m03:15:37.570084 [debug] [Thread-4 (]: Began executing node test.sql_practice.not_null_departments_department_id.7e7a16cad0
[0m03:15:37.571893 [debug] [Thread-1 (]: Writing runtime sql for node "test.sql_practice.not_null_customers_customer_id.5c9bf9911d"
[0m03:15:37.575189 [debug] [Thread-2 (]: Writing injected SQL for node "test.sql_practice.not_null_fct_order_items_line_revenue.681618439d"
[0m03:15:37.575497 [debug] [Thread-3 (]: Began executing node test.sql_practice.not_null_employees_employee_id.a19d53d619
[0m03:15:37.577279 [debug] [Thread-4 (]: Writing runtime sql for node "test.sql_practice.not_null_departments_department_id.7e7a16cad0"
[0m03:15:37.579175 [debug] [Thread-3 (]: Writing runtime sql for node "test.sql_practice.not_null_employees_employee_id.a19d53d619"
[0m03:15:37.579461 [debug] [Thread-1 (]: Using duckdb connection "test.sql_practice.not_null_customers_customer_id.5c9bf9911d"
[0m03:15:37.579842 [debug] [Thread-2 (]: Began executing node test.sql_practice.not_null_fct_order_items_line_revenue.681618439d
[0m03:15:37.580169 [debug] [Thread-4 (]: Using duckdb connection "test.sql_practice.not_null_departments_department_id.7e7a16cad0"
[0m03:15:37.580407 [debug] [Thread-1 (]: On test.sql_practice.not_null_customers_customer_id.5c9bf9911d: BEGIN
[0m03:15:37.580663 [debug] [Thread-3 (]: Using duckdb connection "test.sql_practice.not_null_employees_employee_id.a19d53d619"
[0m03:15:37.583465 [debug] [Thread-2 (]: Writing runtime sql for node "test.sql_practice.not_null_fct_order_items_line_revenue.681618439d"
[0m03:15:37.583742 [debug] [Thread-4 (]: On test.sql_practice.not_null_departments_department_id.7e7a16cad0: BEGIN
[0m03:15:37.583982 [debug] [Thread-1 (]: Opening a new connection, currently in state closed
[0m03:15:37.584204 [debug] [Thread-3 (]: On test.sql_practice.not_null_employees_employee_id.a19d53d619: BEGIN
[0m03:15:37.584494 [debug] [Thread-4 (]: Opening a new connection, currently in state closed
[0m03:15:37.584888 [debug] [Thread-2 (]: Using duckdb connection "test.sql_practice.not_null_fct_order_items_line_revenue.681618439d"
[0m03:15:37.585188 [debug] [Thread-3 (]: Opening a new connection, currently in state closed
[0m03:15:37.585438 [debug] [Thread-2 (]: On test.sql_practice.not_null_fct_order_items_line_revenue.681618439d: BEGIN
[0m03:15:37.585660 [debug] [Thread-2 (]: Opening a new connection, currently in state closed
[0m03:15:37.595006 [debug] [Thread-4 (]: SQL status: OK in 0.010 seconds
[0m03:15:37.595257 [debug] [Thread-1 (]: SQL status: OK in 0.011 seconds
[0m03:15:37.595514 [debug] [Thread-2 (]: SQL status: OK in 0.010 seconds
[0m03:15:37.595747 [debug] [Thread-3 (]: SQL status: OK in 0.011 seconds
[0m03:15:37.595942 [debug] [Thread-4 (]: Using duckdb connection "test.sql_practice.not_null_departments_department_id.7e7a16cad0"
[0m03:15:37.596222 [debug] [Thread-1 (]: Using duckdb connection "test.sql_practice.not_null_customers_customer_id.5c9bf9911d"
[0m03:15:37.596452 [debug] [Thread-2 (]: Using duckdb connection "test.sql_practice.not_null_fct_order_items_line_revenue.681618439d"
[0m03:15:37.596662 [debug] [Thread-3 (]: Using duckdb connection "test.sql_practice.not_null_employees_employee_id.a19d53d619"
[0m03:15:37.596883 [debug] [Thread-4 (]: On test.sql_practice.not_null_departments_department_id.7e7a16cad0: /* {"app": "dbt", "dbt_version": "1.8.9", "profile_name": "sql_practice", "target_name": "dev", "node_id": "test.sql_practice.not_null_departments_department_id.7e7a16cad0"} */

    select
      count(*) as failures,
      count(*) != 0 as should_warn,
      count(*) != 0 as should_error
    from (
      
    
  
    
    



select department_id
from "practice"."main"."departments"
where department_id is null



  
  
      
    ) dbt_internal_test
[0m03:15:37.597106 [debug] [Thread-1 (]: On test.sql_practice.not_null_customers_customer_id.5c9bf9911d: /* {"app": "dbt", "dbt_version": "1.8.9", "profile_name": "sql_practice", "target_name": "dev", "node_id": "test.sql_practice.not_null_customers_customer_id.5c9bf9911d"} */

    select
      count(*) as failures,
      count(*) != 0 as should_warn,
      count(*) != 0 as should_error
    from (
      
    
  
    
    



select customer_id
from "practice"."main"."customers"
where customer_id is null



  
  
      
    ) dbt_internal_test
[0m03:15:37.597342 [debug] [Thread-2 (]: On test.sql_practice.not_null_fct_order_items_line_revenue.681618439d: /* {"app": "dbt", "dbt_version": "1.8.9", "profile_name": "sql_practice", "target_name": "dev", "node_id": "test.sql_practice.not_null_fct_order_items_line_revenue.681618439d"} */

    select
      count(*) as failures,
      count(*) != 0 as should_warn,
      count(*) != 0 as should_error
    from (
      
    
  
    
    



select line_revenue
from "practice"."main"."fct_order_items"
where line_revenue is null



  
  
      
    ) dbt_internal_test
[0m03:15:37.597558 [debug] [Thread-3 (]: On test.sql_practice.not_null_employees_employee_id.a19d53d619: /* {"app": "dbt", "dbt_version": "1.8.9", "profile_name": "sql_practice", "target_name": "dev", "node_id": "test.sql_practice.not_null_employees_employee_id.a19d53d619"} */

    select
      count(*) as failures,
      count(*) != 0 as should_warn,
      count(*) != 0 as should_error
    from (
      
    
  
    
    



select employee_id
from "practice"."main"."employees"
where employee_id is null



  
  
      
    ) dbt_internal_test
[0m03:15:37.598365 [debug] [Thread-1 (]: SQL status: OK in 0.000 seconds
[0m03:15:37.598586 [debug] [Thread-4 (]: SQL status: OK in 0.001 seconds
[0m03:15:37.598839 [debug] [Thread-3 (]: SQL status: OK in 0.001 seconds
[0m03:15:37.599040 [debug] [Thread-2 (]: SQL status: OK in 0.001 seconds
[0m03:15:37.600040 [debug] [Thread-1 (]: On test.sql_practice.not_null_customers_customer_id.5c9bf9911d: ROLLBACK
[0m03:15:37.601000 [debug] [Thread-4 (]: On test.sql_practice.not_null_departments_department_id.7e7a16cad0: ROLLBACK
[0m03:15:37.601866 [debug] [Thread-3 (]: On test.sql_practice.not_null_employees_employee_id.a19d53d619: ROLLBACK
[0m03:15:37.602707 [debug] [Thread-2 (]: On test.sql_practice.not_null_fct_order_items_line_revenue.681618439d: ROLLBACK
[0m03:15:37.603064 [debug] [Thread-1 (]: Failed to rollback 'test.sql_practice.not_null_customers_customer_id.5c9bf9911d'
[0m03:15:37.603403 [debug] [Thread-4 (]: Failed to rollback 'test.sql_practice.not_null_departments_department_id.7e7a16cad0'
[0m03:15:37.603726 [debug] [Thread-3 (]: Failed to rollback 'test.sql_practice.not_null_employees_employee_id.a19d53d619'
[0m03:15:37.604052 [debug] [Thread-2 (]: Failed to rollback 'test.sql_practice.not_null_fct_order_items_line_revenue.681618439d'
[0m03:15:37.604302 [debug] [Thread-1 (]: On test.sql_practice.not_null_customers_customer_id.5c9bf9911d: Close
[0m03:15:37.604523 [debug] [Thread-4 (]: On test.sql_practice.not_null_departments_department_id.7e7a16cad0: Close
[0m03:15:37.604737 [debug] [Thread-3 (]: On test.sql_practice.not_null_employees_employee_id.a19d53d619: Close
[0m03:15:37.604944 [debug] [Thread-2 (]: On test.sql_practice.not_null_fct_order_items_line_revenue.681618439d: Close
[0m03:15:37.605331 [info ] [Thread-1 (]: 5 of 40 PASS not_null_customers_customer_id .................................... [[32mPASS[0m in 0.05s]
[0m03:15:37.605742 [info ] [Thread-4 (]: 6 of 40 PASS not_null_departments_department_id ................................ [[32mPASS[0m in 0.05s]
[0m03:15:37.606127 [info ] [Thread-3 (]: 7 of 40 PASS not_null_employees_employee_id .................................... [[32mPASS[0m in 0.05s]
[0m03:15:37.606604 [debug] [Thread-1 (]: Finished running node test.sql_practice.not_null_customers_customer_id.5c9bf9911d
[0m03:15:37.606990 [debug] [Thread-4 (]: Finished running node test.sql_practice.not_null_departments_department_id.7e7a16cad0
[0m03:15:37.607420 [debug] [Thread-3 (]: Finished running node test.sql_practice.not_null_employees_employee_id.a19d53d619
[0m03:15:37.607789 [debug] [Thread-1 (]: Began running node test.sql_practice.not_null_fct_order_items_order_item_id.dbaab21f55
[0m03:15:37.608059 [debug] [Thread-4 (]: Began running node test.sql_practice.not_null_order_items_order_item_id.c6fda366bd
[0m03:15:37.608420 [info ] [Thread-2 (]: 8 of 40 PASS not_null_fct_order_items_line_revenue ............................. [[32mPASS[0m in 0.04s]
[0m03:15:37.608707 [debug] [Thread-3 (]: Began running node test.sql_practice.not_null_orders_customer_id.c5f02694af
[0m03:15:37.608955 [info ] [Thread-1 (]: 9 of 40 START test not_null_fct_order_items_order_item_id ...................... [RUN]
[0m03:15:37.609192 [info ] [Thread-4 (]: 10 of 40 START test not_null_order_items_order_item_id ......................... [RUN]
[0m03:15:37.609529 [debug] [Thread-2 (]: Finished running node test.sql_practice.not_null_fct_order_items_line_revenue.681618439d
[0m03:15:37.609735 [info ] [Thread-3 (]: 11 of 40 START test not_null_orders_customer_id ................................ [RUN]
[0m03:15:37.609993 [debug] [Thread-1 (]: Re-using an available connection from the pool (formerly test.sql_practice.not_null_customers_customer_id.5c9bf9911d, now test.sql_practice.not_null_fct_order_items_order_item_id.dbaab21f55)
[0m03:15:37.610240 [debug] [Thread-4 (]: Re-using an available connection from the pool (formerly test.sql_practice.not_null_departments_department_id.7e7a16cad0, now test.sql_practice.not_null_order_items_order_item_id.c6fda366bd)
[0m03:15:37.610484 [debug] [Thread-2 (]: Began running node test.sql_practice.not_null_orders_order_id.cf6c17daed
[0m03:15:37.610755 [debug] [Thread-3 (]: Re-using an available connection from the pool (formerly test.sql_practice.not_null_employees_employee_id.a19d53d619, now test.sql_practice.not_null_orders_customer_id.c5f02694af)
[0m03:15:37.610981 [debug] [Thread-1 (]: Began compiling node test.sql_practice.not_null_fct_order_items_order_item_id.dbaab21f55
[0m03:15:37.611180 [debug] [Thread-4 (]: Began compiling node test.sql_practice.not_null_order_items_order_item_id.c6fda366bd
[0m03:15:37.611410 [info ] [Thread-2 (]: 12 of 40 START test not_null_orders_order_id ................................... [RUN]
[0m03:15:37.611638 [debug] [Thread-3 (]: Began compiling node test.sql_practice.not_null_orders_customer_id.c5f02694af
[0m03:15:37.614751 [debug] [Thread-1 (]: Writing injected SQL for node "test.sql_practice.not_null_fct_order_items_order_item_id.dbaab21f55"
[0m03:15:37.617780 [debug] [Thread-4 (]: Writing injected SQL for node "test.sql_practice.not_null_order_items_order_item_id.c6fda366bd"
[0m03:15:37.618218 [debug] [Thread-2 (]: Re-using an available connection from the pool (formerly test.sql_practice.not_null_fct_order_items_line_revenue.681618439d, now test.sql_practice.not_null_orders_order_id.cf6c17daed)
[0m03:15:37.621412 [debug] [Thread-3 (]: Writing injected SQL for node "test.sql_practice.not_null_orders_customer_id.c5f02694af"
[0m03:15:37.621965 [debug] [Thread-2 (]: Began compiling node test.sql_practice.not_null_orders_order_id.cf6c17daed
[0m03:15:37.622244 [debug] [Thread-1 (]: Began executing node test.sql_practice.not_null_fct_order_items_order_item_id.dbaab21f55
[0m03:15:37.622548 [debug] [Thread-4 (]: Began executing node test.sql_practice.not_null_order_items_order_item_id.c6fda366bd
[0m03:15:37.625517 [debug] [Thread-2 (]: Writing injected SQL for node "test.sql_practice.not_null_orders_order_id.cf6c17daed"
[0m03:15:37.627409 [debug] [Thread-1 (]: Writing runtime sql for node "test.sql_practice.not_null_fct_order_items_order_item_id.dbaab21f55"
[0m03:15:37.627716 [debug] [Thread-3 (]: Began executing node test.sql_practice.not_null_orders_customer_id.c5f02694af
[0m03:15:37.629444 [debug] [Thread-4 (]: Writing runtime sql for node "test.sql_practice.not_null_order_items_order_item_id.c6fda366bd"
[0m03:15:37.631334 [debug] [Thread-3 (]: Writing runtime sql for node "test.sql_practice.not_null_orders_customer_id.c5f02694af"
[0m03:15:37.631718 [debug] [Thread-1 (]: Using duckdb connection "test.sql_practice.not_null_fct_order_items_order_item_id.dbaab21f55"
[0m03:15:37.631947 [debug] [Thread-2 (]: Began executing node test.sql_practice.not_null_orders_order_id.cf6c17daed
[0m03:15:37.632377 [debug] [Thread-4 (]: Using duckdb connection "test.sql_practice.not_null_order_items_order_item_id.c6fda366bd"
[0m03:15:37.632596 [debug] [Thread-1 (]: On test.sql_practice.not_null_fct_order_items_order_item_id.dbaab21f55: BEGIN
[0m03:15:37.632855 [debug] [Thread-3 (]: Using duckdb connection "test.sql_practice.not_null_orders_customer_id.c5f02694af"
[0m03:15:37.634519 [debug] [Thread-2 (]: Writing runtime sql for node "test.sql_practice.not_null_orders_order_id.cf6c17daed"
[0m03:15:37.634809 [debug] [Thread-4 (]: On test.sql_practice.not_null_order_items_order_item_id.c6fda366bd: BEGIN
[0m03:15:37.635027 [debug] [Thread-1 (]: Opening a new connection, currently in state closed
[0m03:15:37.635250 [debug] [Thread-3 (]: On test.sql_practice.not_null_orders_customer_id.c5f02694af: BEGIN
[0m03:15:37.635522 [debug] [Thread-4 (]: Opening a new connection, currently in state closed
[0m03:15:37.635895 [debug] [Thread-2 (]: Using duckdb connection "test.sql_practice.not_null_orders_order_id.cf6c17daed"
[0m03:15:37.636120 [debug] [Thread-3 (]: Opening a new connection, currently in state closed
[0m03:15:37.636357 [debug] [Thread-2 (]: On test.sql_practice.not_null_orders_order_id.cf6c17daed: BEGIN
[0m03:15:37.636566 [debug] [Thread-2 (]: Opening a new connection, currently in state closed
[0m03:15:37.644640 [debug] [Thread-1 (]: SQL status: OK in 0.010 seconds
[0m03:15:37.644931 [debug] [Thread-4 (]: SQL status: OK in 0.009 seconds
[0m03:15:37.645175 [debug] [Thread-3 (]: SQL status: OK in 0.009 seconds
[0m03:15:37.645370 [debug] [Thread-2 (]: SQL status: OK in 0.009 seconds
[0m03:15:37.645553 [debug] [Thread-1 (]: Using duckdb connection "test.sql_practice.not_null_fct_order_items_order_item_id.dbaab21f55"
[0m03:15:37.645793 [debug] [Thread-4 (]: Using duckdb connection "test.sql_practice.not_null_order_items_order_item_id.c6fda366bd"
[0m03:15:37.646018 [debug] [Thread-3 (]: Using duckdb connection "test.sql_practice.not_null_orders_customer_id.c5f02694af"
[0m03:15:37.646213 [debug] [Thread-2 (]: Using duckdb connection "test.sql_practice.not_null_orders_order_id.cf6c17daed"
[0m03:15:37.646422 [debug] [Thread-1 (]: On test.sql_practice.not_null_fct_order_items_order_item_id.dbaab21f55: /* {"app": "dbt", "dbt_version": "1.8.9", "profile_name": "sql_practice", "target_name": "dev", "node_id": "test.sql_practice.not_null_fct_order_items_order_item_id.dbaab21f55"} */

    select
      count(*) as failures,
      count(*) != 0 as should_warn,
      count(*) != 0 as should_error
    from (
      
    
  
    
    



select order_item_id
from "practice"."main"."fct_order_items"
where order_item_id is null



  
  
      
    ) dbt_internal_test
[0m03:15:37.646654 [debug] [Thread-4 (]: On test.sql_practice.not_null_order_items_order_item_id.c6fda366bd: /* {"app": "dbt", "dbt_version": "1.8.9", "profile_name": "sql_practice", "target_name": "dev", "node_id": "test.sql_practice.not_null_order_items_order_item_id.c6fda366bd"} */

    select
      count(*) as failures,
      count(*) != 0 as should_warn,
      count(*) != 0 as should_error
    from (
      
    
  
    
    



select order_item_id
from "practice"."main"."order_items"
where order_item_id is null



  
  
      
    ) dbt_internal_test
[0m03:15:37.646875 [debug] [Thread-3 (]: On test.sql_practice.not_null_orders_customer_id.c5f02694af: /* {"app": "dbt", "dbt_version": "1.8.9", "profile_name": "sql_practice", "target_name": "dev", "node_id": "test.sql_practice.not_null_orders_customer_id.c5f02694af"} */

    select
      count(*) as failures,
      count(*) != 0 as should_warn,
      count(*) != 0 as should_error
    from (
      
    
  
    
    



select customer_id
from "practice"."main"."orders"
where customer_id is null



  
  
      
    ) dbt_internal_test
[0m03:15:37.647086 [debug] [Thread-2 (]: On test.sql_practice.not_null_orders_order_id.cf6c17daed: /* {"app": "dbt", "dbt_version": "1.8.9", "profile_name": "sql_practice", "target_name": "dev", "node_id": "test.sql_practice.not_null_orders_order_id.cf6c17daed"} */

    select
      count(*) as failures,
      count(*) != 0 as should_warn,
      count(*) != 0 as should_error
    from (
      
    
  
    
    



select order_id
from "practice"."main"."orders"
where order_id is null



  
  
      
    ) dbt_internal_test
[0m03:15:37.647873 [debug] [Thread-1 (]: SQL status: OK in 0.001 seconds
[0m03:15:37.648116 [debug] [Thread-4 (]: SQL status: OK in 0.001 seconds
[0m03:15:37.648362 [debug] [Thread-2 (]: SQL status: OK in 0.001 seconds
[0m03:15:37.648590 [debug] [Thread-3 (]: SQL status: OK in 0.001 seconds
[0m03:15:37.649542 [debug] [Thread-1 (]: On test.sql_practice.not_null_fct_order_items_order_item_id.dbaab21f55: ROLLBACK
[0m03:15:37.650487 [debug] [Thread-4 (]: On test.sql_practice.not_null_order_items_order_item_id.c6fda366bd: ROLLBACK
[0m03:15:37.651349 [debug] [Thread-2 (]: On test.sql_practice.not_null_orders_order_id.cf6c17daed: ROLLBACK
[0m03:15:37.652171 [debug] [Thread-3 (]: On test.sql_practice.not_null_orders_customer_id.c5f02694af: ROLLBACK
[0m03:15:37.652589 [debug] [Thread-1 (]: Failed to rollback 'test.sql_practice.not_null_fct_order_items_order_item_id.dbaab21f55'
[0m03:15:37.652925 [debug] [Thread-4 (]: Failed to rollback 'test.sql_practice.not_null_order_items_order_item_id.c6fda366bd'
[0m03:15:37.653226 [debug] [Thread-2 (]: Failed to rollback 'test.sql_practice.not_null_orders_order_id.cf6c17daed'
[0m03:15:37.653522 [debug] [Thread-3 (]: Failed to rollback 'test.sql_practice.not_null_orders_customer_id.c5f02694af'
[0m03:15:37.653861 [debug] [Thread-1 (]: On test.sql_practice.not_null_fct_order_items_order_item_id.dbaab21f55: Close
[0m03:15:37.654105 [debug] [Thread-4 (]: On test.sql_practice.not_null_order_items_order_item_id.c6fda366bd: Close
[0m03:15:37.654331 [debug] [Thread-2 (]: On test.sql_practice.not_null_orders_order_id.cf6c17daed: Close
[0m03:15:37.654532 [debug] [Thread-3 (]: On test.sql_practice.not_null_orders_customer_id.c5f02694af: Close
[0m03:15:37.654925 [info ] [Thread-1 (]: 9 of 40 PASS not_null_fct_order_items_order_item_id ............................ [[32mPASS[0m in 0.04s]
[0m03:15:37.655338 [info ] [Thread-4 (]: 10 of 40 PASS not_null_order_items_order_item_id ............................... [[32mPASS[0m in 0.05s]
[0m03:15:37.655767 [info ] [Thread-2 (]: 12 of 40 PASS not_null_orders_order_id ......................................... [[32mPASS[0m in 0.04s]
[0m03:15:37.656320 [debug] [Thread-1 (]: Finished running node test.sql_practice.not_null_fct_order_items_order_item_id.dbaab21f55
[0m03:15:37.656729 [debug] [Thread-4 (]: Finished running node test.sql_practice.not_null_order_items_order_item_id.c6fda366bd
[0m03:15:37.657182 [debug] [Thread-2 (]: Finished running node test.sql_practice.not_null_orders_order_id.cf6c17daed
[0m03:15:37.657528 [info ] [Thread-3 (]: 11 of 40 PASS not_null_orders_customer_id ...................................... [[32mPASS[0m in 0.05s]
[0m03:15:37.657841 [debug] [Thread-1 (]: Began running node test.sql_practice.not_null_products_product_id.33741cf88e
[0m03:15:37.658149 [debug] [Thread-4 (]: Began running node test.sql_practice.not_null_stg_customers_customer_id.e2cfb1f9aa
[0m03:15:37.658427 [debug] [Thread-2 (]: Began running node test.sql_practice.not_null_stg_customers_customer_name.5c92a78a60
[0m03:15:37.658742 [debug] [Thread-3 (]: Finished running node test.sql_practice.not_null_orders_customer_id.c5f02694af
[0m03:15:37.658958 [info ] [Thread-1 (]: 13 of 40 START test not_null_products_product_id ............................... [RUN]
[0m03:15:37.659198 [info ] [Thread-4 (]: 14 of 40 START test not_null_stg_customers_customer_id ......................... [RUN]
[0m03:15:37.659436 [info ] [Thread-2 (]: 15 of 40 START test not_null_stg_customers_customer_name ....................... [RUN]
[0m03:15:37.659691 [debug] [Thread-3 (]: Began running node test.sql_practice.not_null_stg_departments_department_id.ce7f6f5cf8
[0m03:15:37.659943 [debug] [Thread-1 (]: Re-using an available connection from the pool (formerly test.sql_practice.not_null_fct_order_items_order_item_id.dbaab21f55, now test.sql_practice.not_null_products_product_id.33741cf88e)
[0m03:15:37.660201 [debug] [Thread-4 (]: Re-using an available connection from the pool (formerly test.sql_practice.not_null_order_items_order_item_id.c6fda366bd, now test.sql_practice.not_null_stg_customers_customer_id.e2cfb1f9aa)
[0m03:15:37.660443 [debug] [Thread-2 (]: Re-using an available connection from the pool (formerly test.sql_practice.not_null_orders_order_id.cf6c17daed, now test.sql_practice.not_null_stg_customers_customer_name.5c92a78a60)
[0m03:15:37.660654 [info ] [Thread-3 (]: 16 of 40 START test not_null_stg_departments_department_id ..................... [RUN]
[0m03:15:37.660873 [debug] [Thread-1 (]: Began compiling node test.sql_practice.not_null_products_product_id.33741cf88e
[0m03:15:37.661083 [debug] [Thread-4 (]: Began compiling node test.sql_practice.not_null_stg_customers_customer_id.e2cfb1f9aa
[0m03:15:37.661309 [debug] [Thread-2 (]: Began compiling node test.sql_practice.not_null_stg_customers_customer_name.5c92a78a60
[0m03:15:37.661631 [debug] [Thread-3 (]: Re-using an available connection from the pool (formerly test.sql_practice.not_null_orders_customer_id.c5f02694af, now test.sql_practice.not_null_stg_departments_department_id.ce7f6f5cf8)
[0m03:15:37.664712 [debug] [Thread-1 (]: Writing injected SQL for node "test.sql_practice.not_null_products_product_id.33741cf88e"
[0m03:15:37.669081 [debug] [Thread-4 (]: Writing injected SQL for node "test.sql_practice.not_null_stg_customers_customer_id.e2cfb1f9aa"
[0m03:15:37.671959 [debug] [Thread-2 (]: Writing injected SQL for node "test.sql_practice.not_null_stg_customers_customer_name.5c92a78a60"
[0m03:15:37.672310 [debug] [Thread-3 (]: Began compiling node test.sql_practice.not_null_stg_departments_department_id.ce7f6f5cf8
[0m03:15:37.672774 [debug] [Thread-1 (]: Began executing node test.sql_practice.not_null_products_product_id.33741cf88e
[0m03:15:37.675981 [debug] [Thread-3 (]: Writing injected SQL for node "test.sql_practice.not_null_stg_departments_department_id.ce7f6f5cf8"
[0m03:15:37.676420 [debug] [Thread-4 (]: Began executing node test.sql_practice.not_null_stg_customers_customer_id.e2cfb1f9aa
[0m03:15:37.678136 [debug] [Thread-1 (]: Writing runtime sql for node "test.sql_practice.not_null_products_product_id.33741cf88e"
[0m03:15:37.678364 [debug] [Thread-2 (]: Began executing node test.sql_practice.not_null_stg_customers_customer_name.5c92a78a60
[0m03:15:37.680250 [debug] [Thread-4 (]: Writing runtime sql for node "test.sql_practice.not_null_stg_customers_customer_id.e2cfb1f9aa"
[0m03:15:37.682096 [debug] [Thread-2 (]: Writing runtime sql for node "test.sql_practice.not_null_stg_customers_customer_name.5c92a78a60"
[0m03:15:37.682358 [debug] [Thread-3 (]: Began executing node test.sql_practice.not_null_stg_departments_department_id.ce7f6f5cf8
[0m03:15:37.682742 [debug] [Thread-1 (]: Using duckdb connection "test.sql_practice.not_null_products_product_id.33741cf88e"
[0m03:15:37.683117 [debug] [Thread-4 (]: Using duckdb connection "test.sql_practice.not_null_stg_customers_customer_id.e2cfb1f9aa"
[0m03:15:37.684784 [debug] [Thread-3 (]: Writing runtime sql for node "test.sql_practice.not_null_stg_departments_department_id.ce7f6f5cf8"
[0m03:15:37.685060 [debug] [Thread-2 (]: Using duckdb connection "test.sql_practice.not_null_stg_customers_customer_name.5c92a78a60"
[0m03:15:37.685267 [debug] [Thread-1 (]: On test.sql_practice.not_null_products_product_id.33741cf88e: BEGIN
[0m03:15:37.685491 [debug] [Thread-4 (]: On test.sql_practice.not_null_stg_customers_customer_id.e2cfb1f9aa: BEGIN
[0m03:15:37.685846 [debug] [Thread-2 (]: On test.sql_practice.not_null_stg_customers_customer_name.5c92a78a60: BEGIN
[0m03:15:37.686145 [debug] [Thread-3 (]: Using duckdb connection "test.sql_practice.not_null_stg_departments_department_id.ce7f6f5cf8"
[0m03:15:37.686404 [debug] [Thread-1 (]: Opening a new connection, currently in state closed
[0m03:15:37.686691 [debug] [Thread-4 (]: Opening a new connection, currently in state closed
[0m03:15:37.686893 [debug] [Thread-2 (]: Opening a new connection, currently in state closed
[0m03:15:37.687110 [debug] [Thread-3 (]: On test.sql_practice.not_null_stg_departments_department_id.ce7f6f5cf8: BEGIN
[0m03:15:37.687527 [debug] [Thread-3 (]: Opening a new connection, currently in state closed
[0m03:15:37.695904 [debug] [Thread-1 (]: SQL status: OK in 0.009 seconds
[0m03:15:37.696221 [debug] [Thread-2 (]: SQL status: OK in 0.009 seconds
[0m03:15:37.696447 [debug] [Thread-4 (]: SQL status: OK in 0.010 seconds
[0m03:15:37.696667 [debug] [Thread-1 (]: Using duckdb connection "test.sql_practice.not_null_products_product_id.33741cf88e"
[0m03:15:37.696891 [debug] [Thread-3 (]: SQL status: OK in 0.009 seconds
[0m03:15:37.697125 [debug] [Thread-2 (]: Using duckdb connection "test.sql_practice.not_null_stg_customers_customer_name.5c92a78a60"
[0m03:15:37.697341 [debug] [Thread-4 (]: Using duckdb connection "test.sql_practice.not_null_stg_customers_customer_id.e2cfb1f9aa"
[0m03:15:37.697561 [debug] [Thread-1 (]: On test.sql_practice.not_null_products_product_id.33741cf88e: /* {"app": "dbt", "dbt_version": "1.8.9", "profile_name": "sql_practice", "target_name": "dev", "node_id": "test.sql_practice.not_null_products_product_id.33741cf88e"} */

    select
      count(*) as failures,
      count(*) != 0 as should_warn,
      count(*) != 0 as should_error
    from (
      
    
  
    
    



select product_id
from "practice"."main"."products"
where product_id is null



  
  
      
    ) dbt_internal_test
[0m03:15:37.697787 [debug] [Thread-3 (]: Using duckdb connection "test.sql_practice.not_null_stg_departments_department_id.ce7f6f5cf8"
[0m03:15:37.698002 [debug] [Thread-2 (]: On test.sql_practice.not_null_stg_customers_customer_name.5c92a78a60: /* {"app": "dbt", "dbt_version": "1.8.9", "profile_name": "sql_practice", "target_name": "dev", "node_id": "test.sql_practice.not_null_stg_customers_customer_name.5c92a78a60"} */

    select
      count(*) as failures,
      count(*) != 0 as should_warn,
      count(*) != 0 as should_error
    from (
      
    
  
    
    



select customer_name
from "practice"."main"."stg_customers"
where customer_name is null



  
  
      
    ) dbt_internal_test
[0m03:15:37.698243 [debug] [Thread-4 (]: On test.sql_practice.not_null_stg_customers_customer_id.e2cfb1f9aa: /* {"app": "dbt", "dbt_version": "1.8.9", "profile_name": "sql_practice", "target_name": "dev", "node_id": "test.sql_practice.not_null_stg_customers_customer_id.e2cfb1f9aa"} */

    select
      count(*) as failures,
      count(*) != 0 as should_warn,
      count(*) != 0 as should_error
    from (
      
    
  
    
    



select customer_id
from "practice"."main"."stg_customers"
where customer_id is null



  
  
      
    ) dbt_internal_test
[0m03:15:37.698549 [debug] [Thread-3 (]: On test.sql_practice.not_null_stg_departments_department_id.ce7f6f5cf8: /* {"app": "dbt", "dbt_version": "1.8.9", "profile_name": "sql_practice", "target_name": "dev", "node_id": "test.sql_practice.not_null_stg_departments_department_id.ce7f6f5cf8"} */

    select
      count(*) as failures,
      count(*) != 0 as should_warn,
      count(*) != 0 as should_error
    from (
      
    
  
    
    



select department_id
from "practice"."main"."stg_departments"
where department_id is null



  
  
      
    ) dbt_internal_test
[0m03:15:37.699035 [debug] [Thread-1 (]: SQL status: OK in 0.001 seconds
[0m03:15:37.699386 [debug] [Thread-4 (]: SQL status: OK in 0.001 seconds
[0m03:15:37.700300 [debug] [Thread-1 (]: On test.sql_practice.not_null_products_product_id.33741cf88e: ROLLBACK
[0m03:15:37.700520 [debug] [Thread-3 (]: SQL status: OK in 0.002 seconds
[0m03:15:37.700721 [debug] [Thread-2 (]: SQL status: OK in 0.002 seconds
[0m03:15:37.701639 [debug] [Thread-4 (]: On test.sql_practice.not_null_stg_customers_customer_id.e2cfb1f9aa: ROLLBACK
[0m03:15:37.701981 [debug] [Thread-1 (]: Failed to rollback 'test.sql_practice.not_null_products_product_id.33741cf88e'
[0m03:15:37.702859 [debug] [Thread-3 (]: On test.sql_practice.not_null_stg_departments_department_id.ce7f6f5cf8: ROLLBACK
[0m03:15:37.703706 [debug] [Thread-2 (]: On test.sql_practice.not_null_stg_customers_customer_name.5c92a78a60: ROLLBACK
[0m03:15:37.704030 [debug] [Thread-4 (]: Failed to rollback 'test.sql_practice.not_null_stg_customers_customer_id.e2cfb1f9aa'
[0m03:15:37.704266 [debug] [Thread-1 (]: On test.sql_practice.not_null_products_product_id.33741cf88e: Close
[0m03:15:37.704553 [debug] [Thread-3 (]: Failed to rollback 'test.sql_practice.not_null_stg_departments_department_id.ce7f6f5cf8'
[0m03:15:37.704834 [debug] [Thread-2 (]: Failed to rollback 'test.sql_practice.not_null_stg_customers_customer_name.5c92a78a60'
[0m03:15:37.705054 [debug] [Thread-4 (]: On test.sql_practice.not_null_stg_customers_customer_id.e2cfb1f9aa: Close
[0m03:15:37.705477 [info ] [Thread-1 (]: 13 of 40 PASS not_null_products_product_id ..................................... [[32mPASS[0m in 0.05s]
[0m03:15:37.705771 [debug] [Thread-3 (]: On test.sql_practice.not_null_stg_departments_department_id.ce7f6f5cf8: Close
[0m03:15:37.706009 [debug] [Thread-2 (]: On test.sql_practice.not_null_stg_customers_customer_name.5c92a78a60: Close
[0m03:15:37.706389 [info ] [Thread-4 (]: 14 of 40 PASS not_null_stg_customers_customer_id ............................... [[32mPASS[0m in 0.05s]
[0m03:15:37.706763 [debug] [Thread-1 (]: Finished running node test.sql_practice.not_null_products_product_id.33741cf88e
[0m03:15:37.707139 [info ] [Thread-3 (]: 16 of 40 PASS not_null_stg_departments_department_id ........................... [[32mPASS[0m in 0.05s]
[0m03:15:37.707533 [debug] [Thread-4 (]: Finished running node test.sql_practice.not_null_stg_customers_customer_id.e2cfb1f9aa
[0m03:15:37.707957 [debug] [Thread-1 (]: Began running node test.sql_practice.not_null_stg_employees_employee_id.7f6f73d15b
[0m03:15:37.708522 [debug] [Thread-3 (]: Finished running node test.sql_practice.not_null_stg_departments_department_id.ce7f6f5cf8
[0m03:15:37.708858 [info ] [Thread-2 (]: 15 of 40 PASS not_null_stg_customers_customer_name ............................. [[32mPASS[0m in 0.05s]
[0m03:15:37.709148 [debug] [Thread-4 (]: Began running node test.sql_practice.not_null_stg_order_items_order_item_id.26a7e2bc35
[0m03:15:37.709421 [info ] [Thread-1 (]: 17 of 40 START test not_null_stg_employees_employee_id ......................... [RUN]
[0m03:15:37.709709 [debug] [Thread-3 (]: Began running node test.sql_practice.not_null_stg_orders_order_id.81cfe2fe64
[0m03:15:37.710063 [debug] [Thread-2 (]: Finished running node test.sql_practice.not_null_stg_customers_customer_name.5c92a78a60
[0m03:15:37.710310 [info ] [Thread-4 (]: 18 of 40 START test not_null_stg_order_items_order_item_id ..................... [RUN]
[0m03:15:37.710625 [debug] [Thread-1 (]: Re-using an available connection from the pool (formerly test.sql_practice.not_null_products_product_id.33741cf88e, now test.sql_practice.not_null_stg_employees_employee_id.7f6f73d15b)
[0m03:15:37.710884 [info ] [Thread-3 (]: 19 of 40 START test not_null_stg_orders_order_id ............................... [RUN]
[0m03:15:37.711184 [debug] [Thread-2 (]: Began running node test.sql_practice.not_null_stg_products_price.2d147627d4
[0m03:15:37.711462 [debug] [Thread-4 (]: Re-using an available connection from the pool (formerly test.sql_practice.not_null_stg_customers_customer_id.e2cfb1f9aa, now test.sql_practice.not_null_stg_order_items_order_item_id.26a7e2bc35)
[0m03:15:37.711683 [debug] [Thread-1 (]: Began compiling node test.sql_practice.not_null_stg_employees_employee_id.7f6f73d15b
[0m03:15:37.711945 [debug] [Thread-3 (]: Re-using an available connection from the pool (formerly test.sql_practice.not_null_stg_departments_department_id.ce7f6f5cf8, now test.sql_practice.not_null_stg_orders_order_id.81cfe2fe64)
[0m03:15:37.712183 [info ] [Thread-2 (]: 20 of 40 START test not_null_stg_products_price ................................ [RUN]
[0m03:15:37.712465 [debug] [Thread-4 (]: Began compiling node test.sql_practice.not_null_stg_order_items_order_item_id.26a7e2bc35
[0m03:15:37.715807 [debug] [Thread-1 (]: Writing injected SQL for node "test.sql_practice.not_null_stg_employees_employee_id.7f6f73d15b"
[0m03:15:37.716162 [debug] [Thread-3 (]: Began compiling node test.sql_practice.not_null_stg_orders_order_id.81cfe2fe64
[0m03:15:37.716467 [debug] [Thread-2 (]: Re-using an available connection from the pool (formerly test.sql_practice.not_null_stg_customers_customer_name.5c92a78a60, now test.sql_practice.not_null_stg_products_price.2d147627d4)
[0m03:15:37.719368 [debug] [Thread-4 (]: Writing injected SQL for node "test.sql_practice.not_null_stg_order_items_order_item_id.26a7e2bc35"
[0m03:15:37.722325 [debug] [Thread-3 (]: Writing injected SQL for node "test.sql_practice.not_null_stg_orders_order_id.81cfe2fe64"
[0m03:15:37.722680 [debug] [Thread-2 (]: Began compiling node test.sql_practice.not_null_stg_products_price.2d147627d4
[0m03:15:37.722902 [debug] [Thread-1 (]: Began executing node test.sql_practice.not_null_stg_employees_employee_id.7f6f73d15b
[0m03:15:37.723294 [debug] [Thread-4 (]: Began executing node test.sql_practice.not_null_stg_order_items_order_item_id.26a7e2bc35
[0m03:15:37.727551 [debug] [Thread-2 (]: Writing injected SQL for node "test.sql_practice.not_null_stg_products_price.2d147627d4"
[0m03:15:37.727880 [debug] [Thread-3 (]: Began executing node test.sql_practice.not_null_stg_orders_order_id.81cfe2fe64
[0m03:15:37.729777 [debug] [Thread-1 (]: Writing runtime sql for node "test.sql_practice.not_null_stg_employees_employee_id.7f6f73d15b"
[0m03:15:37.731550 [debug] [Thread-4 (]: Writing runtime sql for node "test.sql_practice.not_null_stg_order_items_order_item_id.26a7e2bc35"
[0m03:15:37.733231 [debug] [Thread-3 (]: Writing runtime sql for node "test.sql_practice.not_null_stg_orders_order_id.81cfe2fe64"
[0m03:15:37.733536 [debug] [Thread-2 (]: Began executing node test.sql_practice.not_null_stg_products_price.2d147627d4
[0m03:15:37.733898 [debug] [Thread-1 (]: Using duckdb connection "test.sql_practice.not_null_stg_employees_employee_id.7f6f73d15b"
[0m03:15:37.734240 [debug] [Thread-4 (]: Using duckdb connection "test.sql_practice.not_null_stg_order_items_order_item_id.26a7e2bc35"
[0m03:15:37.735847 [debug] [Thread-2 (]: Writing runtime sql for node "test.sql_practice.not_null_stg_products_price.2d147627d4"
[0m03:15:37.736177 [debug] [Thread-3 (]: Using duckdb connection "test.sql_practice.not_null_stg_orders_order_id.81cfe2fe64"
[0m03:15:37.736398 [debug] [Thread-1 (]: On test.sql_practice.not_null_stg_employees_employee_id.7f6f73d15b: BEGIN
[0m03:15:37.736635 [debug] [Thread-4 (]: On test.sql_practice.not_null_stg_order_items_order_item_id.26a7e2bc35: BEGIN
[0m03:15:37.736909 [debug] [Thread-3 (]: On test.sql_practice.not_null_stg_orders_order_id.81cfe2fe64: BEGIN
[0m03:15:37.737154 [debug] [Thread-2 (]: Using duckdb connection "test.sql_practice.not_null_stg_products_price.2d147627d4"
[0m03:15:37.737342 [debug] [Thread-1 (]: Opening a new connection, currently in state closed
[0m03:15:37.737549 [debug] [Thread-4 (]: Opening a new connection, currently in state closed
[0m03:15:37.737765 [debug] [Thread-3 (]: Opening a new connection, currently in state closed
[0m03:15:37.737987 [debug] [Thread-2 (]: On test.sql_practice.not_null_stg_products_price.2d147627d4: BEGIN
[0m03:15:37.738407 [debug] [Thread-2 (]: Opening a new connection, currently in state closed
[0m03:15:37.746840 [debug] [Thread-1 (]: SQL status: OK in 0.009 seconds
[0m03:15:37.747160 [debug] [Thread-4 (]: SQL status: OK in 0.010 seconds
[0m03:15:37.747377 [debug] [Thread-3 (]: SQL status: OK in 0.010 seconds
[0m03:15:37.747574 [debug] [Thread-1 (]: Using duckdb connection "test.sql_practice.not_null_stg_employees_employee_id.7f6f73d15b"
[0m03:15:37.747785 [debug] [Thread-2 (]: SQL status: OK in 0.009 seconds
[0m03:15:37.747985 [debug] [Thread-4 (]: Using duckdb connection "test.sql_practice.not_null_stg_order_items_order_item_id.26a7e2bc35"
[0m03:15:37.748178 [debug] [Thread-3 (]: Using duckdb connection "test.sql_practice.not_null_stg_orders_order_id.81cfe2fe64"
[0m03:15:37.748399 [debug] [Thread-1 (]: On test.sql_practice.not_null_stg_employees_employee_id.7f6f73d15b: /* {"app": "dbt", "dbt_version": "1.8.9", "profile_name": "sql_practice", "target_name": "dev", "node_id": "test.sql_practice.not_null_stg_employees_employee_id.7f6f73d15b"} */

    select
      count(*) as failures,
      count(*) != 0 as should_warn,
      count(*) != 0 as should_error
    from (
      
    
  
    
    



select employee_id
from "practice"."main"."stg_employees"
where employee_id is null



  
  
      
    ) dbt_internal_test
[0m03:15:37.748616 [debug] [Thread-2 (]: Using duckdb connection "test.sql_practice.not_null_stg_products_price.2d147627d4"
[0m03:15:37.748820 [debug] [Thread-4 (]: On test.sql_practice.not_null_stg_order_items_order_item_id.26a7e2bc35: /* {"app": "dbt", "dbt_version": "1.8.9", "profile_name": "sql_practice", "target_name": "dev", "node_id": "test.sql_practice.not_null_stg_order_items_order_item_id.26a7e2bc35"} */

    select
      count(*) as failures,
      count(*) != 0 as should_warn,
      count(*) != 0 as should_error
    from (
      
    
  
    
    



select order_item_id
from "practice"."main"."stg_order_items"
where order_item_id is null



  
  
      
    ) dbt_internal_test
[0m03:15:37.749029 [debug] [Thread-3 (]: On test.sql_practice.not_null_stg_orders_order_id.81cfe2fe64: /* {"app": "dbt", "dbt_version": "1.8.9", "profile_name": "sql_practice", "target_name": "dev", "node_id": "test.sql_practice.not_null_stg_orders_order_id.81cfe2fe64"} */

    select
      count(*) as failures,
      count(*) != 0 as should_warn,
      count(*) != 0 as should_error
    from (
      
    
  
    
    



select order_id
from "practice"."main"."stg_orders"
where order_id is null



  
  
      
    ) dbt_internal_test
[0m03:15:37.749372 [debug] [Thread-2 (]: On test.sql_practice.not_null_stg_products_price.2d147627d4: /* {"app": "dbt", "dbt_version": "1.8.9", "profile_name": "sql_practice", "target_name": "dev", "node_id": "test.sql_practice.not_null_stg_products_price.2d147627d4"} */

    select
      count(*) as failures,
      count(*) != 0 as should_warn,
      count(*) != 0 as should_error
    from (
      
    
  
    
    



select price
from "practice"."main"."stg_products"
where price is null



  
  
      
    ) dbt_internal_test
[0m03:15:37.750027 [debug] [Thread-1 (]: SQL status: OK in 0.001 seconds
[0m03:15:37.750372 [debug] [Thread-4 (]: SQL status: OK in 0.001 seconds
[0m03:15:37.750599 [debug] [Thread-3 (]: SQL status: OK in 0.001 seconds
[0m03:15:37.750811 [debug] [Thread-2 (]: SQL status: OK in 0.001 seconds
[0m03:15:37.751726 [debug] [Thread-1 (]: On test.sql_practice.not_null_stg_employees_employee_id.7f6f73d15b: ROLLBACK
[0m03:15:37.752665 [debug] [Thread-4 (]: On test.sql_practice.not_null_stg_order_items_order_item_id.26a7e2bc35: ROLLBACK
[0m03:15:37.753538 [debug] [Thread-3 (]: On test.sql_practice.not_null_stg_orders_order_id.81cfe2fe64: ROLLBACK
[0m03:15:37.754382 [debug] [Thread-2 (]: On test.sql_practice.not_null_stg_products_price.2d147627d4: ROLLBACK
[0m03:15:37.754720 [debug] [Thread-1 (]: Failed to rollback 'test.sql_practice.not_null_stg_employees_employee_id.7f6f73d15b'
[0m03:15:37.755031 [debug] [Thread-4 (]: Failed to rollback 'test.sql_practice.not_null_stg_order_items_order_item_id.26a7e2bc35'
[0m03:15:37.755324 [debug] [Thread-3 (]: Failed to rollback 'test.sql_practice.not_null_stg_orders_order_id.81cfe2fe64'
[0m03:15:37.755600 [debug] [Thread-2 (]: Failed to rollback 'test.sql_practice.not_null_stg_products_price.2d147627d4'
[0m03:15:37.755809 [debug] [Thread-1 (]: On test.sql_practice.not_null_stg_employees_employee_id.7f6f73d15b: Close
[0m03:15:37.756015 [debug] [Thread-4 (]: On test.sql_practice.not_null_stg_order_items_order_item_id.26a7e2bc35: Close
[0m03:15:37.756217 [debug] [Thread-3 (]: On test.sql_practice.not_null_stg_orders_order_id.81cfe2fe64: Close
[0m03:15:37.756412 [debug] [Thread-2 (]: On test.sql_practice.not_null_stg_products_price.2d147627d4: Close
[0m03:15:37.756815 [info ] [Thread-1 (]: 17 of 40 PASS not_null_stg_employees_employee_id ............................... [[32mPASS[0m in 0.05s]
[0m03:15:37.757175 [info ] [Thread-4 (]: 18 of 40 PASS not_null_stg_order_items_order_item_id ........................... [[32mPASS[0m in 0.05s]
[0m03:15:37.757563 [info ] [Thread-3 (]: 19 of 40 PASS not_null_stg_orders_order_id ..................................... [[32mPASS[0m in 0.05s]
[0m03:15:37.758068 [debug] [Thread-1 (]: Finished running node test.sql_practice.not_null_stg_employees_employee_id.7f6f73d15b
[0m03:15:37.758465 [debug] [Thread-4 (]: Finished running node test.sql_practice.not_null_stg_order_items_order_item_id.26a7e2bc35
[0m03:15:37.758927 [debug] [Thread-3 (]: Finished running node test.sql_practice.not_null_stg_orders_order_id.81cfe2fe64
[0m03:15:37.759582 [debug] [Thread-1 (]: Began running node test.sql_practice.not_null_stg_products_product_id.6373b0acf3
[0m03:15:37.759314 [info ] [Thread-2 (]: 20 of 40 PASS not_null_stg_products_price ...................................... [[32mPASS[0m in 0.04s]
[0m03:15:37.759932 [debug] [Thread-4 (]: Began running node test.sql_practice.relationships_employees_department_id__department_id__ref_departments_.5e35299f8b
[0m03:15:37.760225 [debug] [Thread-3 (]: Began running node test.sql_practice.relationships_fct_order_items_customer_id__customer_id__ref_stg_customers_.54fcedda52
[0m03:15:37.760478 [info ] [Thread-1 (]: 21 of 40 START test not_null_stg_products_product_id ........................... [RUN]
[0m03:15:37.760822 [debug] [Thread-2 (]: Finished running node test.sql_practice.not_null_stg_products_price.2d147627d4
[0m03:15:37.761056 [info ] [Thread-4 (]: 22 of 40 START test relationships_employees_department_id__department_id__ref_departments_  [RUN]
[0m03:15:37.761327 [info ] [Thread-3 (]: 23 of 40 START test relationships_fct_order_items_customer_id__customer_id__ref_stg_customers_  [RUN]
[0m03:15:37.761652 [debug] [Thread-1 (]: Re-using an available connection from the pool (formerly test.sql_practice.not_null_stg_employees_employee_id.7f6f73d15b, now test.sql_practice.not_null_stg_products_product_id.6373b0acf3)
[0m03:15:37.761968 [debug] [Thread-2 (]: Began running node test.sql_practice.relationships_order_items_order_id__order_id__ref_orders_.a799023ee8
[0m03:15:37.762267 [debug] [Thread-4 (]: Re-using an available connection from the pool (formerly test.sql_practice.not_null_stg_order_items_order_item_id.26a7e2bc35, now test.sql_practice.relationships_employees_department_id__department_id__ref_departments_.5e35299f8b)
[0m03:15:37.762521 [debug] [Thread-3 (]: Re-using an available connection from the pool (formerly test.sql_practice.not_null_stg_orders_order_id.81cfe2fe64, now test.sql_practice.relationships_fct_order_items_customer_id__customer_id__ref_stg_customers_.54fcedda52)
[0m03:15:37.762757 [debug] [Thread-1 (]: Began compiling node test.sql_practice.not_null_stg_products_product_id.6373b0acf3
[0m03:15:37.763025 [info ] [Thread-2 (]: 24 of 40 START test relationships_order_items_order_id__order_id__ref_orders_ .. [RUN]
[0m03:15:37.763271 [debug] [Thread-4 (]: Began compiling node test.sql_practice.relationships_employees_department_id__department_id__ref_departments_.5e35299f8b
[0m03:15:37.763486 [debug] [Thread-3 (]: Began compiling node test.sql_practice.relationships_fct_order_items_customer_id__customer_id__ref_stg_customers_.54fcedda52
[0m03:15:37.766864 [debug] [Thread-1 (]: Writing injected SQL for node "test.sql_practice.not_null_stg_products_product_id.6373b0acf3"
[0m03:15:37.767278 [debug] [Thread-2 (]: Re-using an available connection from the pool (formerly test.sql_practice.not_null_stg_products_price.2d147627d4, now test.sql_practice.relationships_order_items_order_id__order_id__ref_orders_.a799023ee8)
[0m03:15:37.773170 [debug] [Thread-4 (]: Writing injected SQL for node "test.sql_practice.relationships_employees_department_id__department_id__ref_departments_.5e35299f8b"
[0m03:15:37.777393 [debug] [Thread-3 (]: Writing injected SQL for node "test.sql_practice.relationships_fct_order_items_customer_id__customer_id__ref_stg_customers_.54fcedda52"
[0m03:15:37.777897 [debug] [Thread-2 (]: Began compiling node test.sql_practice.relationships_order_items_order_id__order_id__ref_orders_.a799023ee8
[0m03:15:37.778160 [debug] [Thread-1 (]: Began executing node test.sql_practice.not_null_stg_products_product_id.6373b0acf3
[0m03:15:37.778522 [debug] [Thread-4 (]: Began executing node test.sql_practice.relationships_employees_department_id__department_id__ref_departments_.5e35299f8b
[0m03:15:37.782059 [debug] [Thread-2 (]: Writing injected SQL for node "test.sql_practice.relationships_order_items_order_id__order_id__ref_orders_.a799023ee8"
[0m03:15:37.783864 [debug] [Thread-1 (]: Writing runtime sql for node "test.sql_practice.not_null_stg_products_product_id.6373b0acf3"
[0m03:15:37.784148 [debug] [Thread-3 (]: Began executing node test.sql_practice.relationships_fct_order_items_customer_id__customer_id__ref_stg_customers_.54fcedda52
[0m03:15:37.787059 [debug] [Thread-4 (]: Writing runtime sql for node "test.sql_practice.relationships_employees_department_id__department_id__ref_departments_.5e35299f8b"
[0m03:15:37.788944 [debug] [Thread-3 (]: Writing runtime sql for node "test.sql_practice.relationships_fct_order_items_customer_id__customer_id__ref_stg_customers_.54fcedda52"
[0m03:15:37.789216 [debug] [Thread-2 (]: Began executing node test.sql_practice.relationships_order_items_order_id__order_id__ref_orders_.a799023ee8
[0m03:15:37.789470 [debug] [Thread-1 (]: Using duckdb connection "test.sql_practice.not_null_stg_products_product_id.6373b0acf3"
[0m03:15:37.789860 [debug] [Thread-4 (]: Using duckdb connection "test.sql_practice.relationships_employees_department_id__department_id__ref_departments_.5e35299f8b"
[0m03:15:37.791426 [debug] [Thread-2 (]: Writing runtime sql for node "test.sql_practice.relationships_order_items_order_id__order_id__ref_orders_.a799023ee8"
[0m03:15:37.791676 [debug] [Thread-1 (]: On test.sql_practice.not_null_stg_products_product_id.6373b0acf3: BEGIN
[0m03:15:37.791909 [debug] [Thread-3 (]: Using duckdb connection "test.sql_practice.relationships_fct_order_items_customer_id__customer_id__ref_stg_customers_.54fcedda52"
[0m03:15:37.792158 [debug] [Thread-4 (]: On test.sql_practice.relationships_employees_department_id__department_id__ref_departments_.5e35299f8b: BEGIN
[0m03:15:37.792429 [debug] [Thread-1 (]: Opening a new connection, currently in state closed
[0m03:15:37.792676 [debug] [Thread-2 (]: Using duckdb connection "test.sql_practice.relationships_order_items_order_id__order_id__ref_orders_.a799023ee8"
[0m03:15:37.792869 [debug] [Thread-3 (]: On test.sql_practice.relationships_fct_order_items_customer_id__customer_id__ref_stg_customers_.54fcedda52: BEGIN
[0m03:15:37.793082 [debug] [Thread-4 (]: Opening a new connection, currently in state closed
[0m03:15:37.793443 [debug] [Thread-2 (]: On test.sql_practice.relationships_order_items_order_id__order_id__ref_orders_.a799023ee8: BEGIN
[0m03:15:37.793644 [debug] [Thread-3 (]: Opening a new connection, currently in state closed
[0m03:15:37.793857 [debug] [Thread-2 (]: Opening a new connection, currently in state closed
[0m03:15:37.801726 [debug] [Thread-1 (]: SQL status: OK in 0.009 seconds
[0m03:15:37.801995 [debug] [Thread-3 (]: SQL status: OK in 0.008 seconds
[0m03:15:37.802198 [debug] [Thread-4 (]: SQL status: OK in 0.009 seconds
[0m03:15:37.802395 [debug] [Thread-2 (]: SQL status: OK in 0.009 seconds
[0m03:15:37.802590 [debug] [Thread-1 (]: Using duckdb connection "test.sql_practice.not_null_stg_products_product_id.6373b0acf3"
[0m03:15:37.802795 [debug] [Thread-3 (]: Using duckdb connection "test.sql_practice.relationships_fct_order_items_customer_id__customer_id__ref_stg_customers_.54fcedda52"
[0m03:15:37.802991 [debug] [Thread-4 (]: Using duckdb connection "test.sql_practice.relationships_employees_department_id__department_id__ref_departments_.5e35299f8b"
[0m03:15:37.803175 [debug] [Thread-2 (]: Using duckdb connection "test.sql_practice.relationships_order_items_order_id__order_id__ref_orders_.a799023ee8"
[0m03:15:37.803404 [debug] [Thread-1 (]: On test.sql_practice.not_null_stg_products_product_id.6373b0acf3: /* {"app": "dbt", "dbt_version": "1.8.9", "profile_name": "sql_practice", "target_name": "dev", "node_id": "test.sql_practice.not_null_stg_products_product_id.6373b0acf3"} */

    select
      count(*) as failures,
      count(*) != 0 as should_warn,
      count(*) != 0 as should_error
    from (
      
    
  
    
    



select product_id
from "practice"."main"."stg_products"
where product_id is null



  
  
      
    ) dbt_internal_test
[0m03:15:37.803638 [debug] [Thread-3 (]: On test.sql_practice.relationships_fct_order_items_customer_id__customer_id__ref_stg_customers_.54fcedda52: /* {"app": "dbt", "dbt_version": "1.8.9", "profile_name": "sql_practice", "target_name": "dev", "node_id": "test.sql_practice.relationships_fct_order_items_customer_id__customer_id__ref_stg_customers_.54fcedda52"} */

    select
      count(*) as failures,
      count(*) != 0 as should_warn,
      count(*) != 0 as should_error
    from (
      
    
  
    
    

with child as (
    select customer_id as from_field
    from "practice"."main"."fct_order_items"
    where customer_id is not null
),

parent as (
    select customer_id as to_field
    from "practice"."main"."stg_customers"
)

select
    from_field

from child
left join parent
    on child.from_field = parent.to_field

where parent.to_field is null



  
  
      
    ) dbt_internal_test
[0m03:15:37.803901 [debug] [Thread-4 (]: On test.sql_practice.relationships_employees_department_id__department_id__ref_departments_.5e35299f8b: /* {"app": "dbt", "dbt_version": "1.8.9", "profile_name": "sql_practice", "target_name": "dev", "node_id": "test.sql_practice.relationships_employees_department_id__department_id__ref_departments_.5e35299f8b"} */

    select
      count(*) as failures,
      count(*) != 0 as should_warn,
      count(*) != 0 as should_error
    from (
      
    
  
    
    

with child as (
    select department_id as from_field
    from "practice"."main"."employees"
    where department_id is not null
),

parent as (
    select department_id as to_field
    from "practice"."main"."departments"
)

select
    from_field

from child
left join parent
    on child.from_field = parent.to_field

where parent.to_field is null



  
  
      
    ) dbt_internal_test
[0m03:15:37.804118 [debug] [Thread-2 (]: On test.sql_practice.relationships_order_items_order_id__order_id__ref_orders_.a799023ee8: /* {"app": "dbt", "dbt_version": "1.8.9", "profile_name": "sql_practice", "target_name": "dev", "node_id": "test.sql_practice.relationships_order_items_order_id__order_id__ref_orders_.a799023ee8"} */

    select
      count(*) as failures,
      count(*) != 0 as should_warn,
      count(*) != 0 as should_error
    from (
      
    
  
    
    

with child as (
    select order_id as from_field
    from "practice"."main"."order_items"
    where order_id is not null
),

parent as (
    select order_id as to_field
    from "practice"."main"."orders"
)

select
    from_field

from child
left join parent
    on child.from_field = parent.to_field

where parent.to_field is null



  
  
      
    ) dbt_internal_test
[0m03:15:37.804948 [debug] [Thread-1 (]: SQL status: OK in 0.001 seconds
[0m03:15:37.806269 [debug] [Thread-1 (]: On test.sql_practice.not_null_stg_products_product_id.6373b0acf3: ROLLBACK
[0m03:15:37.806524 [debug] [Thread-3 (]: SQL status: OK in 0.002 seconds
[0m03:15:37.806743 [debug] [Thread-2 (]: SQL status: OK in 0.002 seconds
[0m03:15:37.806946 [debug] [Thread-4 (]: SQL status: OK in 0.002 seconds
[0m03:15:37.807317 [debug] [Thread-1 (]: Failed to rollback 'test.sql_practice.not_null_stg_products_product_id.6373b0acf3'
[0m03:15:37.808291 [debug] [Thread-3 (]: On test.sql_practice.relationships_fct_order_items_customer_id__customer_id__ref_stg_customers_.54fcedda52: ROLLBACK
[0m03:15:37.809162 [debug] [Thread-2 (]: On test.sql_practice.relationships_order_items_order_id__order_id__ref_orders_.a799023ee8: ROLLBACK
[0m03:15:37.809385 [debug] [Thread-1 (]: On test.sql_practice.not_null_stg_products_product_id.6373b0acf3: Close
[0m03:15:37.810091 [debug] [Thread-4 (]: On test.sql_practice.relationships_employees_department_id__department_id__ref_departments_.5e35299f8b: ROLLBACK
[0m03:15:37.810440 [debug] [Thread-3 (]: Failed to rollback 'test.sql_practice.relationships_fct_order_items_customer_id__customer_id__ref_stg_customers_.54fcedda52'
[0m03:15:37.810756 [debug] [Thread-2 (]: Failed to rollback 'test.sql_practice.relationships_order_items_order_id__order_id__ref_orders_.a799023ee8'
[0m03:15:37.811135 [info ] [Thread-1 (]: 21 of 40 PASS not_null_stg_products_product_id ................................. [[32mPASS[0m in 0.05s]
[0m03:15:37.811493 [debug] [Thread-4 (]: Failed to rollback 'test.sql_practice.relationships_employees_department_id__department_id__ref_departments_.5e35299f8b'
[0m03:15:37.811724 [debug] [Thread-3 (]: On test.sql_practice.relationships_fct_order_items_customer_id__customer_id__ref_stg_customers_.54fcedda52: Close
[0m03:15:37.811932 [debug] [Thread-2 (]: On test.sql_practice.relationships_order_items_order_id__order_id__ref_orders_.a799023ee8: Close
[0m03:15:37.812265 [debug] [Thread-1 (]: Finished running node test.sql_practice.not_null_stg_products_product_id.6373b0acf3
[0m03:15:37.812467 [debug] [Thread-4 (]: On test.sql_practice.relationships_employees_department_id__department_id__ref_departments_.5e35299f8b: Close
[0m03:15:37.812819 [info ] [Thread-3 (]: 23 of 40 PASS relationships_fct_order_items_customer_id__customer_id__ref_stg_customers_  [[32mPASS[0m in 0.05s]
[0m03:15:37.813405 [debug] [Thread-1 (]: Began running node test.sql_practice.relationships_order_items_product_id__product_id__ref_products_.9b6843cc04
[0m03:15:37.813173 [info ] [Thread-2 (]: 24 of 40 PASS relationships_order_items_order_id__order_id__ref_orders_ ........ [[32mPASS[0m in 0.05s]
[0m03:15:37.813849 [debug] [Thread-3 (]: Finished running node test.sql_practice.relationships_fct_order_items_customer_id__customer_id__ref_stg_customers_.54fcedda52
[0m03:15:37.814247 [info ] [Thread-1 (]: 25 of 40 START test relationships_order_items_product_id__product_id__ref_products_  [RUN]
[0m03:15:37.814774 [debug] [Thread-2 (]: Finished running node test.sql_practice.relationships_order_items_order_id__order_id__ref_orders_.a799023ee8
[0m03:15:37.815138 [debug] [Thread-3 (]: Began running node test.sql_practice.relationships_orders_customer_id__customer_id__ref_customers_.c6ec7f58f2
[0m03:15:37.815490 [info ] [Thread-4 (]: 22 of 40 PASS relationships_employees_department_id__department_id__ref_departments_  [[32mPASS[0m in 0.05s]
[0m03:15:37.815791 [debug] [Thread-1 (]: Re-using an available connection from the pool (formerly test.sql_practice.not_null_stg_products_product_id.6373b0acf3, now test.sql_practice.relationships_order_items_product_id__product_id__ref_products_.9b6843cc04)
[0m03:15:37.816064 [debug] [Thread-2 (]: Began running node test.sql_practice.relationships_stg_orders_customer_id__customer_id__ref_stg_customers_.430bf21500
[0m03:15:37.816355 [info ] [Thread-3 (]: 26 of 40 START test relationships_orders_customer_id__customer_id__ref_customers_  [RUN]
[0m03:15:37.816687 [debug] [Thread-4 (]: Finished running node test.sql_practice.relationships_employees_department_id__department_id__ref_departments_.5e35299f8b
[0m03:15:37.816913 [debug] [Thread-1 (]: Began compiling node test.sql_practice.relationships_order_items_product_id__product_id__ref_products_.9b6843cc04
[0m03:15:37.817161 [info ] [Thread-2 (]: 27 of 40 START test relationships_stg_orders_customer_id__customer_id__ref_stg_customers_  [RUN]
[0m03:15:37.817439 [debug] [Thread-3 (]: Re-using an available connection from the pool (formerly test.sql_practice.relationships_fct_order_items_customer_id__customer_id__ref_stg_customers_.54fcedda52, now test.sql_practice.relationships_orders_customer_id__customer_id__ref_customers_.c6ec7f58f2)
[0m03:15:37.817689 [debug] [Thread-4 (]: Began running node test.sql_practice.unique_customers_customer_id.c5af1ff4b1
[0m03:15:37.821947 [debug] [Thread-1 (]: Writing injected SQL for node "test.sql_practice.relationships_order_items_product_id__product_id__ref_products_.9b6843cc04"
[0m03:15:37.822346 [debug] [Thread-2 (]: Re-using an available connection from the pool (formerly test.sql_practice.relationships_order_items_order_id__order_id__ref_orders_.a799023ee8, now test.sql_practice.relationships_stg_orders_customer_id__customer_id__ref_stg_customers_.430bf21500)
[0m03:15:37.822640 [debug] [Thread-3 (]: Began compiling node test.sql_practice.relationships_orders_customer_id__customer_id__ref_customers_.c6ec7f58f2
[0m03:15:37.822913 [info ] [Thread-4 (]: 28 of 40 START test unique_customers_customer_id ............................... [RUN]
[0m03:15:37.823232 [debug] [Thread-2 (]: Began compiling node test.sql_practice.relationships_stg_orders_customer_id__customer_id__ref_stg_customers_.430bf21500
[0m03:15:37.827148 [debug] [Thread-3 (]: Writing injected SQL for node "test.sql_practice.relationships_orders_customer_id__customer_id__ref_customers_.c6ec7f58f2"
[0m03:15:37.827461 [debug] [Thread-1 (]: Began executing node test.sql_practice.relationships_order_items_product_id__product_id__ref_products_.9b6843cc04
[0m03:15:37.827797 [debug] [Thread-4 (]: Re-using an available connection from the pool (formerly test.sql_practice.relationships_employees_department_id__department_id__ref_departments_.5e35299f8b, now test.sql_practice.unique_customers_customer_id.c5af1ff4b1)
[0m03:15:37.831719 [debug] [Thread-2 (]: Writing injected SQL for node "test.sql_practice.relationships_stg_orders_customer_id__customer_id__ref_stg_customers_.430bf21500"
[0m03:15:37.833913 [debug] [Thread-1 (]: Writing runtime sql for node "test.sql_practice.relationships_order_items_product_id__product_id__ref_products_.9b6843cc04"
[0m03:15:37.834298 [debug] [Thread-3 (]: Began executing node test.sql_practice.relationships_orders_customer_id__customer_id__ref_customers_.c6ec7f58f2
[0m03:15:37.834521 [debug] [Thread-4 (]: Began compiling node test.sql_practice.unique_customers_customer_id.c5af1ff4b1
[0m03:15:37.836630 [debug] [Thread-3 (]: Writing runtime sql for node "test.sql_practice.relationships_orders_customer_id__customer_id__ref_customers_.c6ec7f58f2"
[0m03:15:37.836962 [debug] [Thread-2 (]: Began executing node test.sql_practice.relationships_stg_orders_customer_id__customer_id__ref_stg_customers_.430bf21500
[0m03:15:37.837254 [debug] [Thread-1 (]: Using duckdb connection "test.sql_practice.relationships_order_items_product_id__product_id__ref_products_.9b6843cc04"
[0m03:15:37.841775 [debug] [Thread-4 (]: Writing injected SQL for node "test.sql_practice.unique_customers_customer_id.c5af1ff4b1"
[0m03:15:37.843665 [debug] [Thread-2 (]: Writing runtime sql for node "test.sql_practice.relationships_stg_orders_customer_id__customer_id__ref_stg_customers_.430bf21500"
[0m03:15:37.844037 [debug] [Thread-1 (]: On test.sql_practice.relationships_order_items_product_id__product_id__ref_products_.9b6843cc04: BEGIN
[0m03:15:37.844334 [debug] [Thread-3 (]: Using duckdb connection "test.sql_practice.relationships_orders_customer_id__customer_id__ref_customers_.c6ec7f58f2"
[0m03:15:37.844707 [debug] [Thread-1 (]: Opening a new connection, currently in state closed
[0m03:15:37.844959 [debug] [Thread-4 (]: Began executing node test.sql_practice.unique_customers_customer_id.c5af1ff4b1
[0m03:15:37.845201 [debug] [Thread-2 (]: Using duckdb connection "test.sql_practice.relationships_stg_orders_customer_id__customer_id__ref_stg_customers_.430bf21500"
[0m03:15:37.845399 [debug] [Thread-3 (]: On test.sql_practice.relationships_orders_customer_id__customer_id__ref_customers_.c6ec7f58f2: BEGIN
[0m03:15:37.848509 [debug] [Thread-4 (]: Writing runtime sql for node "test.sql_practice.unique_customers_customer_id.c5af1ff4b1"
[0m03:15:37.848838 [debug] [Thread-2 (]: On test.sql_practice.relationships_stg_orders_customer_id__customer_id__ref_stg_customers_.430bf21500: BEGIN
[0m03:15:37.849105 [debug] [Thread-3 (]: Opening a new connection, currently in state closed
[0m03:15:37.849416 [debug] [Thread-2 (]: Opening a new connection, currently in state closed
[0m03:15:37.849737 [debug] [Thread-4 (]: Using duckdb connection "test.sql_practice.unique_customers_customer_id.c5af1ff4b1"
[0m03:15:37.849967 [debug] [Thread-4 (]: On test.sql_practice.unique_customers_customer_id.c5af1ff4b1: BEGIN
[0m03:15:37.850151 [debug] [Thread-4 (]: Opening a new connection, currently in state closed
[0m03:15:37.854795 [debug] [Thread-3 (]: SQL status: OK in 0.006 seconds
[0m03:15:37.855117 [debug] [Thread-1 (]: SQL status: OK in 0.010 seconds
[0m03:15:37.855367 [debug] [Thread-3 (]: Using duckdb connection "test.sql_practice.relationships_orders_customer_id__customer_id__ref_customers_.c6ec7f58f2"
[0m03:15:37.855591 [debug] [Thread-2 (]: SQL status: OK in 0.006 seconds
[0m03:15:37.855778 [debug] [Thread-4 (]: SQL status: OK in 0.006 seconds
[0m03:15:37.856020 [debug] [Thread-1 (]: Using duckdb connection "test.sql_practice.relationships_order_items_product_id__product_id__ref_products_.9b6843cc04"
[0m03:15:37.856256 [debug] [Thread-3 (]: On test.sql_practice.relationships_orders_customer_id__customer_id__ref_customers_.c6ec7f58f2: /* {"app": "dbt", "dbt_version": "1.8.9", "profile_name": "sql_practice", "target_name": "dev", "node_id": "test.sql_practice.relationships_orders_customer_id__customer_id__ref_customers_.c6ec7f58f2"} */

    select
      count(*) as failures,
      count(*) != 0 as should_warn,
      count(*) != 0 as should_error
    from (
      
    
  
    
    

with child as (
    select customer_id as from_field
    from "practice"."main"."orders"
    where customer_id is not null
),

parent as (
    select customer_id as to_field
    from "practice"."main"."customers"
)

select
    from_field

from child
left join parent
    on child.from_field = parent.to_field

where parent.to_field is null



  
  
      
    ) dbt_internal_test
[0m03:15:37.856483 [debug] [Thread-2 (]: Using duckdb connection "test.sql_practice.relationships_stg_orders_customer_id__customer_id__ref_stg_customers_.430bf21500"
[0m03:15:37.856677 [debug] [Thread-4 (]: Using duckdb connection "test.sql_practice.unique_customers_customer_id.c5af1ff4b1"
[0m03:15:37.856903 [debug] [Thread-1 (]: On test.sql_practice.relationships_order_items_product_id__product_id__ref_products_.9b6843cc04: /* {"app": "dbt", "dbt_version": "1.8.9", "profile_name": "sql_practice", "target_name": "dev", "node_id": "test.sql_practice.relationships_order_items_product_id__product_id__ref_products_.9b6843cc04"} */

    select
      count(*) as failures,
      count(*) != 0 as should_warn,
      count(*) != 0 as should_error
    from (
      
    
  
    
    

with child as (
    select product_id as from_field
    from "practice"."main"."order_items"
    where product_id is not null
),

parent as (
    select product_id as to_field
    from "practice"."main"."products"
)

select
    from_field

from child
left join parent
    on child.from_field = parent.to_field

where parent.to_field is null



  
  
      
    ) dbt_internal_test
[0m03:15:37.857259 [debug] [Thread-2 (]: On test.sql_practice.relationships_stg_orders_customer_id__customer_id__ref_stg_customers_.430bf21500: /* {"app": "dbt", "dbt_version": "1.8.9", "profile_name": "sql_practice", "target_name": "dev", "node_id": "test.sql_practice.relationships_stg_orders_customer_id__customer_id__ref_stg_customers_.430bf21500"} */

    select
      count(*) as failures,
      count(*) != 0 as should_warn,
      count(*) != 0 as should_error
    from (
      
    
  
    
    

with child as (
    select customer_id as from_field
    from "practice"."main"."stg_orders"
    where customer_id is not null
),

parent as (
    select customer_id as to_field
    from "practice"."main"."stg_customers"
)

select
    from_field

from child
left join parent
    on child.from_field = parent.to_field

where parent.to_field is null



  
  
      
    ) dbt_internal_test
[0m03:15:37.857478 [debug] [Thread-4 (]: On test.sql_practice.unique_customers_customer_id.c5af1ff4b1: /* {"app": "dbt", "dbt_version": "1.8.9", "profile_name": "sql_practice", "target_name": "dev", "node_id": "test.sql_practice.unique_customers_customer_id.c5af1ff4b1"} */

    select
      count(*) as failures,
      count(*) != 0 as should_warn,
      count(*) != 0 as should_error
    from (
      
    
  
    
    

select
    customer_id as unique_field,
    count(*) as n_records

from "practice"."main"."customers"
where customer_id is not null
group by customer_id
having count(*) > 1



  
  
      
    ) dbt_internal_test
[0m03:15:37.858687 [debug] [Thread-4 (]: SQL status: OK in 0.001 seconds
[0m03:15:37.859005 [debug] [Thread-3 (]: SQL status: OK in 0.002 seconds
[0m03:15:37.859273 [debug] [Thread-1 (]: SQL status: OK in 0.002 seconds
[0m03:15:37.859498 [debug] [Thread-2 (]: SQL status: OK in 0.002 seconds
[0m03:15:37.860396 [debug] [Thread-4 (]: On test.sql_practice.unique_customers_customer_id.c5af1ff4b1: ROLLBACK
[0m03:15:37.861359 [debug] [Thread-3 (]: On test.sql_practice.relationships_orders_customer_id__customer_id__ref_customers_.c6ec7f58f2: ROLLBACK
[0m03:15:37.862248 [debug] [Thread-1 (]: On test.sql_practice.relationships_order_items_product_id__product_id__ref_products_.9b6843cc04: ROLLBACK
[0m03:15:37.863025 [debug] [Thread-2 (]: On test.sql_practice.relationships_stg_orders_customer_id__customer_id__ref_stg_customers_.430bf21500: ROLLBACK
[0m03:15:37.863389 [debug] [Thread-4 (]: Failed to rollback 'test.sql_practice.unique_customers_customer_id.c5af1ff4b1'
[0m03:15:37.863677 [debug] [Thread-3 (]: Failed to rollback 'test.sql_practice.relationships_orders_customer_id__customer_id__ref_customers_.c6ec7f58f2'
[0m03:15:37.863991 [debug] [Thread-1 (]: Failed to rollback 'test.sql_practice.relationships_order_items_product_id__product_id__ref_products_.9b6843cc04'
[0m03:15:37.864286 [debug] [Thread-2 (]: Failed to rollback 'test.sql_practice.relationships_stg_orders_customer_id__customer_id__ref_stg_customers_.430bf21500'
[0m03:15:37.864488 [debug] [Thread-4 (]: On test.sql_practice.unique_customers_customer_id.c5af1ff4b1: Close
[0m03:15:37.864705 [debug] [Thread-3 (]: On test.sql_practice.relationships_orders_customer_id__customer_id__ref_customers_.c6ec7f58f2: Close
[0m03:15:37.864912 [debug] [Thread-1 (]: On test.sql_practice.relationships_order_items_product_id__product_id__ref_products_.9b6843cc04: Close
[0m03:15:37.865118 [debug] [Thread-2 (]: On test.sql_practice.relationships_stg_orders_customer_id__customer_id__ref_stg_customers_.430bf21500: Close
[0m03:15:37.865542 [info ] [Thread-4 (]: 28 of 40 PASS unique_customers_customer_id ..................................... [[32mPASS[0m in 0.04s]
[0m03:15:37.865909 [info ] [Thread-3 (]: 26 of 40 PASS relationships_orders_customer_id__customer_id__ref_customers_ .... [[32mPASS[0m in 0.05s]
[0m03:15:37.866316 [info ] [Thread-1 (]: 25 of 40 PASS relationships_order_items_product_id__product_id__ref_products_ .. [[32mPASS[0m in 0.05s]
[0m03:15:37.866731 [debug] [Thread-4 (]: Finished running node test.sql_practice.unique_customers_customer_id.c5af1ff4b1
[0m03:15:37.867059 [debug] [Thread-3 (]: Finished running node test.sql_practice.relationships_orders_customer_id__customer_id__ref_customers_.c6ec7f58f2
[0m03:15:37.867805 [debug] [Thread-1 (]: Finished running node test.sql_practice.relationships_order_items_product_id__product_id__ref_products_.9b6843cc04
[0m03:15:37.868183 [info ] [Thread-2 (]: 27 of 40 PASS relationships_stg_orders_customer_id__customer_id__ref_stg_customers_  [[32mPASS[0m in 0.05s]
[0m03:15:37.868498 [debug] [Thread-4 (]: Began running node test.sql_practice.unique_departments_department_id.fdf5f3dc6a
[0m03:15:37.868792 [debug] [Thread-3 (]: Began running node test.sql_practice.unique_employees_employee_id.51e63416f6
[0m03:15:37.869065 [debug] [Thread-1 (]: Began running node test.sql_practice.unique_fct_order_items_order_item_id.0dec5f6768
[0m03:15:37.869387 [debug] [Thread-2 (]: Finished running node test.sql_practice.relationships_stg_orders_customer_id__customer_id__ref_stg_customers_.430bf21500
[0m03:15:37.869608 [info ] [Thread-4 (]: 29 of 40 START test unique_departments_department_id ........................... [RUN]
[0m03:15:37.869849 [info ] [Thread-3 (]: 30 of 40 START test unique_employees_employee_id ............................... [RUN]
[0m03:15:37.870104 [info ] [Thread-1 (]: 31 of 40 START test unique_fct_order_items_order_item_id ....................... [RUN]
[0m03:15:37.870369 [debug] [Thread-2 (]: Began running node test.sql_practice.unique_order_items_order_item_id.7d0a7e900a
[0m03:15:37.870654 [debug] [Thread-4 (]: Re-using an available connection from the pool (formerly test.sql_practice.unique_customers_customer_id.c5af1ff4b1, now test.sql_practice.unique_departments_department_id.fdf5f3dc6a)
[0m03:15:37.870913 [debug] [Thread-3 (]: Re-using an available connection from the pool (formerly test.sql_practice.relationships_orders_customer_id__customer_id__ref_customers_.c6ec7f58f2, now test.sql_practice.unique_employees_employee_id.51e63416f6)
[0m03:15:37.871221 [debug] [Thread-1 (]: Re-using an available connection from the pool (formerly test.sql_practice.relationships_order_items_product_id__product_id__ref_products_.9b6843cc04, now test.sql_practice.unique_fct_order_items_order_item_id.0dec5f6768)
[0m03:15:37.871501 [info ] [Thread-2 (]: 32 of 40 START test unique_order_items_order_item_id ........................... [RUN]
[0m03:15:37.871768 [debug] [Thread-4 (]: Began compiling node test.sql_practice.unique_departments_department_id.fdf5f3dc6a
[0m03:15:37.871979 [debug] [Thread-3 (]: Began compiling node test.sql_practice.unique_employees_employee_id.51e63416f6
[0m03:15:37.872264 [debug] [Thread-1 (]: Began compiling node test.sql_practice.unique_fct_order_items_order_item_id.0dec5f6768
[0m03:15:37.872569 [debug] [Thread-2 (]: Re-using an available connection from the pool (formerly test.sql_practice.relationships_stg_orders_customer_id__customer_id__ref_stg_customers_.430bf21500, now test.sql_practice.unique_order_items_order_item_id.7d0a7e900a)
[0m03:15:37.875734 [debug] [Thread-4 (]: Writing injected SQL for node "test.sql_practice.unique_departments_department_id.fdf5f3dc6a"
[0m03:15:37.878796 [debug] [Thread-3 (]: Writing injected SQL for node "test.sql_practice.unique_employees_employee_id.51e63416f6"
[0m03:15:37.881802 [debug] [Thread-1 (]: Writing injected SQL for node "test.sql_practice.unique_fct_order_items_order_item_id.0dec5f6768"
[0m03:15:37.882154 [debug] [Thread-2 (]: Began compiling node test.sql_practice.unique_order_items_order_item_id.7d0a7e900a
[0m03:15:37.882645 [debug] [Thread-4 (]: Began executing node test.sql_practice.unique_departments_department_id.fdf5f3dc6a
[0m03:15:37.882860 [debug] [Thread-3 (]: Began executing node test.sql_practice.unique_employees_employee_id.51e63416f6
[0m03:15:37.885799 [debug] [Thread-2 (]: Writing injected SQL for node "test.sql_practice.unique_order_items_order_item_id.7d0a7e900a"
[0m03:15:37.887523 [debug] [Thread-4 (]: Writing runtime sql for node "test.sql_practice.unique_departments_department_id.fdf5f3dc6a"
[0m03:15:37.887761 [debug] [Thread-1 (]: Began executing node test.sql_practice.unique_fct_order_items_order_item_id.0dec5f6768
[0m03:15:37.889498 [debug] [Thread-3 (]: Writing runtime sql for node "test.sql_practice.unique_employees_employee_id.51e63416f6"
[0m03:15:37.891330 [debug] [Thread-1 (]: Writing runtime sql for node "test.sql_practice.unique_fct_order_items_order_item_id.0dec5f6768"
[0m03:15:37.891639 [debug] [Thread-4 (]: Using duckdb connection "test.sql_practice.unique_departments_department_id.fdf5f3dc6a"
[0m03:15:37.891856 [debug] [Thread-2 (]: Began executing node test.sql_practice.unique_order_items_order_item_id.7d0a7e900a
[0m03:15:37.892240 [debug] [Thread-3 (]: Using duckdb connection "test.sql_practice.unique_employees_employee_id.51e63416f6"
[0m03:15:37.892476 [debug] [Thread-4 (]: On test.sql_practice.unique_departments_department_id.fdf5f3dc6a: BEGIN
[0m03:15:37.892730 [debug] [Thread-1 (]: Using duckdb connection "test.sql_practice.unique_fct_order_items_order_item_id.0dec5f6768"
[0m03:15:37.894360 [debug] [Thread-2 (]: Writing runtime sql for node "test.sql_practice.unique_order_items_order_item_id.7d0a7e900a"
[0m03:15:37.894657 [debug] [Thread-3 (]: On test.sql_practice.unique_employees_employee_id.51e63416f6: BEGIN
[0m03:15:37.894957 [debug] [Thread-4 (]: Opening a new connection, currently in state closed
[0m03:15:37.895182 [debug] [Thread-1 (]: On test.sql_practice.unique_fct_order_items_order_item_id.0dec5f6768: BEGIN
[0m03:15:37.895478 [debug] [Thread-3 (]: Opening a new connection, currently in state closed
[0m03:15:37.895907 [debug] [Thread-2 (]: Using duckdb connection "test.sql_practice.unique_order_items_order_item_id.7d0a7e900a"
[0m03:15:37.896153 [debug] [Thread-1 (]: Opening a new connection, currently in state closed
[0m03:15:37.896468 [debug] [Thread-2 (]: On test.sql_practice.unique_order_items_order_item_id.7d0a7e900a: BEGIN
[0m03:15:37.896697 [debug] [Thread-2 (]: Opening a new connection, currently in state closed
[0m03:15:37.905487 [debug] [Thread-3 (]: SQL status: OK in 0.010 seconds
[0m03:15:37.905803 [debug] [Thread-4 (]: SQL status: OK in 0.011 seconds
[0m03:15:37.906035 [debug] [Thread-1 (]: SQL status: OK in 0.010 seconds
[0m03:15:37.906280 [debug] [Thread-2 (]: SQL status: OK in 0.010 seconds
[0m03:15:37.906468 [debug] [Thread-3 (]: Using duckdb connection "test.sql_practice.unique_employees_employee_id.51e63416f6"
[0m03:15:37.906687 [debug] [Thread-4 (]: Using duckdb connection "test.sql_practice.unique_departments_department_id.fdf5f3dc6a"
[0m03:15:37.906902 [debug] [Thread-1 (]: Using duckdb connection "test.sql_practice.unique_fct_order_items_order_item_id.0dec5f6768"
[0m03:15:37.907107 [debug] [Thread-2 (]: Using duckdb connection "test.sql_practice.unique_order_items_order_item_id.7d0a7e900a"
[0m03:15:37.907326 [debug] [Thread-3 (]: On test.sql_practice.unique_employees_employee_id.51e63416f6: /* {"app": "dbt", "dbt_version": "1.8.9", "profile_name": "sql_practice", "target_name": "dev", "node_id": "test.sql_practice.unique_employees_employee_id.51e63416f6"} */

    select
      count(*) as failures,
      count(*) != 0 as should_warn,
      count(*) != 0 as should_error
    from (
      
    
  
    
    

select
    employee_id as unique_field,
    count(*) as n_records

from "practice"."main"."employees"
where employee_id is not null
group by employee_id
having count(*) > 1



  
  
      
    ) dbt_internal_test
[0m03:15:37.907550 [debug] [Thread-4 (]: On test.sql_practice.unique_departments_department_id.fdf5f3dc6a: /* {"app": "dbt", "dbt_version": "1.8.9", "profile_name": "sql_practice", "target_name": "dev", "node_id": "test.sql_practice.unique_departments_department_id.fdf5f3dc6a"} */

    select
      count(*) as failures,
      count(*) != 0 as should_warn,
      count(*) != 0 as should_error
    from (
      
    
  
    
    

select
    department_id as unique_field,
    count(*) as n_records

from "practice"."main"."departments"
where department_id is not null
group by department_id
having count(*) > 1



  
  
      
    ) dbt_internal_test
[0m03:15:37.907779 [debug] [Thread-1 (]: On test.sql_practice.unique_fct_order_items_order_item_id.0dec5f6768: /* {"app": "dbt", "dbt_version": "1.8.9", "profile_name": "sql_practice", "target_name": "dev", "node_id": "test.sql_practice.unique_fct_order_items_order_item_id.0dec5f6768"} */

    select
      count(*) as failures,
      count(*) != 0 as should_warn,
      count(*) != 0 as should_error
    from (
      
    
  
    
    

select
    order_item_id as unique_field,
    count(*) as n_records

from "practice"."main"."fct_order_items"
where order_item_id is not null
group by order_item_id
having count(*) > 1



  
  
      
    ) dbt_internal_test
[0m03:15:37.908002 [debug] [Thread-2 (]: On test.sql_practice.unique_order_items_order_item_id.7d0a7e900a: /* {"app": "dbt", "dbt_version": "1.8.9", "profile_name": "sql_practice", "target_name": "dev", "node_id": "test.sql_practice.unique_order_items_order_item_id.7d0a7e900a"} */

    select
      count(*) as failures,
      count(*) != 0 as should_warn,
      count(*) != 0 as should_error
    from (
      
    
  
    
    

select
    order_item_id as unique_field,
    count(*) as n_records

from "practice"."main"."order_items"
where order_item_id is not null
group by order_item_id
having count(*) > 1



  
  
      
    ) dbt_internal_test
[0m03:15:37.909159 [debug] [Thread-3 (]: SQL status: OK in 0.001 seconds
[0m03:15:37.909405 [debug] [Thread-4 (]: SQL status: OK in 0.001 seconds
[0m03:15:37.909629 [debug] [Thread-1 (]: SQL status: OK in 0.001 seconds
[0m03:15:37.909842 [debug] [Thread-2 (]: SQL status: OK in 0.001 seconds
[0m03:15:37.910921 [debug] [Thread-3 (]: On test.sql_practice.unique_employees_employee_id.51e63416f6: ROLLBACK
[0m03:15:37.911820 [debug] [Thread-4 (]: On test.sql_practice.unique_departments_department_id.fdf5f3dc6a: ROLLBACK
[0m03:15:37.912827 [debug] [Thread-1 (]: On test.sql_practice.unique_fct_order_items_order_item_id.0dec5f6768: ROLLBACK
[0m03:15:37.913732 [debug] [Thread-2 (]: On test.sql_practice.unique_order_items_order_item_id.7d0a7e900a: ROLLBACK
[0m03:15:37.914028 [debug] [Thread-3 (]: Failed to rollback 'test.sql_practice.unique_employees_employee_id.51e63416f6'
[0m03:15:37.914367 [debug] [Thread-4 (]: Failed to rollback 'test.sql_practice.unique_departments_department_id.fdf5f3dc6a'
[0m03:15:37.914726 [debug] [Thread-1 (]: Failed to rollback 'test.sql_practice.unique_fct_order_items_order_item_id.0dec5f6768'
[0m03:15:37.915037 [debug] [Thread-2 (]: Failed to rollback 'test.sql_practice.unique_order_items_order_item_id.7d0a7e900a'
[0m03:15:37.915254 [debug] [Thread-3 (]: On test.sql_practice.unique_employees_employee_id.51e63416f6: Close
[0m03:15:37.915457 [debug] [Thread-4 (]: On test.sql_practice.unique_departments_department_id.fdf5f3dc6a: Close
[0m03:15:37.915741 [debug] [Thread-1 (]: On test.sql_practice.unique_fct_order_items_order_item_id.0dec5f6768: Close
[0m03:15:37.916020 [debug] [Thread-2 (]: On test.sql_practice.unique_order_items_order_item_id.7d0a7e900a: Close
[0m03:15:37.916413 [info ] [Thread-3 (]: 30 of 40 PASS unique_employees_employee_id ..................................... [[32mPASS[0m in 0.05s]
[0m03:15:37.916842 [info ] [Thread-4 (]: 29 of 40 PASS unique_departments_department_id ................................. [[32mPASS[0m in 0.05s]
[0m03:15:37.917266 [info ] [Thread-1 (]: 31 of 40 PASS unique_fct_order_items_order_item_id ............................. [[32mPASS[0m in 0.05s]
[0m03:15:37.917700 [debug] [Thread-3 (]: Finished running node test.sql_practice.unique_employees_employee_id.51e63416f6
[0m03:15:37.918254 [debug] [Thread-4 (]: Finished running node test.sql_practice.unique_departments_department_id.fdf5f3dc6a
[0m03:15:37.918768 [debug] [Thread-1 (]: Finished running node test.sql_practice.unique_fct_order_items_order_item_id.0dec5f6768
[0m03:15:37.919053 [debug] [Thread-3 (]: Began running node test.sql_practice.unique_orders_order_id.fed79b3a6e
[0m03:15:37.919398 [info ] [Thread-2 (]: 32 of 40 PASS unique_order_items_order_item_id ................................. [[32mPASS[0m in 0.05s]
[0m03:15:37.919770 [debug] [Thread-4 (]: Began running node test.sql_practice.unique_products_product_id.68edffb83d
[0m03:15:37.920062 [debug] [Thread-1 (]: Began running node test.sql_practice.unique_stg_customers_customer_id.c7614daada
[0m03:15:37.920315 [info ] [Thread-3 (]: 33 of 40 START test unique_orders_order_id ..................................... [RUN]
[0m03:15:37.920667 [debug] [Thread-2 (]: Finished running node test.sql_practice.unique_order_items_order_item_id.7d0a7e900a
[0m03:15:37.920904 [info ] [Thread-4 (]: 34 of 40 START test unique_products_product_id ................................. [RUN]
[0m03:15:37.921162 [info ] [Thread-1 (]: 35 of 40 START test unique_stg_customers_customer_id ........................... [RUN]
[0m03:15:37.921447 [debug] [Thread-3 (]: Re-using an available connection from the pool (formerly test.sql_practice.unique_employees_employee_id.51e63416f6, now test.sql_practice.unique_orders_order_id.fed79b3a6e)
[0m03:15:37.921716 [debug] [Thread-2 (]: Began running node test.sql_practice.unique_stg_departments_department_id.8e1b8b707b
[0m03:15:37.922004 [debug] [Thread-4 (]: Re-using an available connection from the pool (formerly test.sql_practice.unique_departments_department_id.fdf5f3dc6a, now test.sql_practice.unique_products_product_id.68edffb83d)
[0m03:15:37.922270 [debug] [Thread-1 (]: Re-using an available connection from the pool (formerly test.sql_practice.unique_fct_order_items_order_item_id.0dec5f6768, now test.sql_practice.unique_stg_customers_customer_id.c7614daada)
[0m03:15:37.922505 [debug] [Thread-3 (]: Began compiling node test.sql_practice.unique_orders_order_id.fed79b3a6e
[0m03:15:37.922733 [info ] [Thread-2 (]: 36 of 40 START test unique_stg_departments_department_id ....................... [RUN]
[0m03:15:37.923003 [debug] [Thread-4 (]: Began compiling node test.sql_practice.unique_products_product_id.68edffb83d
[0m03:15:37.923238 [debug] [Thread-1 (]: Began compiling node test.sql_practice.unique_stg_customers_customer_id.c7614daada
[0m03:15:37.926470 [debug] [Thread-3 (]: Writing injected SQL for node "test.sql_practice.unique_orders_order_id.fed79b3a6e"
[0m03:15:37.926856 [debug] [Thread-2 (]: Re-using an available connection from the pool (formerly test.sql_practice.unique_order_items_order_item_id.7d0a7e900a, now test.sql_practice.unique_stg_departments_department_id.8e1b8b707b)
[0m03:15:37.931066 [debug] [Thread-4 (]: Writing injected SQL for node "test.sql_practice.unique_products_product_id.68edffb83d"
[0m03:15:37.934024 [debug] [Thread-1 (]: Writing injected SQL for node "test.sql_practice.unique_stg_customers_customer_id.c7614daada"
[0m03:15:37.934430 [debug] [Thread-2 (]: Began compiling node test.sql_practice.unique_stg_departments_department_id.8e1b8b707b
[0m03:15:37.934738 [debug] [Thread-3 (]: Began executing node test.sql_practice.unique_orders_order_id.fed79b3a6e
[0m03:15:37.935027 [debug] [Thread-4 (]: Began executing node test.sql_practice.unique_products_product_id.68edffb83d
[0m03:15:37.937918 [debug] [Thread-2 (]: Writing injected SQL for node "test.sql_practice.unique_stg_departments_department_id.8e1b8b707b"
[0m03:15:37.939809 [debug] [Thread-3 (]: Writing runtime sql for node "test.sql_practice.unique_orders_order_id.fed79b3a6e"
[0m03:15:37.940074 [debug] [Thread-1 (]: Began executing node test.sql_practice.unique_stg_customers_customer_id.c7614daada
[0m03:15:37.941738 [debug] [Thread-4 (]: Writing runtime sql for node "test.sql_practice.unique_products_product_id.68edffb83d"
[0m03:15:37.943709 [debug] [Thread-1 (]: Writing runtime sql for node "test.sql_practice.unique_stg_customers_customer_id.c7614daada"
[0m03:15:37.943963 [debug] [Thread-2 (]: Began executing node test.sql_practice.unique_stg_departments_department_id.8e1b8b707b
[0m03:15:37.944301 [debug] [Thread-3 (]: Using duckdb connection "test.sql_practice.unique_orders_order_id.fed79b3a6e"
[0m03:15:37.944706 [debug] [Thread-4 (]: Using duckdb connection "test.sql_practice.unique_products_product_id.68edffb83d"
[0m03:15:37.946230 [debug] [Thread-2 (]: Writing runtime sql for node "test.sql_practice.unique_stg_departments_department_id.8e1b8b707b"
[0m03:15:37.946484 [debug] [Thread-1 (]: Using duckdb connection "test.sql_practice.unique_stg_customers_customer_id.c7614daada"
[0m03:15:37.946692 [debug] [Thread-3 (]: On test.sql_practice.unique_orders_order_id.fed79b3a6e: BEGIN
[0m03:15:37.946921 [debug] [Thread-4 (]: On test.sql_practice.unique_products_product_id.68edffb83d: BEGIN
[0m03:15:37.947191 [debug] [Thread-1 (]: On test.sql_practice.unique_stg_customers_customer_id.c7614daada: BEGIN
[0m03:15:37.947438 [debug] [Thread-2 (]: Using duckdb connection "test.sql_practice.unique_stg_departments_department_id.8e1b8b707b"
[0m03:15:37.947621 [debug] [Thread-3 (]: Opening a new connection, currently in state closed
[0m03:15:37.947813 [debug] [Thread-4 (]: Opening a new connection, currently in state closed
[0m03:15:37.948005 [debug] [Thread-1 (]: Opening a new connection, currently in state closed
[0m03:15:37.948203 [debug] [Thread-2 (]: On test.sql_practice.unique_stg_departments_department_id.8e1b8b707b: BEGIN
[0m03:15:37.948615 [debug] [Thread-2 (]: Opening a new connection, currently in state closed
[0m03:15:37.957936 [debug] [Thread-4 (]: SQL status: OK in 0.010 seconds
[0m03:15:37.958233 [debug] [Thread-3 (]: SQL status: OK in 0.011 seconds
[0m03:15:37.958497 [debug] [Thread-1 (]: SQL status: OK in 0.010 seconds
[0m03:15:37.958700 [debug] [Thread-2 (]: SQL status: OK in 0.010 seconds
[0m03:15:37.958901 [debug] [Thread-4 (]: Using duckdb connection "test.sql_practice.unique_products_product_id.68edffb83d"
[0m03:15:37.959111 [debug] [Thread-3 (]: Using duckdb connection "test.sql_practice.unique_orders_order_id.fed79b3a6e"
[0m03:15:37.959342 [debug] [Thread-1 (]: Using duckdb connection "test.sql_practice.unique_stg_customers_customer_id.c7614daada"
[0m03:15:37.959537 [debug] [Thread-2 (]: Using duckdb connection "test.sql_practice.unique_stg_departments_department_id.8e1b8b707b"
[0m03:15:37.959744 [debug] [Thread-4 (]: On test.sql_practice.unique_products_product_id.68edffb83d: /* {"app": "dbt", "dbt_version": "1.8.9", "profile_name": "sql_practice", "target_name": "dev", "node_id": "test.sql_practice.unique_products_product_id.68edffb83d"} */

    select
      count(*) as failures,
      count(*) != 0 as should_warn,
      count(*) != 0 as should_error
    from (
      
    
  
    
    

select
    product_id as unique_field,
    count(*) as n_records

from "practice"."main"."products"
where product_id is not null
group by product_id
having count(*) > 1



  
  
      
    ) dbt_internal_test
[0m03:15:37.959960 [debug] [Thread-3 (]: On test.sql_practice.unique_orders_order_id.fed79b3a6e: /* {"app": "dbt", "dbt_version": "1.8.9", "profile_name": "sql_practice", "target_name": "dev", "node_id": "test.sql_practice.unique_orders_order_id.fed79b3a6e"} */

    select
      count(*) as failures,
      count(*) != 0 as should_warn,
      count(*) != 0 as should_error
    from (
      
    
  
    
    

select
    order_id as unique_field,
    count(*) as n_records

from "practice"."main"."orders"
where order_id is not null
group by order_id
having count(*) > 1



  
  
      
    ) dbt_internal_test
[0m03:15:37.960186 [debug] [Thread-1 (]: On test.sql_practice.unique_stg_customers_customer_id.c7614daada: /* {"app": "dbt", "dbt_version": "1.8.9", "profile_name": "sql_practice", "target_name": "dev", "node_id": "test.sql_practice.unique_stg_customers_customer_id.c7614daada"} */

    select
      count(*) as failures,
      count(*) != 0 as should_warn,
      count(*) != 0 as should_error
    from (
      
    
  
    
    

select
    customer_id as unique_field,
    count(*) as n_records

from "practice"."main"."stg_customers"
where customer_id is not null
group by customer_id
having count(*) > 1



  
  
      
    ) dbt_internal_test
[0m03:15:37.960442 [debug] [Thread-2 (]: On test.sql_practice.unique_stg_departments_department_id.8e1b8b707b: /* {"app": "dbt", "dbt_version": "1.8.9", "profile_name": "sql_practice", "target_name": "dev", "node_id": "test.sql_practice.unique_stg_departments_department_id.8e1b8b707b"} */

    select
      count(*) as failures,
      count(*) != 0 as should_warn,
      count(*) != 0 as should_error
    from (
      
    
  
    
    

select
    department_id as unique_field,
    count(*) as n_records

from "practice"."main"."stg_departments"
where department_id is not null
group by department_id
having count(*) > 1



  
  
      
    ) dbt_internal_test
[0m03:15:37.961654 [debug] [Thread-4 (]: SQL status: OK in 0.001 seconds
[0m03:15:37.961899 [debug] [Thread-3 (]: SQL status: OK in 0.001 seconds
[0m03:15:37.962162 [debug] [Thread-2 (]: SQL status: OK in 0.001 seconds
[0m03:15:37.962424 [debug] [Thread-1 (]: SQL status: OK in 0.001 seconds
[0m03:15:37.963372 [debug] [Thread-4 (]: On test.sql_practice.unique_products_product_id.68edffb83d: ROLLBACK
[0m03:15:37.964413 [debug] [Thread-3 (]: On test.sql_practice.unique_orders_order_id.fed79b3a6e: ROLLBACK
[0m03:15:37.965290 [debug] [Thread-2 (]: On test.sql_practice.unique_stg_departments_department_id.8e1b8b707b: ROLLBACK
[0m03:15:37.966066 [debug] [Thread-1 (]: On test.sql_practice.unique_stg_customers_customer_id.c7614daada: ROLLBACK
[0m03:15:37.966430 [debug] [Thread-4 (]: Failed to rollback 'test.sql_practice.unique_products_product_id.68edffb83d'
[0m03:15:37.966798 [debug] [Thread-3 (]: Failed to rollback 'test.sql_practice.unique_orders_order_id.fed79b3a6e'
[0m03:15:37.967096 [debug] [Thread-2 (]: Failed to rollback 'test.sql_practice.unique_stg_departments_department_id.8e1b8b707b'
[0m03:15:37.967376 [debug] [Thread-1 (]: Failed to rollback 'test.sql_practice.unique_stg_customers_customer_id.c7614daada'
[0m03:15:37.967595 [debug] [Thread-4 (]: On test.sql_practice.unique_products_product_id.68edffb83d: Close
[0m03:15:37.967822 [debug] [Thread-3 (]: On test.sql_practice.unique_orders_order_id.fed79b3a6e: Close
[0m03:15:37.968038 [debug] [Thread-2 (]: On test.sql_practice.unique_stg_departments_department_id.8e1b8b707b: Close
[0m03:15:37.968236 [debug] [Thread-1 (]: On test.sql_practice.unique_stg_customers_customer_id.c7614daada: Close
[0m03:15:37.968620 [info ] [Thread-4 (]: 34 of 40 PASS unique_products_product_id ....................................... [[32mPASS[0m in 0.05s]
[0m03:15:37.969051 [info ] [Thread-3 (]: 33 of 40 PASS unique_orders_order_id ........................................... [[32mPASS[0m in 0.05s]
[0m03:15:37.969435 [info ] [Thread-2 (]: 36 of 40 PASS unique_stg_departments_department_id ............................. [[32mPASS[0m in 0.04s]
[0m03:15:37.969816 [debug] [Thread-4 (]: Finished running node test.sql_practice.unique_products_product_id.68edffb83d
[0m03:15:37.970378 [debug] [Thread-3 (]: Finished running node test.sql_practice.unique_orders_order_id.fed79b3a6e
[0m03:15:37.970870 [debug] [Thread-2 (]: Finished running node test.sql_practice.unique_stg_departments_department_id.8e1b8b707b
[0m03:15:37.971184 [debug] [Thread-4 (]: Began running node test.sql_practice.unique_stg_employees_employee_id.db72478d64
[0m03:15:37.971572 [info ] [Thread-1 (]: 35 of 40 PASS unique_stg_customers_customer_id ................................. [[32mPASS[0m in 0.05s]
[0m03:15:37.971870 [debug] [Thread-3 (]: Began running node test.sql_practice.unique_stg_order_items_order_item_id.90e333a108
[0m03:15:37.972152 [debug] [Thread-2 (]: Began running node test.sql_practice.unique_stg_orders_order_id.e3b841c71a
[0m03:15:37.972397 [info ] [Thread-4 (]: 37 of 40 START test unique_stg_employees_employee_id ........................... [RUN]
[0m03:15:37.972760 [debug] [Thread-1 (]: Finished running node test.sql_practice.unique_stg_customers_customer_id.c7614daada
[0m03:15:37.973000 [info ] [Thread-3 (]: 38 of 40 START test unique_stg_order_items_order_item_id ....................... [RUN]
[0m03:15:37.973252 [info ] [Thread-2 (]: 39 of 40 START test unique_stg_orders_order_id ................................. [RUN]
[0m03:15:37.973578 [debug] [Thread-4 (]: Re-using an available connection from the pool (formerly test.sql_practice.unique_products_product_id.68edffb83d, now test.sql_practice.unique_stg_employees_employee_id.db72478d64)
[0m03:15:37.973866 [debug] [Thread-1 (]: Began running node test.sql_practice.unique_stg_products_product_id.7d950a1467
[0m03:15:37.974146 [debug] [Thread-3 (]: Re-using an available connection from the pool (formerly test.sql_practice.unique_orders_order_id.fed79b3a6e, now test.sql_practice.unique_stg_order_items_order_item_id.90e333a108)
[0m03:15:37.974410 [debug] [Thread-2 (]: Re-using an available connection from the pool (formerly test.sql_practice.unique_stg_departments_department_id.8e1b8b707b, now test.sql_practice.unique_stg_orders_order_id.e3b841c71a)
[0m03:15:37.974644 [debug] [Thread-4 (]: Began compiling node test.sql_practice.unique_stg_employees_employee_id.db72478d64
[0m03:15:37.974927 [info ] [Thread-1 (]: 40 of 40 START test unique_stg_products_product_id ............................. [RUN]
[0m03:15:37.975164 [debug] [Thread-3 (]: Began compiling node test.sql_practice.unique_stg_order_items_order_item_id.90e333a108
[0m03:15:37.975374 [debug] [Thread-2 (]: Began compiling node test.sql_practice.unique_stg_orders_order_id.e3b841c71a
[0m03:15:37.978400 [debug] [Thread-4 (]: Writing injected SQL for node "test.sql_practice.unique_stg_employees_employee_id.db72478d64"
[0m03:15:37.978797 [debug] [Thread-1 (]: Re-using an available connection from the pool (formerly test.sql_practice.unique_stg_customers_customer_id.c7614daada, now test.sql_practice.unique_stg_products_product_id.7d950a1467)
[0m03:15:37.981805 [debug] [Thread-3 (]: Writing injected SQL for node "test.sql_practice.unique_stg_order_items_order_item_id.90e333a108"
[0m03:15:37.984832 [debug] [Thread-2 (]: Writing injected SQL for node "test.sql_practice.unique_stg_orders_order_id.e3b841c71a"
[0m03:15:37.985236 [debug] [Thread-1 (]: Began compiling node test.sql_practice.unique_stg_products_product_id.7d950a1467
[0m03:15:37.985567 [debug] [Thread-4 (]: Began executing node test.sql_practice.unique_stg_employees_employee_id.db72478d64
[0m03:15:37.985866 [debug] [Thread-3 (]: Began executing node test.sql_practice.unique_stg_order_items_order_item_id.90e333a108
[0m03:15:37.988783 [debug] [Thread-1 (]: Writing injected SQL for node "test.sql_practice.unique_stg_products_product_id.7d950a1467"
[0m03:15:37.991951 [debug] [Thread-4 (]: Writing runtime sql for node "test.sql_practice.unique_stg_employees_employee_id.db72478d64"
[0m03:15:37.992261 [debug] [Thread-2 (]: Began executing node test.sql_practice.unique_stg_orders_order_id.e3b841c71a
[0m03:15:37.994195 [debug] [Thread-3 (]: Writing runtime sql for node "test.sql_practice.unique_stg_order_items_order_item_id.90e333a108"
[0m03:15:37.997230 [debug] [Thread-2 (]: Writing runtime sql for node "test.sql_practice.unique_stg_orders_order_id.e3b841c71a"
[0m03:15:37.997483 [debug] [Thread-1 (]: Began executing node test.sql_practice.unique_stg_products_product_id.7d950a1467
[0m03:15:37.997789 [debug] [Thread-4 (]: Using duckdb connection "test.sql_practice.unique_stg_employees_employee_id.db72478d64"
[0m03:15:37.998185 [debug] [Thread-3 (]: Using duckdb connection "test.sql_practice.unique_stg_order_items_order_item_id.90e333a108"
[0m03:15:37.999807 [debug] [Thread-1 (]: Writing runtime sql for node "test.sql_practice.unique_stg_products_product_id.7d950a1467"
[0m03:15:38.000102 [debug] [Thread-4 (]: On test.sql_practice.unique_stg_employees_employee_id.db72478d64: BEGIN
[0m03:15:38.000390 [debug] [Thread-2 (]: Using duckdb connection "test.sql_practice.unique_stg_orders_order_id.e3b841c71a"
[0m03:15:38.000645 [debug] [Thread-3 (]: On test.sql_practice.unique_stg_order_items_order_item_id.90e333a108: BEGIN
[0m03:15:38.000927 [debug] [Thread-4 (]: Opening a new connection, currently in state closed
[0m03:15:38.001184 [debug] [Thread-1 (]: Using duckdb connection "test.sql_practice.unique_stg_products_product_id.7d950a1467"
[0m03:15:38.001376 [debug] [Thread-2 (]: On test.sql_practice.unique_stg_orders_order_id.e3b841c71a: BEGIN
[0m03:15:38.001573 [debug] [Thread-3 (]: Opening a new connection, currently in state closed
[0m03:15:38.001949 [debug] [Thread-1 (]: On test.sql_practice.unique_stg_products_product_id.7d950a1467: BEGIN
[0m03:15:38.002168 [debug] [Thread-2 (]: Opening a new connection, currently in state closed
[0m03:15:38.002404 [debug] [Thread-1 (]: Opening a new connection, currently in state closed
[0m03:15:38.011107 [debug] [Thread-4 (]: SQL status: OK in 0.010 seconds
[0m03:15:38.011423 [debug] [Thread-2 (]: SQL status: OK in 0.009 seconds
[0m03:15:38.011669 [debug] [Thread-3 (]: SQL status: OK in 0.010 seconds
[0m03:15:38.011958 [debug] [Thread-1 (]: SQL status: OK in 0.010 seconds
[0m03:15:38.012172 [debug] [Thread-4 (]: Using duckdb connection "test.sql_practice.unique_stg_employees_employee_id.db72478d64"
[0m03:15:38.012446 [debug] [Thread-2 (]: Using duckdb connection "test.sql_practice.unique_stg_orders_order_id.e3b841c71a"
[0m03:15:38.012679 [debug] [Thread-3 (]: Using duckdb connection "test.sql_practice.unique_stg_order_items_order_item_id.90e333a108"
[0m03:15:38.012904 [debug] [Thread-1 (]: Using duckdb connection "test.sql_practice.unique_stg_products_product_id.7d950a1467"
[0m03:15:38.013128 [debug] [Thread-4 (]: On test.sql_practice.unique_stg_employees_employee_id.db72478d64: /* {"app": "dbt", "dbt_version": "1.8.9", "profile_name": "sql_practice", "target_name": "dev", "node_id": "test.sql_practice.unique_stg_employees_employee_id.db72478d64"} */

    select
      count(*) as failures,
      count(*) != 0 as should_warn,
      count(*) != 0 as should_error
    from (
      
    
  
    
    

select
    employee_id as unique_field,
    count(*) as n_records

from "practice"."main"."stg_employees"
where employee_id is not null
group by employee_id
having count(*) > 1



  
  
      
    ) dbt_internal_test
[0m03:15:38.013359 [debug] [Thread-2 (]: On test.sql_practice.unique_stg_orders_order_id.e3b841c71a: /* {"app": "dbt", "dbt_version": "1.8.9", "profile_name": "sql_practice", "target_name": "dev", "node_id": "test.sql_practice.unique_stg_orders_order_id.e3b841c71a"} */

    select
      count(*) as failures,
      count(*) != 0 as should_warn,
      count(*) != 0 as should_error
    from (
      
    
  
    
    

select
    order_id as unique_field,
    count(*) as n_records

from "practice"."main"."stg_orders"
where order_id is not null
group by order_id
having count(*) > 1



  
  
      
    ) dbt_internal_test
[0m03:15:38.013581 [debug] [Thread-3 (]: On test.sql_practice.unique_stg_order_items_order_item_id.90e333a108: /* {"app": "dbt", "dbt_version": "1.8.9", "profile_name": "sql_practice", "target_name": "dev", "node_id": "test.sql_practice.unique_stg_order_items_order_item_id.90e333a108"} */

    select
      count(*) as failures,
      count(*) != 0 as should_warn,
      count(*) != 0 as should_error
    from (
      
    
  
    
    

select
    order_item_id as unique_field,
    count(*) as n_records

from "practice"."main"."stg_order_items"
where order_item_id is not null
group by order_item_id
having count(*) > 1



  
  
      
    ) dbt_internal_test
[0m03:15:38.013810 [debug] [Thread-1 (]: On test.sql_practice.unique_stg_products_product_id.7d950a1467: /* {"app": "dbt", "dbt_version": "1.8.9", "profile_name": "sql_practice", "target_name": "dev", "node_id": "test.sql_practice.unique_stg_products_product_id.7d950a1467"} */

    select
      count(*) as failures,
      count(*) != 0 as should_warn,
      count(*) != 0 as should_error
    from (
      
    
  
    
    

select
    product_id as unique_field,
    count(*) as n_records

from "practice"."main"."stg_products"
where product_id is not null
group by product_id
having count(*) > 1



  
  
      
    ) dbt_internal_test
[0m03:15:38.015155 [debug] [Thread-3 (]: SQL status: OK in 0.001 seconds
[0m03:15:38.015400 [debug] [Thread-2 (]: SQL status: OK in 0.001 seconds
[0m03:15:38.015613 [debug] [Thread-1 (]: SQL status: OK in 0.001 seconds
[0m03:15:38.015840 [debug] [Thread-4 (]: SQL status: OK in 0.002 seconds
[0m03:15:38.016948 [debug] [Thread-3 (]: On test.sql_practice.unique_stg_order_items_order_item_id.90e333a108: ROLLBACK
[0m03:15:38.017861 [debug] [Thread-2 (]: On test.sql_practice.unique_stg_orders_order_id.e3b841c71a: ROLLBACK
[0m03:15:38.018778 [debug] [Thread-1 (]: On test.sql_practice.unique_stg_products_product_id.7d950a1467: ROLLBACK
[0m03:15:38.019641 [debug] [Thread-4 (]: On test.sql_practice.unique_stg_employees_employee_id.db72478d64: ROLLBACK
[0m03:15:38.019955 [debug] [Thread-3 (]: Failed to rollback 'test.sql_practice.unique_stg_order_items_order_item_id.90e333a108'
[0m03:15:38.020272 [debug] [Thread-2 (]: Failed to rollback 'test.sql_practice.unique_stg_orders_order_id.e3b841c71a'
[0m03:15:38.020557 [debug] [Thread-1 (]: Failed to rollback 'test.sql_practice.unique_stg_products_product_id.7d950a1467'
[0m03:15:38.020876 [debug] [Thread-4 (]: Failed to rollback 'test.sql_practice.unique_stg_employees_employee_id.db72478d64'
[0m03:15:38.021090 [debug] [Thread-3 (]: On test.sql_practice.unique_stg_order_items_order_item_id.90e333a108: Close
[0m03:15:38.021305 [debug] [Thread-2 (]: On test.sql_practice.unique_stg_orders_order_id.e3b841c71a: Close
[0m03:15:38.021502 [debug] [Thread-1 (]: On test.sql_practice.unique_stg_products_product_id.7d950a1467: Close
[0m03:15:38.021696 [debug] [Thread-4 (]: On test.sql_practice.unique_stg_employees_employee_id.db72478d64: Close
[0m03:15:38.022098 [info ] [Thread-3 (]: 38 of 40 PASS unique_stg_order_items_order_item_id ............................. [[32mPASS[0m in 0.05s]
[0m03:15:38.022527 [info ] [Thread-2 (]: 39 of 40 PASS unique_stg_orders_order_id ....................................... [[32mPASS[0m in 0.05s]
[0m03:15:38.022867 [info ] [Thread-1 (]: 40 of 40 PASS unique_stg_products_product_id ................................... [[32mPASS[0m in 0.04s]
[0m03:15:38.023278 [debug] [Thread-3 (]: Finished running node test.sql_practice.unique_stg_order_items_order_item_id.90e333a108
[0m03:15:38.023588 [debug] [Thread-2 (]: Finished running node test.sql_practice.unique_stg_orders_order_id.e3b841c71a
[0m03:15:38.023908 [debug] [Thread-1 (]: Finished running node test.sql_practice.unique_stg_products_product_id.7d950a1467
[0m03:15:38.024437 [info ] [Thread-4 (]: 37 of 40 PASS unique_stg_employees_employee_id ................................. [[32mPASS[0m in 0.05s]
[0m03:15:38.024925 [debug] [Thread-4 (]: Finished running node test.sql_practice.unique_stg_employees_employee_id.db72478d64
[0m03:15:38.025744 [debug] [MainThread]: Using duckdb connection "master"
[0m03:15:38.025952 [debug] [MainThread]: On master: BEGIN
[0m03:15:38.026120 [debug] [MainThread]: Opening a new connection, currently in state closed
[0m03:15:38.035831 [debug] [MainThread]: SQL status: OK in 0.010 seconds
[0m03:15:38.036189 [debug] [MainThread]: On master: COMMIT
[0m03:15:38.036425 [debug] [MainThread]: Using duckdb connection "master"
[0m03:15:38.036600 [debug] [MainThread]: On master: COMMIT
[0m03:15:38.036969 [debug] [MainThread]: SQL status: OK in 0.000 seconds
[0m03:15:38.037165 [debug] [MainThread]: On master: Close
[0m03:15:38.038729 [debug] [MainThread]: Connection 'master' was properly closed.
[0m03:15:38.038948 [debug] [MainThread]: Connection 'list_practice_main' was properly closed.
[0m03:15:38.039095 [debug] [MainThread]: Connection 'test.sql_practice.unique_stg_products_product_id.7d950a1467' was properly closed.
[0m03:15:38.039243 [debug] [MainThread]: Connection 'test.sql_practice.unique_stg_orders_order_id.e3b841c71a' was properly closed.
[0m03:15:38.039379 [debug] [MainThread]: Connection 'test.sql_practice.unique_stg_order_items_order_item_id.90e333a108' was properly closed.
[0m03:15:38.039509 [debug] [MainThread]: Connection 'test.sql_practice.unique_stg_employees_employee_id.db72478d64' was properly closed.
[0m03:15:38.039760 [info ] [MainThread]: 
[0m03:15:38.039965 [info ] [MainThread]: Finished running 40 data tests in 0 hours 0 minutes and 0.66 seconds (0.66s).
[0m03:15:38.043411 [debug] [MainThread]: Command end result
[0m03:15:38.071794 [info ] [MainThread]: 
[0m03:15:38.072129 [info ] [MainThread]: [32mCompleted successfully[0m
[0m03:15:38.072350 [info ] [MainThread]: 
[0m03:15:38.072532 [info ] [MainThread]: Done. PASS=40 WARN=0 ERROR=0 SKIP=0 TOTAL=40
[0m03:15:38.073111 [debug] [MainThread]: Resource report: {"command_name": "test", "command_success": true, "command_wall_clock_time": 1.1130431, "process_in_blocks": "0", "process_kernel_time": 0.159857, "process_mem_max_rss": "173872", "process_out_blocks": "3728", "process_user_time": 1.840383}
[0m03:15:38.073418 [debug] [MainThread]: Command `dbt test` succeeded at 03:15:38.073351 after 1.11 seconds
[0m03:15:38.073633 [debug] [MainThread]: Sending event: {'category': 'dbt', 'action': 'invocation', 'label': 'end', 'context': [<snowplow_tracker.self_describing_json.SelfDescribingJson object at 0x7473d4c8ac90>, <snowplow_tracker.self_describing_json.SelfDescribingJson object at 0x7473d92b51d0>, <snowplow_tracker.self_describing_json.SelfDescribingJson object at 0x7473d6ce5a90>]}
[0m03:15:38.073850 [debug] [MainThread]: Flushing usage events
[0m06:10:01.427107 [debug] [MainThread]: Sending event: {'category': 'dbt', 'action': 'invocation', 'label': 'start', 'context': [<snowplow_tracker.self_describing_json.SelfDescribingJson object at 0x7c2da0225110>, <snowplow_tracker.self_describing_json.SelfDescribingJson object at 0x7c2da0584090>, <snowplow_tracker.self_describing_json.SelfDescribingJson object at 0x7c2da192cb90>]}


============================== 06:10:01.429077 | 4b1f1b05-2bd9-4f76-9f79-fee1d5010a19 ==============================
[0m06:10:01.429077 [info ] [MainThread]: Running with dbt=1.8.9
[0m06:10:01.429479 [debug] [MainThread]: running dbt with arguments {'printer_width': '80', 'indirect_selection': 'eager', 'log_cache_events': 'False', 'write_json': 'True', 'partial_parse': 'True', 'cache_selected_only': 'False', 'profiles_dir': '/usr/app/dbt', 'debug': 'False', 'warn_error': 'None', 'log_path': '/usr/app/dbt/logs', 'fail_fast': 'False', 'version_check': 'True', 'use_colors': 'True', 'use_experimental_parser': 'False', 'no_print': 'None', 'quiet': 'False', 'empty': 'None', 'warn_error_options': 'WarnErrorOptions(include=[], exclude=[])', 'static_parser': 'True', 'introspect': 'True', 'invocation_command': 'dbt docs generate', 'target_path': 'None', 'log_format': 'default', 'send_anonymous_usage_stats': 'True'}
[0m06:10:01.558129 [debug] [MainThread]: Sending event: {'category': 'dbt', 'action': 'project_id', 'label': '4b1f1b05-2bd9-4f76-9f79-fee1d5010a19', 'context': [<snowplow_tracker.self_describing_json.SelfDescribingJson object at 0x7c2da1755d10>]}
[0m06:10:01.591113 [debug] [MainThread]: Sending event: {'category': 'dbt', 'action': 'adapter_info', 'label': '4b1f1b05-2bd9-4f76-9f79-fee1d5010a19', 'context': [<snowplow_tracker.self_describing_json.SelfDescribingJson object at 0x7c2da27ba810>]}
[0m06:10:01.592054 [info ] [MainThread]: Registered adapter: duckdb=1.8.4
[0m06:10:01.643105 [debug] [MainThread]: checksum: 132857a23e9d07220246854f7763165174ce9b737cfc7867629ace4294e520b1, vars: {}, profile: , target: , version: 1.8.9
[0m06:10:01.721603 [debug] [MainThread]: Partial parsing enabled: 0 files deleted, 0 files added, 0 files changed.
[0m06:10:01.721861 [debug] [MainThread]: Partial parsing enabled, no changes found, skipping parsing
[0m06:10:01.752782 [debug] [MainThread]: Sending event: {'category': 'dbt', 'action': 'load_project', 'label': '4b1f1b05-2bd9-4f76-9f79-fee1d5010a19', 'context': [<snowplow_tracker.self_describing_json.SelfDescribingJson object at 0x7c2da029e350>]}
[0m06:10:01.762529 [debug] [MainThread]: Sending event: {'category': 'dbt', 'action': 'resource_counts', 'label': '4b1f1b05-2bd9-4f76-9f79-fee1d5010a19', 'context': [<snowplow_tracker.self_describing_json.SelfDescribingJson object at 0x7c2d963d5f10>]}
[0m06:10:01.762842 [info ] [MainThread]: Found 7 models, 6 seeds, 40 data tests, 542 macros
[0m06:10:01.763026 [debug] [MainThread]: Sending event: {'category': 'dbt', 'action': 'runnable_timing', 'label': '4b1f1b05-2bd9-4f76-9f79-fee1d5010a19', 'context': [<snowplow_tracker.self_describing_json.SelfDescribingJson object at 0x7c2d962af950>]}
[0m06:10:01.765107 [info ] [MainThread]: 
[0m06:10:01.765478 [debug] [MainThread]: Acquiring new duckdb connection 'master'
[0m06:10:01.769170 [debug] [ThreadPool]: Acquiring new duckdb connection 'list_practice_main'
[0m06:10:01.794980 [debug] [ThreadPool]: Using duckdb connection "list_practice_main"
[0m06:10:01.795232 [debug] [ThreadPool]: On list_practice_main: BEGIN
[0m06:10:01.795400 [debug] [ThreadPool]: Opening a new connection, currently in state init
[0m06:10:01.799638 [debug] [ThreadPool]: DuckDB adapter: Error running SQL: BEGIN
[0m06:10:01.799864 [debug] [ThreadPool]: DuckDB adapter: Rolling back transaction.
[0m06:10:01.800493 [debug] [MainThread]: Connection 'master' was properly closed.
[0m06:10:01.800690 [debug] [MainThread]: Connection 'list_practice_main' was properly closed.
[0m06:10:01.800931 [error] [MainThread]: Encountered an error:
Runtime Error
  IO Error: Could not set lock on file "/usr/app/warehouse/practice.duckdb": Conflicting lock is held in PID 0. See also https://duckdb.org/docs/stable/connect/concurrency
[0m06:10:01.801638 [debug] [MainThread]: Resource report: {"command_name": "generate", "command_success": false, "command_wall_clock_time": 0.40185866, "process_in_blocks": "9120", "process_kernel_time": 0.105073, "process_mem_max_rss": "148680", "process_out_blocks": "144", "process_user_time": 1.098767}
[0m06:10:01.801959 [debug] [MainThread]: Command `dbt docs generate` failed at 06:10:01.801890 after 0.40 seconds
[0m06:10:01.802162 [debug] [MainThread]: Sending event: {'category': 'dbt', 'action': 'invocation', 'label': 'end', 'context': [<snowplow_tracker.self_describing_json.SelfDescribingJson object at 0x7c2da022c310>, <snowplow_tracker.self_describing_json.SelfDescribingJson object at 0x7c2da0365390>, <snowplow_tracker.self_describing_json.SelfDescribingJson object at 0x7c2da041a110>]}
[0m06:10:01.802372 [debug] [MainThread]: Flushing usage events
